fiscalDateEnding,reportedCurrency,totalAssets,totalCurrentAssets,cashAndCashEquivalentsAtCarryingValue,cashAndShortTermInvestments,inventory,currentNetReceivables,totalNonCurrentAssets,propertyPlantEquipment,accumulatedDepreciationAmortizationPPE,intangibleAssets,intangibleAssetsExcludingGoodwill,goodwill,investments,longTermInvestments,shortTermInvestments,otherCurrentAssets,otherNonCurrentAssets,totalLiabilities,totalCurrentLiabilities,currentAccountsPayable,deferredRevenue,currentDebt,shortTermDebt,totalNonCurrentLiabilities,capitalLeaseObligations,longTermDebt,currentLongTermDebt,longTermDebtNoncurrent,shortLongTermDebtTotal,otherCurrentLiabilities,otherNonCurrentLiabilities,totalShareholderEquity,treasuryStock,retainedEarnings,commonStock,commonStockSharesOutstanding,symbol,period_type,statement_type
2006-06-30,USD,15114000000,11486000000,8013000000,8013000000,213000000.0,1089000000,2623000000,1197000000.0,,37000000.0,37000000.0,38000000.0,,,1163000000,1008000000.0,,5784000000,5023000000,2513000000.0,,,,761000000,,,,,,2510000000,,9330000000,,5065000000,4249000000,24538304000,AAPL,Quarterly,balance
2006-09-30,USD,17205000000,14509000000,6392000000,6392000000,270000000.0,2845000000,2696000000,1281000000.0,794000000.0,139000000.0,139000000.0,38000000.0,,,3718000000,469000000.0,,7221000000,6471000000,3390000000.0,,,1515000000.0,750000000,,,,,,2335000000,,9984000000,,5607000000,4355000000,24570728000,AAPL,Annual,balance
2006-09-30,USD,17205000000,13758000000,6392000000,6392000000,270000000.0,2094000000,2696000000,1281000000.0,,139000000.0,139000000.0,38000000.0,,,3718000000,1284000000.0,,7221000000,6471000000,3390000000.0,,,934000000.0,750000000,,,,,,1801000000,,9984000000,,5607000000,4355000000,24538304000,AAPL,Quarterly,balance
2006-12-31,USD,19461000000,15766000000,7159000000,7159000000,303000000.0,3113000000,2797000000,1362000000.0,,146000000.0,146000000.0,38000000.0,,,4710000000,481000000.0,,8233000000,7337000000,3885000000.0,,,1521000000.0,896000000,,,,,,2528000000,,11228000000,,6611000000,4594000000,24732316000,AAPL,Quarterly,balance
2007-03-31,USD,18711000000,14914000000,7095000000,7095000000,208000000.0,1667000000,2682000000,1409000000.0,,240000000.0,240000000.0,38000000.0,,,5482000000,462000000.0,,6450000000,5485000000,2403000000.0,,,1533000000.0,965000000,,,,,,2160000000,,12261000000,,7381000000,4848000000,24826284000,AAPL,Quarterly,balance
2007-06-30,USD,21647000000,17617000000,7118000000,7118000000,251000000.0,2901000000,2902000000,1626000000.0,,237000000.0,237000000.0,38000000.0,,,6649000000,698000000.0,,8243000000,6992000000,3660000000.0,,,1603000000.0,1251000000,,,,,,2269000000,,13404000000,,8199000000,5149000000,24938788000,AAPL,Quarterly,balance
2007-09-30,USD,25347000000,21956000000,9352000000,9352000000,346000000.0,4029000000,3391000000,1832000000.0,1009000000.0,299000000.0,299000000.0,38000000.0,,,6034000000,996000000.0,,10815000000,9299000000,4970000000.0,,,1805000000.0,1516000000,,,,,,2919000000,,14532000000,,9101000000,5368000000,24900176000,AAPL,Annual,balance
2007-09-30,USD,25347000000,20757000000,9352000000,9352000000,346000000.0,4029000000,3391000000,1832000000.0,,299000000.0,299000000.0,38000000.0,,,6034000000,996000000.0,,10815000000,9299000000,4970000000.0,,,1805000000.0,1516000000,,,,,,2919000000,,14532000000,,9101000000,5368000000,25201512000,AAPL,Quarterly,balance
2007-12-31,USD,30039000000,24779000000,9162000000,9162000000,459000000.0,4422000000,3850000000,1870000000.0,,311000000.0,311000000.0,38000000.0,,,9286000000,1450000000.0,,13235000000,10535000000,5366000000.0,,,1596000000.0,2700000000,,,,,,3074000000,,16804000000,,10684000000,6046000000,25201512000,AAPL,Quarterly,balance
2008-03-31,USD,30471000000,25127000000,9070000000,9070000000,364000000.0,3620000000,3735000000,1962000000.0,,300000000.0,300000000.0,38000000.0,,,10378000000,1695000000.0,,12418000000,9634000000,4154000000.0,,,1743000000.0,2784000000,,,,,,3064000000,,18053000000,,11642000000,6342000000,25181212000,AAPL,Quarterly,balance
2008-06-30,USD,31709000000,26324000000,9373000000,9373000000,545000000.0,3245000000,3711000000,2177000000.0,,291000000.0,291000000.0,38000000.0,,,11401000000,1760000000.0,,12087000000,9218000000,3683000000.0,,,1675000000.0,2869000000,,,,,,2808000000,,19622000000,,12714000000,6831000000,25288676000,AAPL,Quarterly,balance
2008-09-30,USD,39572000000,34690000000,11875000000,11875000000,509000000.0,2422000000,4882000000,2455000000.0,1292000000.0,285000000.0,285000000.0,207000000.0,,,12615000000,5822000000.0,,18542000000,14092000000,5520000000.0,,,2507000000.0,4450000000,,,,,,3719000000,,21030000000,,13845000000,7177000000,25259892000,AAPL,Annual,balance
2008-09-30,USD,39572000000,30837000000,11875000000,11875000000,509000000.0,4704000000,4882000000,2455000000.0,,285000000.0,285000000.0,207000000.0,,,12615000000,1134000000.0,,18542000000,14092000000,5520000000.0,,,2507000000.0,4450000000,,,,,,3719000000,,21030000000,,13845000000,7177000000,25241832000,AAPL,Quarterly,balance
2008-12-31,USD,42787000000,33550000000,7236000000,7236000000,396000000.0,2196000000,7624000000,2580000000.0,,277000000.0,277000000.0,207000000.0,,,18411000000,5311000000.0,,19878000000,14757000000,4715000000.0,,,1390000000.0,5121000000,,,,,,3807000000,,22909000000,,15448000000,7392000000,25241832000,AAPL,Quarterly,balance
2009-03-31,USD,43237000000,29307000000,4466000000,4466000000,312000000.0,3036000000,9384000000,2546000000.0,,268000000.0,268000000.0,207000000.0,,,20547000000,946000000.0,,18926000000,13751000000,3976000000.0,,,1275000000.0,5175000000,,,,,,2761000000,,24311000000,,16653000000,7643000000,25283804000,AAPL,Quarterly,balance
2009-06-30,USD,48140000000,33439000000,5605000000,5605000000,380000000.0,2686000000,12970000000,2653000000.0,,259000000.0,259000000.0,207000000.0,,6899000000.0,18617000000,6151000000.0,,22252000000,16661000000,4854000000.0,,,1280000000.0,5591000000,,0.0,,,,3338000000,1924000000.0,25888000000,0.0,17878000000,7957000000,25456480000,AAPL,Quarterly,balance
2009-09-30,USD,53851000000,36265000000,5263000000,5263000000,455000000.0,3361000000,17586000000,2954000000.0,1713000000.0,247000000.0,247000000.0,206000000.0,,10528000000.0,18201000000,6884000000.0,,26019000000,19282000000,5601000000.0,,,1948000000.0,6737000000,,,,,,3376000000,3502000000.0,27832000000,0.0,19538000000,8210000000,25396140000,AAPL,Annual,balance
2009-09-30,USD,53851000000,34164000000,5263000000,5263000000,455000000.0,3361000000,17586000000,2954000000.0,,247000000.0,247000000.0,206000000.0,,10528000000.0,18201000000,6884000000.0,,26019000000,19282000000,5601000000.0,,,1948000000.0,6737000000,,0.0,,,,3376000000,3502000000.0,27832000000,0.0,19538000000,8210000000,25602472000,AAPL,Quarterly,balance
2009-12-31,USD,53926000000,31920000000,7609000000,7609000000,576000000.0,4881000000,20594000000,3115000000.0,,241000000.0,241000000.0,253000000.0,,15024000000.0,17187000000,1667000000.0,,18158000000,13097000000,6511000000.0,,,1713000000.0,5061000000,,0.0,,,,3996000000,4139000000.0,35768000000,0.0,26695000000,8962000000,25753924000,AAPL,Quarterly,balance
2010-03-31,USD,57057000000,31194000000,10018000000,10018000000,638000000.0,2886000000,24721000000,3504000000.0,,263000000.0,263000000.0,480000000.0,,18549000000.0,13137000000,4515000000.0,,17709000000,12229000000,5666000000.0,,,1829000000.0,5480000000,,0.0,,,,4021000000,4539000000.0,39348000000,0.0,29670000000,9553000000,25840584000,AAPL,Quarterly,balance
2010-06-30,USD,64725000000,34817000000,9705000000,9705000000,942000000.0,6399000000,28692000000,3990000000.0,,318000000.0,318000000.0,714000000.0,,21551000000.0,14583000000,3188000000.0,,21614000000,15612000000,8469000000.0,,,1927000000.0,6002000000,,0.0,,,,4452000000,4981000000.0,43111000000,0.0,32870000000,10133000000,25966108000,AAPL,Quarterly,balance
2010-09-30,USD,75183000000,41678000000,11261000000,11261000000,1051000000.0,5510000000,33505000000,4768000000.0,2466000000.0,342000000.0,342000000.0,741000000.0,,25391000000.0,14359000000,3447000000.0,,27392000000,20722000000,12015000000.0,,,2466000000.0,6670000000,,,,,,5723000000,5531000000.0,47791000000,0.0,37169000000,10668000000,25891936000,AAPL,Annual,balance
2010-09-30,USD,75183000000,40042000000,11261000000,11261000000,1051000000.0,9924000000,33505000000,4768000000.0,,342000000.0,342000000.0,741000000.0,,25391000000.0,14359000000,3447000000.0,,27392000000,20722000000,12015000000.0,,,2466000000.0,6670000000,,0.0,,,,5723000000,5531000000.0,47791000000,0.0,37169000000,10668000000,26128312000,AAPL,Quarterly,balance
2010-12-31,USD,86742000000,42203000000,10734000000,10734000000,885000000.0,10874000000,42815000000,5868000000.0,,522000000.0,522000000.0,741000000.0,,32730000000.0,16243000000,3467000000.0,,32076000000,23795000000,14301000000.0,,,2769000000.0,8281000000,,0.0,,,,5953000000,7065000000.0,54666000000,0.0,43050000000,11502000000,26128312000,AAPL,Quarterly,balance
2011-03-31,USD,94904000000,45314000000,15978000000,15978000000,930000000.0,11095000000,47907000000,6241000000.0,,507000000.0,507000000.0,741000000.0,,36533000000.0,13256000000,4055000000.0,,33427000000,24327000000,13714000000.0,,,4272000000.0,9100000000,,0.0,,,,7022000000,7870000000.0,61477000000,0.0,49025000000,12326000000,26206432000,AAPL,Quarterly,balance
2011-06-30,USD,106758000000,45006000000,12091000000,12091000000,889000000.0,11471000000,59860000000,6749000000.0,,1169000000.0,1169000000.0,741000000.0,,47761000000.0,16304000000,4251000000.0,,37415000000,26859000000,15270000000.0,,,,10556000000,,0.0,,,,7597000000,9149000000.0,69343000000,0.0,56239000000,12715000000,26258680000,AAPL,Quarterly,balance
2011-09-30,USD,116371000000,44988000000,9815000000,9815000000,776000000.0,5369000000,71383000000,7777000000.0,3991000000.0,3536000000.0,3536000000.0,896000000.0,,55618000000.0,16137000000,4529000000.0,,39756000000,27970000000,14632000000.0,,,5606000000.0,11786000000,,,,,,9247000000,10100000000.0,76615000000,0.0,62841000000,13331000000,26226060000,AAPL,Annual,balance
2011-09-30,USD,116371000000,42974000000,9815000000,9815000000,776000000.0,11717000000,71383000000,7777000000.0,,3536000000.0,3536000000.0,896000000.0,,55618000000.0,16137000000,4529000000.0,,39756000000,27970000000,14632000000.0,,,5606000000.0,11786000000,,0.0,,,,9247000000,10100000000.0,76615000000,0.0,62841000000,13331000000,26306476000,AAPL,Quarterly,balance
2011-12-31,USD,138681000000,52834000000,10310000000,10310000000,1236000000.0,16484000000,83910000000,7816000000.0,,3472000000.0,3472000000.0,896000000.0,,67445000000.0,19846000000,4958000000.0,,48627000000,34607000000,18221000000.0,,,6895000000.0,14020000000,,0.0,,,,11500000000,11833000000.0,90054000000,0.0,75709000000,13961000000,26364016000,AAPL,Quarterly,balance
2012-03-31,USD,150934000000,48459000000,10121000000,10121000000,1102000000.0,13769000000,100222000000,8847000000.0,,3604000000.0,3604000000.0,1141000000.0,,81638000000.0,18417000000,5050000000.0,,48436000000,32036000000,17011000000.0,,,5835000000.0,16400000000,,0.0,,,,9778000000,13954000000.0,102498000000,0.0,87124000000,14850000000,26457004000,AAPL,Quarterly,balance
2012-06-30,USD,162896000000,49634000000,7945000000,7945000000,1122000000.0,14298000000,110953000000,10487000000.0,,4329000000.0,4329000000.0,1132000000.0,,89567000000.0,19709000000,6560000000.0,,51150000000,33060000000,16808000000.0,,,5788000000.0,18090000000,,0.0,,,,10430000000,15560000000.0,111746000000,0.0,95641000000,15573000000,26517652000,AAPL,Quarterly,balance
2012-09-30,USD,176064000000,57653000000,10746000000,10746000000,791000000.0,5551000000,118411000000,15452000000.0,6435000000.0,4224000000.0,4224000000.0,1135000000.0,,92122000000.0,18383000000,6458000000.0,,57854000000,38542000000,21175000000.0,,,6310000000.0,19312000000,,,,,,11414000000,16664000000.0,118210000000,0.0,101289000000,16422000000,26469940000,AAPL,Annual,balance
2012-09-30,USD,176064000000,55070000000,10746000000,10746000000,791000000.0,18692000000,118411000000,15452000000.0,,4224000000.0,4224000000.0,1135000000.0,,92122000000.0,18383000000,6458000000.0,,57854000000,38542000000,21175000000.0,,,6310000000.0,19312000000,,0.0,,,,11414000000,16664000000.0,118210000000,0.0,101289000000,16422000000,26549208000,AAPL,Quarterly,balance
2012-12-31,USD,196088000000,69453000000,16154000000,16154000000,1455000000.0,21534000000,123740000000,15422000000.0,,4462000000.0,4462000000.0,1381000000.0,,97292000000.0,23666000000,6644000000.0,,68742000000,46879000000,26398000000.0,,,7461000000.0,21863000000,,0.0,,,,13207000000,18925000000.0,127346000000,0.0,109567000000,17167000000,26522076000,AAPL,Quarterly,balance
2013-03-31,USD,194743000000,60095000000,12053000000,12053000000,1245000000.0,13336000000,131406000000,15026000000.0,,4136000000.0,4136000000.0,1400000000.0,,105550000000.0,27084000000,6377000000.0,,59253000000,35508000000,14912000000.0,,,7629000000.0,23745000000,,0.0,,,,13331000000,20868000000.0,135490000000,0.0,116572000000,17954000000,26488980000,AAPL,Quarterly,balance
2013-06-30,USD,199856000000,65026000000,11248000000,11248000000,1697000000.0,13453000000,131637000000,16327000000.0,,4353000000.0,4353000000.0,1522000000.0,,104014000000.0,31358000000,7270000000.0,,76502000000,36319000000,15516000000.0,,,7420000000.0,40183000000,,16958000000.0,,,16958000000.0,13470000000,20553000000.0,123354000000,0.0,104564000000,19024000000,25879420000,AAPL,Quarterly,balance
2013-09-30,USD,207000000000,73286000000,14259000000,14259000000,1764000000.0,2172000000,133714000000,16597000000.0,11922000000.0,4179000000.0,4179000000.0,1577000000.0,,106215000000.0,26287000000,6882000000.0,,83451000000,43658000000,22367000000.0,,,7679000000.0,39793000000,,16960000000.0,,,16960000000.0,13856000000,20208000000.0,123549000000,0.0,104256000000,19764000000,26086536000,AAPL,Annual,balance
2013-09-30,USD,207000000000,69833000000,14259000000,14259000000,1764000000.0,20641000000,133714000000,16597000000.0,,4179000000.0,4179000000.0,1577000000.0,,106215000000.0,26287000000,6882000000.0,,83451000000,43658000000,22367000000.0,,,7679000000.0,39793000000,,16960000000.0,,,16960000000.0,13856000000,20208000000.0,123549000000,0.0,104256000000,19764000000,25455668000,AAPL,Quarterly,balance
2013-12-31,USD,225184000000,76605000000,14077000000,14077000000,2122000000.0,25198000000,144837000000,15488000000.0,,4105000000.0,4105000000.0,2022000000.0,,118131000000.0,26634000000,8574000000.0,,95500000000,53769000000,29588000000.0,,,9683000000.0,41731000000,,16961000000.0,,,16961000000.0,15824000000,21699000000.0,129684000000,0.0,109431000000,20559000000,25240656000,AAPL,Quarterly,balance
2014-03-31,USD,205989000000,66527000000,18949000000,18949000000,1829000000.0,15820000000,135448000000,15120000000.0,,3928000000.0,3928000000.0,2055000000.0,,109239000000.0,22401000000,7528000000.0,,85810000000,43208000000,18914000000.0,,,10056000000.0,42602000000,,16962000000.0,,,16962000000.0,15984000000,22476000000.0,120179000000,0.0,98934000000,21496000000,24626784000,AAPL,Quarterly,balance
2014-06-30,USD,222520000000,64065000000,12977000000,12977000000,1594000000.0,16841000000,154571000000,17585000000.0,,3767000000.0,3767000000.0,2374000000.0,,126685000000.0,24828000000,7825000000.0,,101580000000,46205000000,20535000000.0,,,2010000000.0,55375000000,,29030000000.0,,,31040000000.0,15264000000,23287000000.0,120940000000,0.0,98715000000,22139000000,24206844000,AAPL,Quarterly,balance
2014-09-30,USD,231839000000,68531000000,13844000000,13844000000,2111000000.0,4232000000,163308000000,20624000000.0,18391000000.0,4142000000.0,4142000000.0,4616000000.0,,130162000000.0,11233000000,9806000000.0,,120292000000,63448000000,30196000000.0,,,6308000000.0,56844000000,,28987000000.0,35295000000.0,,35295000000.0,18453000000,24826000000.0,111547000000,0.0,87152000000,23313000000,24490652000,AAPL,Annual,balance
2014-09-30,USD,231839000000,64213000000,13844000000,13844000000,2111000000.0,27219000000,163308000000,20624000000.0,,4142000000.0,4142000000.0,4616000000.0,,130162000000.0,11233000000,9806000000.0,,120292000000,63448000000,30196000000.0,,,6308000000.0,56844000000,,28987000000.0,35295000000.0,,35295000000.0,18453000000,24826000000.0,111547000000,0.0,87152000000,23313000000,23888328000,AAPL,Quarterly,balance
2014-12-31,USD,261894000000,78357000000,19478000000,19478000000,2283000000.0,29976000000,178491000000,20392000000.0,,4370000000.0,4370000000.0,4629000000.0,,145492000000.0,12985000000,13635000000.0,,138566000000,73611000000,38001000000.0,,,3899000000.0,64955000000,,32504000000.0,,,36403000000.0,22724000000,28971000000.0,123328000000,0.0,97178000000,24187000000,23527212000,AAPL,Quarterly,balance
2015-03-31,USD,261194000000,62750000000,14489000000,14489000000,2396000000.0,18164000000,193303000000,20151000000.0,,4061000000.0,4061000000.0,4711000000.0,,160443000000.0,18607000000,9094000000.0,,132188000000,58729000000,23159000000.0,,,3799000000.0,73459000000,,40072000000.0,,,43871000000.0,22827000000,29816000000.0,129006000000,0.0,100920000000,25376000000,23339432000,AAPL,Quarterly,balance
2015-06-30,USD,273151000000,65943000000,15319000000,15319000000,2042000000.0,19907000000,202198000000,21149000000.0,,3779000000.0,3779000000.0,5044000000.0,,168145000000.0,19384000000,9291000000.0,,147474000000,65285000000,26474000000.0,,,6999000000.0,82189000000,,47419000000.0,,,54418000000.0,22724000000,31296000000.0,125677000000,0.0,98252000000,26327000000,23092396000,AAPL,Quarterly,balance
2015-09-30,USD,290479000000,89378000000,21120000000,21120000000,2349000000.0,30343000000,201101000000,22471000000.0,26786000000.0,3893000000.0,3893000000.0,5116000000.0,,164065000000.0,20481000000,9539000000.0,,171124000000,80610000000,35490000000.0,,,10999000000.0,90514000000,,53463000000.0,2513000000.0,,64462000000.0,25181000000,33427000000.0,119355000000,0.0,92284000000,27416000000,23172276000,AAPL,Annual,balance
2015-09-30,USD,290479000000,83832000000,21120000000,21120000000,2349000000.0,30343000000,201101000000,22471000000.0,,3893000000.0,3893000000.0,5116000000.0,,164065000000.0,20481000000,9539000000.0,,171124000000,80610000000,35490000000.0,,,10999000000.0,90514000000,,53463000000.0,2513000000.0,,64462000000.0,25181000000,33427000000.0,119355000000,0.0,92284000000,27416000000,22730076000,AAPL,Quarterly,balance
2015-12-31,USD,293284000000,76219000000,16689000000,16689000000,2451000000.0,24621000000,217065000000,22300000000.0,,3924000000.0,3924000000.0,5202000000.0,,177665000000.0,21385000000,11073000000.0,,165017000000,76092000000,33312000000.0,,,9759000000.0,88925000000,,53204000000.0,,,62963000000.0,24032000000,32175000000.0,128267000000,0.0,101494000000,28253000000,22376508000,AAPL,Quarterly,balance
2016-03-31,USD,305277000000,87592000000,21514000000,21514000000,2281000000.0,19824000000,217685000000,23203000000.0,,3843000000.0,3843000000.0,5249000000.0,,177645000000.0,33769000000,10204000000.0,,174820000000,68265000000,25098000000.0,,,10498000000.0,106555000000,,69374000000.0,10498000000.0,,79872000000.0,23208000000,33859000000.0,130457000000,0.0,102021000000,29484000000,22163544000,AAPL,Quarterly,balance
2016-06-30,USD,305602000000,93761000000,18237000000,18237000000,1831000000.0,19042000000,211841000000,25448000000.0,,3506000000.0,3506000000.0,5261000000.0,,169764000000.0,43519000000,11132000000.0,,179061000000,71486000000,26318000000.0,,,15996000000.0,107575000000,,68939000000.0,15996000000.0,,84935000000.0,20820000000,35572000000.0,126541000000,0.0,96542000000,30106000000,21891124000,AAPL,Quarterly,balance
2016-09-30,USD,321686000000,106869000000,20484000000,20484000000,2132000000.0,29299000000,214817000000,27010000000.0,34235000000.0,3206000000.0,3206000000.0,5414000000.0,,170430000000.0,46671000000,8283000000.0,,193437000000,79006000000,37294000000.0,,,11605000000.0,114431000000,,75427000000.0,11605000000.0,,87032000000.0,22027000000,36074000000.0,128249000000,,96364000000,31251000000,22001124000,AAPL,Annual,balance
2016-09-30,USD,321686000000,106869000000,20484000000,20484000000,2132000000.0,29299000000,214817000000,27010000000.0,,3206000000.0,3206000000.0,5414000000.0,,170430000000.0,46671000000,8283000000.0,,193437000000,79006000000,37294000000.0,,,11605000000.0,114431000000,,75427000000.0,3500000000.0,,87032000000.0,22027000000,36074000000.0,128249000000,0.0,96364000000,31251000000,21573332000,AAPL,Quarterly,balance
2016-12-31,USD,331141000000,103332000000,16371000000,16371000000,2712000000.0,27977000000,227809000000,26510000000.0,,2848000000.0,2848000000.0,5423000000.0,,185638000000.0,44081000000,12191000000.0,,198751000000,84130000000,38510000000.0,,,13992000000.0,114621000000,,73557000000.0,13992000000.0,,87549000000.0,23739000000,37901000000.0,132390000000,0.0,100001000000,32144000000,21311980000,AAPL,Quarterly,balance
2017-03-31,USD,334532000000,101990000000,15157000000,15157000000,2910000000.0,20612000000,232542000000,27163000000.0,,2617000000.0,2617000000.0,5473000000.0,,189740000000.0,51944000000,11367000000.0,,200450000000,73342000000,28573000000.0,,,13991000000.0,127108000000,,84531000000.0,13991000000.0,,98522000000.0,23096000000,39470000000.0,134082000000,0.0,100925000000,33579000000,21046752000,AAPL,Quarterly,balance
2017-06-30,USD,345173000000,112875000000,18571000000,18571000000,3146000000.0,22632000000,232298000000,29286000000.0,,2444000000.0,2444000000.0,5661000000.0,,184757000000.0,58188000000,10338000000.0,,212748000000,81302000000,31915000000.0,,,18475000000.0,131446000000,,89864000000.0,108603000000.0,,108339000000.0,23304000000,38598000000.0,132425000000,0.0,98525000000,34445000000,20933996000,AAPL,Quarterly,balance
2017-09-30,USD,375319000000,128645000000,20289000000,20289000000,4855000000.0,35673000000,246674000000,33783000000.0,41293000000.0,2298000000.0,2298000000.0,5717000000.0,,194714000000.0,53892000000,13936000000.0,,241272000000,100814000000,44242000000.0,,,18473000000.0,140458000000,,97207000000.0,18473000000.0,,115680000000.0,25744000000,40415000000.0,134047000000,0.0,98330000000,35867000000,21006768000,AAPL,Annual,balance
2017-09-30,USD,375319000000,128645000000,20289000000,20289000000,4855000000.0,35673000000,246674000000,33783000000.0,,2298000000.0,2298000000.0,5717000000.0,,194714000000.0,53892000000,13936000000.0,,241272000000,100814000000,49049000000.0,,,18473000000.0,140458000000,,97207000000.0,6496000000.0,,115680000000.0,25744000000,40415000000.0,134047000000,0.0,98330000000,35867000000,20734340000,AAPL,Quarterly,balance
2017-12-31,USD,406794000000,143810000000,27491000000,27491000000,4421000000.0,50899000000,262984000000,33679000000.0,,2149000000.0,2149000000.0,5889000000.0,,207944000000.0,49662000000,11337000000.0,,266595000000,115788000000,62985000000.0,,,18478000000.0,150807000000,,103922000000.0,6498000000.0,,122400000000.0,26281000000,43754000000.0,140199000000,0.0,104593000000,36447000000,20631148000,AAPL,Quarterly,balance
2018-03-31,USD,367502000000,130053000000,45059000000,45059000000,7662000000.0,22408000000,237449000000,35077000000.0,,,,0.0,,179286000000.0,42881000000,12043000000.0,,240624000000,89320000000,34311000000.0,,,20478000000.0,151304000000,,101362000000.0,8498000000.0,,121840000000.0,26756000000,46855000000.0,126878000000,0.0,91898000000,38044000000,20273972000,AAPL,Quarterly,balance
2018-06-30,USD,349197000000,115761000000,31971000000,31971000000,5936000000.0,26367000000,233436000000,38117000000.0,,,,0.0,,172773000000.0,38999000000,12488000000.0,,234248000000,88548000000,38489000000.0,,,17472000000.0,145700000000,,97128000000.0,5498000000.0,,114600000000.0,25184000000,45694000000.0,114949000000,0.0,79436000000,38624000000,19706436000,AAPL,Quarterly,balance
2018-09-30,USD,365725000000,131339000000,25913000000,25913000000,3956000000.0,23186000000,234386000000,41304000000.0,49099000000.0,,,,,170799000000.0,40388000000,12087000000.0,,258578000000,116866000000,55888000000.0,,,20748000000.0,141712000000,,93735000000.0,20748000000.0,,114483000000.0,32687000000,11165000000.0,107147000000,,70400000000,40201000000,20000436000,AAPL,Annual,balance
2018-09-30,USD,365725000000,131339000000,25913000000,25913000000,3956000000.0,48995000000,234386000000,41304000000.0,,,,0.0,,170799000000.0,40388000000,12087000000.0,,258578000000,116866000000,55888000000.0,,,20748000000.0,141712000000,,93735000000.0,8784000000.0,,114483000000.0,32687000000,45180000000.0,107147000000,0.0,70400000000,40201000000,19390188000,AAPL,Quarterly,balance
2018-12-31,USD,373719000000,140828000000,44771000000,44771000000,4988000000.0,36981000000,232891000000,39597000000.0,,,,,,158608000000.0,41656000000,12432000000.0,,255827000000,108283000000,44293000000.0,,,21741000000.0,147544000000,,92989000000.0,9772000000.0,,114730000000.0,36703000000,54555000000.0,117892000000,,80510000000,40970000000,19093008000,AAPL,Quarterly,balance
2019-03-31,USD,341998000000,123346000000,37988000000,37988000000,4884000000.0,26278000000,218652000000,38746000000.0,,,,,,145319000000.0,42104000000,12092000000.0,,236138000000,93772000000,30443000000.0,,,22429000000.0,142366000000,,90201000000.0,22429000000.0,,112630000000.0,35368000000,52165000000.0,105860000000,,64558000000,42801000000,18802584000,AAPL,Quarterly,balance
2019-06-30,USD,322239000000,134973000000,50530000000,50530000000,3355000000.0,26474000000,187266000000,37636000000.0,,,,,,115996000000.0,44084000000,10530000000.0,,225783000000,89704000000,29115000000.0,,,23482000000.0,136079000000,,84936000000.0,23482000000.0,,108418000000.0,31673000000,51143000000.0,96456000000,,53724000000,43371000000,18405520000,AAPL,Quarterly,balance
2019-09-30,USD,338516000000,162819000000,48844000000,48844000000,4106000000.0,22926000000,175697000000,37378000000.0,58579000000.0,,,,,105341000000.0,51713000000,12352000000.0,,248028000000,105718000000,46236000000.0,,,16240000000.0,142310000000,,91807000000.0,16240000000.0,,108047000000.0,37720000000,20958000000.0,90488000000,,45898000000,45174000000,18595652000,AAPL,Annual,balance
2019-09-30,USD,338516000000,162819000000,48844000000,48844000000,4106000000.0,45804000000,175697000000,37378000000.0,,,,,,105341000000.0,51713000000,12352000000.0,,248028000000,105718000000,46236000000.0,,,16240000000.0,142310000000,,91807000000.0,16240000000.0,,108047000000.0,37720000000,50503000000.0,90488000000,,45898000000,45174000000,18081492000,AAPL,Quarterly,balance
2019-12-31,USD,340618000000,163231000000,39771000000,39771000000,4097000000.0,39946000000,177387000000,37031000000.0,,,,,,99899000000.0,67391000000,12026000000.0,,251087000000,102161000000,45111000000.0,,,15214000000.0,148926000000,,93078000000.0,15214000000.0,,108292000000.0,36263000000,55848000000.0,89531000000,,43977000000,45972000000,17818416000,AAPL,Quarterly,balance
2020-03-31,USD,320400000000,143753000000,40174000000,40174000000,3334000000.0,30677000000,176647000000,35889000000.0,,,,,,98793000000.0,53877000000,15691000000.0,,241975000000,96094000000,32421000000.0,,,20421000000.0,145881000000,,89086000000.0,20421000000.0,,109507000000.0,37324000000,56795000000.0,78425000000,,33182000000,48032000000,17618764000,AAPL,Quarterly,balance
2020-06-30,USD,317344000000,140065000000,33383000000,33383000000,3978000000.0,32075000000,177279000000,35687000000.0,,,,,,100592000000.0,59642000000,10987000000.0,,245062000000,95318000000,35325000000.0,,,18675000000.0,149744000000,,94048000000.0,18675000000.0,,112723000000.0,35005000000,55696000000.0,72282000000,,24136000000,48696000000,17419152000,AAPL,Quarterly,balance
2020-09-30,USD,323888000000,143713000000,38016000000,38016000000,4061000000.0,16120000000,180175000000,36766000000.0,66760000000.0,,,,,100887000000.0,52927000000,11264000000.0,,258549000000,105392000000,42296000000.0,,,13769000000.0,153157000000,9842000000.0,98667000000.0,13769000000.0,,112436000000.0,42684000000,26320000000.0,65339000000,,14966000000,50779000000,17528214000,AAPL,Annual,balance
2020-09-30,USD,323888000000,143713000000,38016000000,38016000000,4061000000.0,37445000000,180175000000,36766000000.0,,,,,,100887000000.0,52927000000,11264000000.0,,258549000000,105392000000,42296000000.0,,,13769000000.0,153157000000,,98667000000.0,13769000000.0,,112436000000.0,42684000000,26320000000.0,65339000000,,14966000000,50779000000,17256521000,AAPL,Quarterly,balance
2020-12-31,USD,354054000000,154106000000,36010000000,36010000000,4973000000.0,58620000000,199948000000,37933000000.0,,,,,,118745000000.0,40816000000,13687000000.0,,287830000000,132507000000,63846000000.0,,,12762000000.0,155323000000,,99281000000.0,12762000000.0,,112043000000.0,48504000000,27872000000.0,66224000000,,14301000000,51744000000,17113688000,AAPL,Quarterly,balance
2021-03-31,USD,337158000000,121465000000,38466000000,38466000000,5219000000.0,33036000000,215693000000,37815000000.0,,,,,,134539000000.0,31368000000,13376000000.0,,267980000000,106385000000,40127000000.0,,,13003000000.0,161595000000,,108642000000.0,13003000000.0,,121645000000.0,45660000000,27791000000.0,69178000000,,15261000000,54203000000,16929157000,AAPL,Quarterly,balance
2021-06-30,USD,329840000000,114423000000,34050000000,34050000000,5178000000.0,33908000000,215417000000,38615000000.0,,,,,,131948000000.0,27646000000,13641000000.0,,265560000000,107754000000,40409000000.0,,,16039000000.0,157806000000,,105752000000.0,16039000000.0,,121791000000.0,43625000000,27131000000.0,64280000000,,9233000000,54989000000,16781735000,AAPL,Quarterly,balance
2021-09-30,USD,351002000000,134836000000,34940000000,34940000000,6580000000.0,26278000000,216166000000,39440000000.0,70283000000.0,,,,,127877000000.0,27699000000,14111000000.0,,287912000000,125481000000,54763000000.0,,,15613000000.0,162431000000,11803000000.0,109106000000.0,15613000000.0,,124719000000.0,47493000000,28636000000.0,63090000000,,5562000000,57365000000,16864919000,AAPL,Annual,balance
2021-09-30,USD,351002000000,134836000000,34940000000,34940000000,6580000000.0,51506000000,216166000000,39440000000.0,,,,,,127877000000.0,27699000000,14111000000.0,,287912000000,125481000000,54763000000.0,,,15613000000.0,162431000000,,109106000000.0,15613000000.0,,124719000000.0,47493000000,28636000000.0,63090000000,,5562000000,57365000000,16635097000,AAPL,Quarterly,balance
2021-12-31,USD,381191000000,153154000000,37119000000,37119000000,5876000000.0,65253000000,228037000000,39245000000.0,,,,,,138683000000.0,26794000000,18112000000.0,,309259000000,147574000000,74362000000.0,,,16169000000.0,161685000000,,106629000000.0,16169000000.0,,122798000000.0,7926000000,55056000000.0,71932000000,,14435000000,58424000000,16519291000,AAPL,Quarterly,balance
2022-03-31,USD,350662000000,118180000000,28098000000,28098000000,5460000000.0,45400000000,232482000000,39304000000.0,,,,,,141219000000.0,23413000000,15809000000.0,,283263000000,127508000000,52682000000.0,,,16658000000.0,155755000000,,103323000000.0,16658000000.0,,119981000000.0,50248000000,52432000000.0,67399000000,,12712000000,61181000000,16519291000,AAPL,Quarterly,balance
2022-06-30,USD,336309000000,112292000000,27502000000,27502000000,5433000000.0,42242000000,224017000000,40335000000.0,,,,,,131077000000.0,20729000000,16386000000.0,,278202000000,129873000000,48343000000.0,,,24991000000.0,148329000000,,94700000000.0,24991000000.0,,119691000000.0,48811000000,53629000000.0,58107000000,,5289000000,62115000000,16262203000,AAPL,Quarterly,balance
2022-09-30,USD,352755000000,135405000000,23646000000,23646000000,4946000000.0,28184000000,217350000000,42117000000.0,72340000000.0,,,,,120805000000.0,24658000000,21223000000.0,,302083000000,153982000000,64115000000.0,,,21110000000.0,148101000000,12411000000.0,98959000000.0,21110000000.0,,120881000000.0,60845000000,49142000000.0,50672000000,,-3068000000,64849000000,16325819000,AAPL,Annual,balance
2022-09-30,USD,352755000000,135405000000,23646000000,23646000000,4946000000.0,60932000000,217350000000,42117000000.0,72340000000.0,,,,,120805000000.0,24658000000,21223000000.0,,302083000000,153982000000,64115000000.0,,,21110000000.0,148101000000,,98959000000.0,21110000000.0,,120069000000.0,60845000000,49142000000.0,50672000000,,-3068000000,64849000000,16118465000,AAPL,Quarterly,balance
2022-12-31,USD,346747000000,128777000000,20535000000,20535000000,6820000000.0,54180000000,217970000000,42951000000.0,68044000000.0,,,,,114095000000.0,30820000000,16422000000.0,,290020000000,137286000000,57918000000.0,,,11483000000.0,152734000000,,99627000000.0,11483000000.0,,111110000000.0,59893000000,53107000000.0,56727000000,,3240000000,66399000000,15955718000,AAPL,Quarterly,balance
2023-03-31,USD,332160000000,112913000000,24687000000,24687000000,7482000000.0,35899000000,219247000000,43398000000.0,69668000000.0,,,,,110461000000.0,31185000000,13660000000.0,,270002000000,120075000000,42945000000.0,,,12574000000.0,149927000000,,97041000000.0,12574000000.0,,109615000000.0,56425000000,52886000000.0,62158000000,,4336000000,69568000000,15847050000,AAPL,Quarterly,balance
2023-06-30,USD,335038000000,122659000000,28408000000,28408000000,7351000000.0,39186000000,212379000000,43550000000.0,70787000000.0,,,,,104061000000.0,34074000000,13640000000.0,,274764000000,124963000000,46699000000.0,,,11209000000.0,149801000000,,98071000000.0,11209000000.0,,109280000000.0,58897000000,51730000000.0,60274000000,,1408000000,70667000000,15775021000,AAPL,Quarterly,balance
2023-09-30,USD,352583000000,143566000000,29965000000,29965000000,6331000000.0,29508000000,209017000000,43715000000.0,,,,,,100544000000.0,31590000000,14695000000.0,,290437000000,145308000000,62611000000.0,,,15807000000.0,145129000000,12842000000.0,95281000000.0,15807000000.0,,111947000000.0,58829000000,49848000000.0,62146000000,,-214000000,73812000000,15812547000,AAPL,Annual,balance
2023-09-30,USD,352583000000,143566000000,29965000000,29965000000,6331000000.0,60985000000,209017000000,43715000000.0,,,,,,100544000000.0,31590000000,14695000000.0,,290437000000,145308000000,62611000000.0,,,17382000000.0,145129000000,12842000000.0,95281000000.0,15807000000.0,,123930000000.0,48435000000,49848000000.0,62146000000,,-214000000,73812000000,15672400000,AAPL,Quarterly,balance
2023-12-31,USD,353514000000,143692000000,40760000000,40760000000,6511000000.0,50102000000,209822000000,54380000000.0,,,,,,99475000000.0,32340000000,13979000000.0,,279414000000,133973000000,58146000000.0,,,12952000000.0,145441000000,,95088000000.0,12952000000.0,,108040000000.0,54611000000,50353000000.0,74100000000,,8242000000,75236000000,15576641000,AAPL,Quarterly,balance
2024-03-31,USD,337411000000,128416000000,32695000000,32695000000,6232000000.0,41150000000,208995000000,43670000000.0,,,,,,95187000000.0,34455000000,13884000000.0,,263217000000,123822000000,45753000000.0,,,12759000000.0,139395000000,,91831000000.0,12759000000.0,,104590000000.0,57298000000,47564000000.0,74194000000,,4339000000,78815000000,15464709000,AAPL,Quarterly,balance
2024-06-30,USD,331612000000,125435000000,25565000000,25565000000,6165000000.0,43172000000,206177000000,43550000000.0,,,,,,91240000000.0,36236000000,14297000000.0,,264904000000,131624000000,47574000000.0,,,15108000000.0,133280000000,,86196000000.0,15108000000.0,,101304000000.0,60889000000,47084000000.0,66708000000,,-4726000000,79850000000,15348175000,AAPL,Quarterly,balance
2024-09-30,USD,364980000000,152987000000,29943000000,29943000000,7286000000.0,66243000000,211993000000,55914000000.0,,,,,,91479000000.0,35228000000,14287000000.0,,308030000000,176392000000,68960000000.0,,,22511000000.0,131638000000,,85750000000.0,20879000000.0,,119059000000.0,50071000000,36634000000.0,56950000000,,-19154000000,83276000000,15408095000,AAPL,Annual,balance
2024-09-30,USD,364980000000,152987000000,29943000000,29943000000,7286000000.0,66243000000,211993000000,45680000000.0,,,,,,91479000000.0,35228000000,14287000000.0,,308030000000,176392000000,68960000000.0,,,22511000000.0,131638000000,,85750000000.0,20879000000.0,,106629000000.0,50071000000,36634000000.0,56950000000,,-19154000000,83276000000,15408095000,AAPL,Quarterly,balance
2024-12-31,USD,344085000000,133240000000,30299000000,30299000000,6911000000.0,59306000000,210845000000,46069000000.0,,,,,,87593000000.0,23476000000,13248000000.0,,277327000000,144365000000,61910000000.0,,,12843000000.0,132962000000,,83956000000.0,12843000000.0,,96799000000.0,61151000000,49006000000.0,66758000000,,-11221000000,84768000000,15150865000,AAPL,Quarterly,balance
2025-03-31,USD,331233000000,118674000000,28162000000,28162000000,6269000000.0,49798000000,212559000000,46876000000.0,,,,,,84424000000.0,20336000000,14109000000.0,,264437000000,144571000000,54126000000.0,,,19620000000.0,119866000000,,78566000000.0,19620000000.0,,98186000000.0,61849000000,41300000000.0,66796000000,,-15552000000,88711000000,15056133000,AAPL,Quarterly,balance
2025-06-30,USD,331495000000,122491000000,36269000000,36269000000,5925000000.0,46835000000,209004000000,48508000000.0,,,,,,77614000000.0,24907000000,14359000000.0,,265665000000,141120000000,50374000000.0,,,19268000000.0,124545000000,,82430000000.0,19268000000.0,,101698000000.0,62499000000,42115000000.0,65830000000,,-17607000000,89806000000,14948179000,AAPL,Quarterly,balance
2025-09-30,USD,359241000000,147957000000,35934000000,35934000000,5718000000.0,72957000000,211284000000,61039000000.0,,,,,,77723000000.0,18763000000,14585000000.0,,285508000000,165631000000,69860000000.0,,,22446000000.0,119877000000,,78328000000.0,20329000000.0,,112377000000.0,64270000000,41549000000.0,73733000000,,-14264000000,93568000000,15004697000,AAPL,Annual,balance
2025-09-30,USD,359241000000,147957000000,35934000000,35934000000,5718000000.0,72957000000,211284000000,49834000000.0,,,,,,77723000000.0,18763000000,14585000000.0,,285508000000,165631000000,69860000000.0,,,22446000000.0,119877000000,,78328000000.0,20329000000.0,,112377000000.0,64270000000,41549000000.0,73733000000,,-14264000000,93568000000,15004697000,AAPL,Quarterly,balance
2025-12-31,USD,379297000000,158104000000,45317000000,45317000000,5875000000.0,70320000000,221193000000,50159000000.0,,,,,,77888000000.0,21590000000,15002000000.0,,291107000000,162367000000,70587000000.0,,,13824000000.0,128740000000,,76685000000.0,13824000000.0,,90509000000.0,68543000000,52055000000.0,88190000000,,-2177000000,95221000000,14810356000,AAPL,Quarterly,balance
2026-03-31,USD,371082000000,144114000000,36328000000,36328000000,6747000000.0,53511000000,226968000000,,,21334000000.0,21334000000.0,,,78088000000.0,32179000000,15349000000.0,,264591000000,134641000000,57349000000.0,,,10307000000.0,129950000000,,74404000000.0,10307000000.0,,84711000000.0,57654000000,55546000000.0,106491000000,,12359000000,99507000000,14768115000,AAPL,Quarterly,balance
2026-06-30,USD,383266000000,149818000000,39544000000,39544000000,11092000000.0,58907000000,233448000000,,,20342000000.0,20342000000.0,,,84118000000.0,22855000000,17420000000.0,,275746000000,149326000000,64525000000.0,,,12967000000.0,126420000000,,71340000000.0,13004000000.0,,84307000000.0,62296000000,55080000000.0,107520000000,,11326000000,100702000000,14750302000,AAPL,Quarterly,balance
2006-06-30,USD,3165000000,2231000000,683000000,683000000,521000000.0,225000000,934000000,405000000.0,,214000000.0,214000000.0,193000000.0,,,736000000,66000000.0,,2782000000,1458000000,943000000.0,,,,1324000000,,1324000000.0,,,1324000000.0,515000000,,383000000,,-1953000000,4000000,8520000000,AMZN,Quarterly,balance
2006-09-30,USD,3268000000,2315000000,693000000,693000000,736000000.0,281000000,953000000,449000000.0,,218000000.0,218000000.0,194000000.0,,,526000000,79000000.0,,3072000000,1768000000,1196000000.0,,,,1304000000,,1304000000.0,,,1304000000.0,572000000,,196000000,-252000000.0,-1934000000,4000000,8480000000,AMZN,Quarterly,balance
2006-12-31,USD,4363000000,3373000000,1022000000,1022000000,877000000.0,399000000,990000000,457000000.0,,21000000.0,21000000.0,195000000.0,,,997000000,78000000.0,,3932000000,2532000000,1816000000.0,,,,1400000000,,1267000000.0,,,1267000000.0,716000000,,431000000,-252000000.0,-1837000000,4000000,8480000000,AMZN,Annual,balance
2006-12-31,USD,4363000000,3373000000,1022000000,1022000000,877000000.0,399000000,990000000,457000000.0,,21000000.0,21000000.0,195000000.0,,,997000000,78000000.0,,3932000000,2532000000,1816000000.0,,,257000000.0,1400000000,,1267000000.0,,,1267000000.0,712000000,,431000000,-252000000.0,-1837000000,4000000,8420000000,AMZN,Quarterly,balance
2007-03-31,USD,3661000000,2600000000,748000000,748000000,754000000.0,358000000,1061000000,442000000.0,,214000000.0,214000000.0,196000000.0,,,672000000,68000000.0,,3308000000,1847000000,1211000000.0,,,,1461000000,,1251000000.0,,,1251000000.0,636000000,,353000000,-500000000.0,-1740000000,4000000,8400000000,AMZN,Quarterly,balance
2007-06-30,USD,3984000000,2859000000,1004000000,1004000000,735000000.0,384000000,1125000000,443000000.0,,253000000.0,253000000.0,214000000.0,,,661000000,75000000.0,,3434000000,1936000000,1295000000.0,,,,1498000000,,1256000000.0,,,1256000000.0,641000000,,550000000,-500000000.0,-1661000000,4000000,8460000000,AMZN,Quarterly,balance
2007-09-30,USD,4618000000,3424000000,1366000000,1366000000,970000000.0,474000000,1194000000,491000000.0,,253000000.0,253000000.0,218000000.0,,,543000000,71000000.0,,3857000000,2319000000,1674000000.0,,,,1538000000,,1273000000.0,,,1273000000.0,645000000,,761000000,-500000000.0,-1581000000,4000000,8500000000,AMZN,Quarterly,balance
2007-12-31,USD,6485000000,5164000000,2539000000,2539000000,1200000000.0,1410000000,1321000000,543000000.0,,27000000.0,27000000.0,222000000.0,,,573000000,-558000000.0,,5288000000,3714000000,2795000000.0,,,17000000.0,1574000000,,1344000000.0,,,1361000000.0,902000000,,1197000000,-500000000.0,-1375000000,4000000,8480000000,AMZN,Annual,balance
2007-12-31,USD,6485000000,5164000000,2539000000,2539000000,1200000000.0,1410000000,1321000000,543000000.0,,27000000.0,27000000.0,222000000.0,,,573000000,-558000000.0,,5288000000,3714000000,2795000000.0,,,17000000.0,1574000000,,1344000000.0,,,1361000000.0,902000000,,1197000000,-500000000.0,-1375000000,4000000,8540000000,AMZN,Quarterly,balance
2008-03-31,USD,5883000000,3965000000,1496000000,1496000000,1077000000.0,581000000,1918000000,594000000.0,,585000000.0,585000000.0,392000000.0,,,655000000,156000000.0,,4413000000,3551000000,1864000000.0,,,906000000.0,862000000,,467000000.0,,,1373000000.0,781000000,,1470000000,-500000000.0,-1232000000,4000000,8520000000,AMZN,Quarterly,balance
2008-06-30,USD,6322000000,4236000000,1548000000,1548000000,1107000000.0,586000000,2086000000,651000000.0,,591000000.0,591000000.0,400000000.0,,,832000000,163000000.0,,4092000000,3216000000,1963000000.0,,,441000000.0,876000000,,433000000.0,,,874000000.0,812000000,,2230000000,-500000000.0,-1074000000,4000000,8600000000,AMZN,Quarterly,balance
2008-09-30,USD,6566000000,4430000000,1650000000,1650000000,1315000000.0,597000000,2136000000,731000000.0,,592000000.0,592000000.0,405000000.0,,,674000000,194000000.0,,4039000000,3144000000,2242000000.0,,,42000000.0,895000000,,393000000.0,,,435000000.0,860000000,,2527000000,-500000000.0,-955000000,4000000,8720000000,AMZN,Quarterly,balance
2008-12-31,USD,8314000000,6157000000,2769000000,2769000000,1399000000.0,1654000000,2157000000,854000000.0,,160000000.0,160000000.0,438000000.0,,,958000000,-623000000.0,,5642000000,4746000000,3594000000.0,,,59000000.0,896000000,,533000000.0,,,592000000.0,1093000000,,2672000000,-600000000.0,-730000000,4000000,8640000000,AMZN,Annual,balance
2008-12-31,USD,8314000000,6157000000,2769000000,2769000000,1399000000.0,1654000000,2157000000,854000000.0,,160000000.0,160000000.0,438000000.0,,,958000000,-623000000.0,,5642000000,4746000000,3594000000.0,,,59000000.0,896000000,,533000000.0,,,592000000.0,1093000000,,2672000000,-600000000.0,-730000000,4000000,8700000000,AMZN,Quarterly,balance
2009-03-31,USD,6980000000,4775000000,1701000000,1701000000,1266000000.0,1174000000,2205000000,889000000.0,,433000000.0,433000000.0,433000000.0,,,1029000000,-395000000.0,,4062000000,3410000000,2380000000.0,,,,652000000,,74000000.0,,,74000000.0,1030000000,,2918000000,-600000000.0,-553000000,4000000,8740000000,AMZN,Quarterly,balance
2009-06-30,USD,7675000000,5304000000,1936000000,1936000000,1325000000.0,1168000000,2371000000,981000000.0,,451000000.0,451000000.0,451000000.0,,,1276000000,-401000000.0,,4419000000,3636000000,2508000000.0,,,,783000000,,109000000.0,,,109000000.0,1128000000,674000000.0,3256000000,-600000000.0,-411000000,4000000,8800000000,AMZN,Quarterly,balance
2009-09-30,USD,8972000000,6369000000,2514000000,2514000000,1617000000.0,1342000000,2603000000,1086000000.0,,457000000.0,457000000.0,457000000.0,,,1487000000,-591000000.0,,5387000000,4537000000,3354000000.0,,,,850000000,,116000000.0,,,116000000.0,1183000000,734000000.0,3585000000,-600000000.0,-212000000,4000000,8820000000,AMZN,Quarterly,balance
2009-12-31,USD,13813000000,9797000000,3444000000,3444000000,2171000000.0,988000000,4016000000,1290000000.0,,567000000.0,567000000.0,1234000000.0,,,2922000000,272000000.0,,8556000000,7364000000,5605000000.0,,,,1192000000,,109000000.0,,,252000000.0,1759000000,1083000000.0,5257000000,-600000000.0,172000000,5000000,8840000000,AMZN,Annual,balance
2009-12-31,USD,13813000000,9797000000,3444000000,3444000000,2171000000.0,988000000,4016000000,1290000000.0,,567000000.0,567000000.0,1234000000.0,,,2922000000,272000000.0,,8556000000,7364000000,5605000000.0,,,,1192000000,,109000000.0,,,252000000.0,1759000000,1083000000.0,5257000000,-600000000.0,172000000,5000000,9000000000,AMZN,Quarterly,balance
2010-03-31,USD,12042000000,7964000000,1844000000,1844000000,1820000000.0,815000000,4078000000,1436000000.0,,1234000000.0,1234000000.0,1234000000.0,,,3219000000,266000000.0,,6424000000,5193000000,3619000000.0,,,,1231000000,,131000000.0,,,131000000.0,1574000000,1100000000.0,5618000000,-600000000.0,471000000,5000000,9080000000,AMZN,Quarterly,balance
2010-06-30,USD,12397000000,8118000000,1629000000,1629000000,1940000000.0,805000000,4279000000,1704000000.0,,1229000000.0,1229000000.0,1229000000.0,,,3479000000,265000000.0,,6540000000,5250000000,3545000000.0,,,,1290000000,,132000000.0,,,132000000.0,1705000000,1158000000.0,5857000000,-600000000.0,678000000,5000000,9100000000,AMZN,Quarterly,balance
2010-09-30,USD,14162000000,9559000000,1539000000,1539000000,2515000000.0,959000000,4603000000,2099000000.0,,1277000000.0,1277000000.0,1277000000.0,,,4346000000,200000000.0,,7765000000,6375000000,4614000000.0,,,,1390000000,,164000000.0,,,164000000.0,1761000000,1226000000.0,6397000000,-600000000.0,908000000,5000000,9120000000,AMZN,Quarterly,balance
2010-12-31,USD,18797000000,13747000000,3777000000,3777000000,3202000000.0,1587000000,5050000000,2414000000.0,,563000000.0,563000000.0,1349000000.0,,,4985000000,196000000.0,,11933000000,10372000000,8051000000.0,,,,1561000000,,641000000.0,,,641000000.0,2321000000,1561000000.0,6864000000,-600000000.0,1324000000,5000000,9120000000,AMZN,Annual,balance
2010-12-31,USD,18797000000,13747000000,3777000000,3777000000,3202000000.0,1587000000,5050000000,2414000000.0,,563000000.0,563000000.0,1349000000.0,,,4985000000,196000000.0,,11933000000,10372000000,8051000000.0,,,,1561000000,,641000000.0,,,641000000.0,2321000000,1561000000.0,6864000000,-600000000.0,1324000000,5000000,9160000000,AMZN,Quarterly,balance
2011-03-31,USD,16882000000,11288000000,2641000000,2641000000,2888000000.0,1304000000,5594000000,2902000000.0,,1513000000.0,1513000000.0,1513000000.0,,,4240000000,215000000.0,,9535000000,7730000000,5540000000.0,,,,1805000000,,0.0,,,,2190000000,,7347000000,-600000000.0,1525000000,5000000,9180000000,AMZN,Quarterly,balance
2011-06-30,USD,17941000000,11279000000,2047000000,2047000000,3229000000.0,1438000000,6662000000,3470000000.0,,1909000000.0,1909000000.0,1909000000.0,,,4308000000,257000000.0,,10176000000,8045000000,5721000000.0,,,,2131000000,,0.0,,,,2324000000,,7765000000,-600000000.0,1715000000,5000000,9200000000,AMZN,Quarterly,balance
2011-09-30,USD,19054000000,11904000000,2823000000,2823000000,3770000000.0,1496000000,7150000000,3999000000.0,,1934000000.0,1934000000.0,1934000000.0,,,3503000000,312000000.0,,11288000000,8978000000,6552000000.0,,,,2310000000,,0.0,,,2310000000.0,2426000000,,7766000000,-600000000.0,1778000000,5000000,9220000000,AMZN,Quarterly,balance
2011-12-31,USD,25278000000,17490000000,5269000000,5269000000,4992000000.0,2571000000,7788000000,4417000000.0,,647000000.0,647000000.0,1955000000.0,,,4307000000,351000000.0,,17521000000,14896000000,11145000000.0,,,,2625000000,,1415000000.0,,,1415000000.0,3751000000,,7757000000,-877000000.0,1955000000,5000000,9220000000,AMZN,Annual,balance
2011-12-31,USD,25278000000,17490000000,5269000000,5269000000,4992000000.0,2571000000,7788000000,4417000000.0,,647000000.0,647000000.0,1955000000.0,,,4307000000,351000000.0,,17521000000,14896000000,11145000000.0,,,,2625000000,,1415000000.0,,,1415000000.0,3751000000,,7757000000,-877000000.0,1955000000,5000000,9240000000,AMZN,Quarterly,balance
2012-03-31,USD,20339000000,12154000000,2288000000,2288000000,4255000000.0,1813000000,8185000000,4653000000.0,,1970000000.0,1970000000.0,1970000000.0,,,3427000000,371000000.0,,13068000000,10488000000,6886000000.0,,,,2580000000,,0.0,,,,3602000000,,7271000000,-1837000000.0,2085000000,5000000,9200000000,AMZN,Quarterly,balance
2012-06-30,USD,21022000000,11793000000,2335000000,2335000000,4380000000.0,2035000000,9229000000,5097000000.0,,2521000000.0,2521000000.0,2521000000.0,,,2635000000,408000000.0,,13517000000,10964000000,7072000000.0,,,,2553000000,,0.0,,,,3892000000,,7505000000,-1837000000.0,2092000000,5000000,9160000000,AMZN,Quarterly,balance
2012-09-30,USD,22834000000,13118000000,2980000000,2980000000,5065000000.0,2392000000,9716000000,5662000000.0,,2540000000.0,2540000000.0,2540000000.0,,,2268000000,413000000.0,,15281000000,12605000000,8369000000.0,,,,2676000000,,0.0,,,,4236000000,,7553000000,-1837000000.0,1818000000,5000000,9200000000,AMZN,Quarterly,balance
2012-12-31,USD,32555000000,21296000000,8084000000,8084000000,6031000000.0,3364000000,11259000000,7060000000.0,,725000000.0,725000000.0,2552000000.0,,,3364000000,453000000.0,,24363000000,19002000000,13318000000.0,,,792000000.0,5361000000,,3084000000.0,,,3876000000.0,4892000000,2277000000.0,8192000000,-1837000000.0,1916000000,5000000,9060000000,AMZN,Annual,balance
2012-12-31,USD,32555000000,21296000000,8084000000,8084000000,6031000000.0,3364000000,11259000000,7060000000.0,,725000000.0,725000000.0,2552000000.0,,,3364000000,453000000.0,,24363000000,19002000000,13318000000.0,,,792000000.0,5361000000,,3084000000.0,,,3876000000.0,4892000000,2277000000.0,8192000000,-1837000000.0,1916000000,5000000,9220000000,AMZN,Quarterly,balance
2013-03-31,USD,28377000000,16313000000,4481000000,4481000000,5395000000.0,2516000000,12064000000,7674000000.0,,2535000000.0,2535000000.0,2535000000.0,,,3414000000,507000000.0,,19945000000,14332000000,8916000000.0,,,652000000.0,5613000000,,3040000000.0,,,3692000000.0,4764000000,2573000000.0,8432000000,-1837000000.0,1998000000,5000000,9260000000,AMZN,Quarterly,balance
2013-06-30,USD,29623000000,16285000000,3704000000,3704000000,5420000000.0,2861000000,13338000000,8789000000.0,,2614000000.0,2614000000.0,2614000000.0,,,3759000000,541000000.0,,20890000000,14735000000,8990000000.0,,,691000000.0,6155000000,,3042000000.0,,,3733000000.0,5054000000,3113000000.0,8733000000,-1837000000.0,1991000000,5000000,9120000000,AMZN,Quarterly,balance
2013-09-30,USD,31861000000,17334000000,3872000000,3872000000,6068000000.0,3057000000,14527000000,9991000000.0,,2635000000.0,2635000000.0,2635000000.0,,,3817000000,520000000.0,,22774000000,16135000000,10037000000.0,,,680000000.0,6639000000,,3043000000.0,,,3723000000.0,5418000000,3596000000.0,9087000000,-1837000000.0,1950000000,5000000,9140000000,AMZN,Quarterly,balance
2013-12-31,USD,40159000000,24625000000,8658000000,8658000000,7411000000.0,4767000000,15534000000,10949000000.0,,645000000.0,645000000.0,2655000000.0,,,3789000000,-4767000000.0,,30413000000,22980000000,15133000000.0,,,753000000.0,7433000000,,3191000000.0,,,5181000000.0,6688000000,4242000000.0,9746000000,-1837000000.0,2190000000,5000000,9300000000,AMZN,Annual,balance
2013-12-31,USD,40159000000,24625000000,8658000000,8658000000,7411000000.0,4767000000,15534000000,10949000000.0,,645000000.0,645000000.0,2655000000.0,,,3789000000,-4767000000.0,,30413000000,22980000000,15133000000.0,,,753000000.0,7433000000,,3191000000.0,,,5181000000.0,6688000000,4242000000.0,9746000000,-1837000000.0,2190000000,5000000,9340000000,AMZN,Quarterly,balance
2014-03-31,USD,36364000000,19327000000,5074000000,5074000000,6716000000.0,3945000000,17037000000,12267000000.0,,2653000000.0,2653000000.0,2653000000.0,,,3592000000,3945000000.0,,26036000000,18357000000,10590000000.0,,,784000000.0,7679000000,,3147000000.0,,,3931000000.0,5467000000,4532000000.0,10328000000,-1837000000.0,2298000000,5000000,9360000000,AMZN,Quarterly,balance
2014-06-30,USD,37898000000,18755000000,5057000000,5057000000,6644000000.0,4125000000,19143000000,14089000000.0,,2677000000.0,2677000000.0,2677000000.0,,,2929000000,4125000000.0,,27296000000,18751000000,10457000000.0,,,860000000.0,8545000000,,3119000000.0,,,3979000000.0,5828000000,5426000000.0,10602000000,-1837000000.0,2172000000,5000000,9220000000,AMZN,Quarterly,balance
2014-09-30,USD,40419000000,18572000000,5258000000,5258000000,7316000000.0,4373000000,21847000000,15702000000.0,,3332000000.0,3332000000.0,3332000000.0,,,1625000000,4373000000.0,,30083000000,20842000000,11811000000.0,,,864000000.0,9241000000,,3099000000.0,,,3963000000.0,6353000000,6142000000.0,10336000000,-1837000000.0,1735000000,5000000,9260000000,AMZN,Quarterly,balance
2014-12-31,USD,54505000000,31327000000,14557000000,14557000000,8299000000.0,5612000000,23178000000,16967000000.0,,764000000.0,764000000.0,3319000000.0,,,2859000000,-5612000000.0,,43764000000,28089000000,16459000000.0,,,1520000000.0,15675000000,,8265000000.0,1520000000.0,,12489000000.0,9807000000,7410000000.0,10741000000,-1837000000.0,1949000000,5000000,9240000000,AMZN,Annual,balance
2014-12-31,USD,54505000000,31327000000,14557000000,14557000000,8299000000.0,5612000000,23178000000,16967000000.0,,764000000.0,764000000.0,3319000000.0,,,2859000000,-5612000000.0,,43764000000,28089000000,16459000000.0,,,1520000000.0,15675000000,,8265000000.0,1520000000.0,,12489000000.0,9807000000,7410000000.0,10741000000,-1837000000.0,1949000000,5000000,9440000000,AMZN,Quarterly,balance
2015-03-31,USD,50075000000,25922000000,10237000000,10237000000,7369000000.0,4772000000,24153000000,17736000000.0,,3491000000.0,3491000000.0,3491000000.0,,,3544000000,4772000000.0,,39202000000,23177000000,11917000000.0,,,1377000000.0,16025000000,,8257000000.0,,,9634000000.0,7463000000,7768000000.0,10873000000,-1837000000.0,1892000000,5000000,9300000000,AMZN,Quarterly,balance
2015-06-30,USD,52440000000,26391000000,10269000000,10269000000,7470000000.0,4920000000,26049000000,19479000000.0,,3523000000.0,3523000000.0,3523000000.0,,,3732000000,4920000000.0,,40672000000,23912000000,12391000000.0,,,1259000000.0,16760000000,,8250000000.0,,,9509000000.0,7700000000,8510000000.0,11768000000,-1837000000.0,1984000000,5000000,9520000000,AMZN,Quarterly,balance
2015-09-30,USD,56230000000,28849000000,10709000000,10709000000,8981000000.0,5440000000,27381000000,20636000000.0,,3529000000.0,3529000000.0,3529000000.0,,,3719000000,5440000000.0,,43800000000,26657000000,14437000000.0,,,1117000000.0,17143000000,,8243000000.0,,,9360000000.0,8040000000,8900000000.0,12430000000,-1837000000.0,2063000000,5000000,9560000000,AMZN,Quarterly,balance
2015-12-31,USD,64747000000,35705000000,15890000000,15890000000,10243000000.0,5654000000,29042000000,21838000000.0,,992000000.0,992000000.0,3759000000.0,,16000000.0,3918000000,-5654000000.0,,51363000000,33887000000,20397000000.0,,,238000000.0,17476000000,,8235000000.0,238000000.0,,14175000000.0,10372000000,9926000000.0,13384000000,-1837000000.0,2545000000,5000000,9540000000,AMZN,Annual,balance
2015-12-31,USD,64747000000,35705000000,15890000000,15890000000,10243000000.0,5654000000,29042000000,21838000000.0,,992000000.0,992000000.0,3759000000.0,,16000000.0,3918000000,-5654000000.0,,51363000000,33887000000,20397000000.0,,,238000000.0,17476000000,,8235000000.0,238000000.0,,14175000000.0,10372000000,9926000000.0,13384000000,-1837000000.0,2545000000,5000000,9620000000,AMZN,Quarterly,balance
2016-03-31,USD,61128000000,30513000000,12470000000,12470000000,9582000000.0,5072000000,30615000000,23308000000.0,,3785000000.0,3785000000.0,3785000000.0,,,3389000000,5072000000.0,,46372000000,28187000000,14990000000.0,,,90000000.0,18185000000,,8219000000.0,,,8309000000.0,9341000000,9966000000.0,14756000000,-1837000000.0,3058000000,5000000,9620000000,AMZN,Quarterly,balance
2016-06-30,USD,65076000000,32220000000,12521000000,12521000000,9588000000.0,6092000000,32856000000,25190000000.0,,3774000000.0,3774000000.0,3774000000.0,,,4019000000,6092000000.0,,48538000000,29587000000,16123000000.0,,,41000000.0,18951000000,,8212000000.0,,,8253000000.0,9572000000,10739000000.0,16538000000,-1837000000.0,3915000000,5000000,9660000000,AMZN,Quarterly,balance
2016-09-30,USD,70897000000,35609000000,13656000000,13656000000,10696000000.0,6566000000,35288000000,27177000000.0,,3815000000.0,3815000000.0,3815000000.0,,,4691000000,6566000000.0,,53115000000,33498000000,18801000000.0,,,48000000.0,19617000000,,8205000000.0,,,8253000000.0,10449000000,11412000000.0,17782000000,-1837000000.0,4167000000,5000000,9700000000,AMZN,Quarterly,balance
2016-12-31,USD,83402000000,45781000000,19334000000,19334000000,11461000000.0,8339000000,37621000000,29114000000.0,,854000000.0,854000000.0,3784000000.0,,223000000.0,6647000000,-8339000000.0,,64117000000,43816000000,25309000000.0,,,5197000000.0,20301000000,7519000000.0,7694000000.0,1056000000.0,,15213000000.0,13739000000,12607000000.0,19285000000,-1837000000.0,4916000000,5000000,9680000000,AMZN,Annual,balance
2016-12-31,USD,83402000000,45781000000,19334000000,19334000000,11461000000.0,8339000000,37621000000,29114000000.0,,854000000.0,854000000.0,3784000000.0,,223000000.0,6647000000,-8339000000.0,,64117000000,43816000000,25309000000.0,,,1056000000.0,20301000000,,7694000000.0,1056000000.0,,15213000000.0,13739000000,12607000000.0,19285000000,-1837000000.0,4916000000,5000000,9720000000,AMZN,Quarterly,balance
2017-03-31,USD,80969000000,39460000000,15440000000,15440000000,10600000000.0,7329000000,41509000000,32632000000.0,,3823000000.0,3823000000.0,3823000000.0,,,6091000000,7329000000.0,,59295000000,37399000000,18891000000.0,,,1049000000.0,21896000000,,7691000000.0,21599000000.0,,8740000000.0,12005000000,14205000000.0,21674000000,-1837000000.0,6327000000,5000000,9800000000,AMZN,Quarterly,balance
2017-06-30,USD,87781000000,41007000000,13203000000,13203000000,11510000000.0,8046000000,46774000000,37083000000.0,,4254000000.0,4254000000.0,4254000000.0,,,8248000000,8046000000.0,,64567000000,40520000000,21439000000.0,,,1063000000.0,24047000000,,7683000000.0,23619000000.0,,8746000000.0,12953000000,16364000000.0,23214000000,-1837000000.0,6524000000,5000000,9840000000,AMZN,Quarterly,balance
2017-09-30,USD,115267000000,48578000000,12767000000,12767000000,13711000000.0,10557000000,66689000000,45335000000.0,,13271000000.0,13271000000.0,13271000000.0,,,11543000000,10557000000.0,,90609000000,47072000000,26075000000.0,,,1037000000.0,43537000000,,24710000000.0,1037000000.0,,25747000000.0,14807000000,18827000000.0,24658000000,-1837000000.0,6779000000,5000000,9880000000,AMZN,Quarterly,balance
2017-12-31,USD,131310000000,60197000000,20522000000,20522000000,16047000000.0,13164000000,71113000000,48866000000.0,,3371000000.0,3371000000.0,13350000000.0,,441000000.0,10464000000,-13164000000.0,,103601000000,57883000000,34616000000.0,,,6182000000.0,45718000000,13183000000.0,24743000000.0,100000000.0,,37926000000.0,18170000000,20975000000.0,27709000000,-1837000000.0,8636000000,5000000,9860000000,AMZN,Annual,balance
2017-12-31,USD,131310000000,60197000000,20522000000,20522000000,16047000000.0,13164000000,71113000000,48866000000.0,,3371000000.0,3371000000.0,13350000000.0,,441000000.0,10464000000,-13164000000.0,,103601000000,57883000000,34616000000.0,,,100000000.0,45718000000,,24743000000.0,100000000.0,,37926000000.0,18170000000,20975000000.0,27709000000,-1837000000.0,8636000000,5000000,9920000000,AMZN,Quarterly,balance
2018-03-31,USD,126362000000,50829000000,16676000000,16676000000,13840000000.0,12026000000,75533000000,52331000000.0,,13388000000.0,13388000000.0,13388000000.0,,497000000.0,8287000000,5726000000.0,,94899000000,48045000000,25172000000.0,,,53000000.0,46854000000,,24640000000.0,53000000.0,,24693000000.0,16638000000,22214000000.0,31463000000,-1837000000.0,11199000000,5000000,9960000000,AMZN,Quarterly,balance
2018-06-30,USD,134100000000,54481000000,19823000000,19823000000,14824000000.0,12607000000,79619000000,54768000000.0,,13944000000.0,13944000000.0,13944000000.0,,577000000.0,7227000000,5707000000.0,,99105000000,50801000000,27657000000.0,,,31000000.0,48304000000,,24638000000.0,31000000.0,,24669000000.0,17109000000,23666000000.0,34995000000,-1837000000.0,13733000000,5000000,10000000000,AMZN,Quarterly,balance
2018-09-30,USD,143695000000,59885000000,20425000000,20425000000,15862000000.0,14258000000,83810000000,58019000000.0,,14553000000.0,14553000000.0,14553000000.0,,573000000.0,9340000000,-14258000000.0,,104570000000,55324000000,30904000000.0,,,44000000.0,49246000000,,24684000000.0,44000000.0,,24728000000.0,18376000000,24562000000.0,39125000000,-1837000000.0,16616000000,5000000,10020000000,AMZN,Quarterly,balance
2018-12-31,USD,162648000000,75101000000,31750000000,31750000000,17174000000.0,16677000000,87547000000,61797000000.0,,4110000000.0,4110000000.0,14548000000.0,,722000000.0,9500000000,-16677000000.0,,119099000000,68391000000,38192000000.0,,,9502000000.0,50708000000,16292000000.0,23495000000.0,1371000000.0,,33145000000.0,23663000000,27213000000.0,43549000000,-1837000000.0,19625000000,5000000,10000000000,AMZN,Annual,balance
2018-12-31,USD,162648000000,75101000000,31750000000,31750000000,17174000000.0,16677000000,87547000000,61797000000.0,,4110000000.0,4110000000.0,14548000000.0,,440000000.0,9500000000,-16677000000.0,,119099000000,68391000000,38192000000.0,,,1371000000.0,50708000000,,23495000000.0,1371000000.0,,33145000000.0,23663000000,27213000000.0,43549000000,-1837000000.0,19625000000,5000000,10020000000,AMZN,Quarterly,balance
2019-03-31,USD,178102000000,69431000000,23115000000,23115000000,16432000000.0,15979000000,108671000000,61048000000.0,,,,14708000000.0,,594000000.0,13905000000,3679000000.0,,129692000000,63695000000,31809000000.0,,,1608000000.0,65997000000,33275000000.0,23322000000.0,1608000000.0,,56597000000.0,24588000000,9400000000.0,48410000000,-1837000000.0,23193000000,5000000,10040000000,AMZN,Quarterly,balance
2019-06-30,USD,191351000000,76790000000,22616000000,22616000000,18580000000.0,16747000000,114561000000,64723000000.0,,,,14727000000.0,,1501000000.0,18847000000,3547000000.0,,138290000000,69678000000,36063000000.0,,,1636000000.0,68612000000,35134000000.0,23329000000.0,1636000000.0,,58463000000.0,26140000000,10149000000.0,53061000000,-1837000000.0,25818000000,5000000,10060000000,AMZN,Quarterly,balance
2019-09-30,USD,199099000000,79054000000,23255000000,23255000000,18766000000.0,16887000000,120045000000,67662000000.0,,,,14734000000.0,,1420000000.0,20146000000,3787000000.0,,142591000000,72136000000,35794000000.0,,,2841000000.0,70455000000,37058000000.0,22472000000.0,2841000000.0,,59530000000.0,28961000000,10925000000.0,56508000000,-1837000000.0,27952000000,5000000,10080000000,AMZN,Quarterly,balance
2019-12-31,USD,225248000000,96334000000,36092000000,36092000000,20497000000.0,20816000000,128914000000,72705000000.0,,4049000000.0,4049000000.0,14754000000.0,,2169000000.0,18929000000,276000000.0,,163188000000,87812000000,47183000000.0,,,1307000000.0,75376000000,39791000000.0,23414000000.0,1307000000.0,,63205000000.0,32439000000,12171000000.0,62060000000,-1837000000.0,31220000000,5000000,10080000000,AMZN,Annual,balance
2019-12-31,USD,225248000000,96334000000,36092000000,36092000000,20497000000.0,20816000000,128914000000,72705000000.0,,4049000000.0,4049000000.0,14754000000.0,,2169000000.0,18929000000,4016000000.0,,163188000000,87812000000,47183000000.0,,,1305000000.0,75376000000,39791000000.0,23414000000.0,1307000000.0,,63205000000.0,32439000000,12171000000.0,62060000000,-1837000000.0,31220000000,5000000,10100000000,AMZN,Quarterly,balance
2020-03-31,USD,221238000000,85985000000,27201000000,27201000000,18857000000.0,17836000000,135253000000,77779000000.0,,,,14739000000.0,,,22091000000,3836000000.0,,155966000000,79711000000,40056000000.0,,,1311000000.0,76255000000,40300000000.0,23437000000.0,,,63737000000.0,30791000000,12518000000.0,65272000000,-1837000000.0,33755000000,5000000,10120000000,AMZN,Quarterly,balance
2020-06-30,USD,258314000000,110908000000,37466000000,37466000000,19599000000.0,19918000000,147406000000,86517000000.0,,,,14751000000.0,,,33925000000,4618000000.0,,184586000000,93896000000,51036000000.0,,,1884000000.0,90690000000,42798000000.0,33128000000.0,,,75926000000.0,33863000000,14764000000.0,73728000000,-1837000000.0,38998000000,5000000,10180000000,AMZN,Quarterly,balance
2020-09-30,USD,282179000000,112969000000,29930000000,29930000000,23735000000.0,20832000000,169210000000,99981000000.0,,,,14960000000.0,,,38472000000,4432000000.0,,199404000000,101912000000,58334000000.0,,,880000000.0,97492000000,48589000000.0,32929000000.0,,,81518000000.0,34327000000,15974000000.0,82775000000,-1837000000.0,45329000000,5000000,10240000000,AMZN,Quarterly,balance
2020-12-31,USD,321195000000,132733000000,42122000000,42122000000,23795000000.0,24542000000,188462000000,150667000000.0,,4981000000.0,4981000000.0,15017000000.0,,,42274000000,4942000000.0,,227791000000,126385000000,72539000000.0,,,16115000000.0,101406000000,52573000000.0,31816000000.0,,,84389000000.0,44138000000,17017000000.0,93404000000,-1837000000.0,52551000000,5000000,10200000000,AMZN,Annual,balance
2020-12-31,USD,321195000000,132733000000,42122000000,42122000000,23795000000.0,24542000000,188462000000,150667000000.0,,4981000000.0,4981000000.0,15017000000.0,,,42274000000,4942000000.0,,227791000000,126385000000,72539000000.0,,,1991000000.0,101406000000,52573000000.0,31816000000.0,,,84389000000.0,44138000000,17017000000.0,93404000000,-1837000000.0,52551000000,5000000,10260000000,AMZN,Quarterly,balance
2021-03-31,USD,323077000000,121408000000,33834000000,33834000000,23849000000.0,24289000000,201669000000,160789000000.0,,,,15220000000.0,,,39436000000,5389000000.0,,219757000000,115404000000,63926000000.0,,,1881000000.0,104353000000,53067000000.0,31868000000.0,,,84935000000.0,40939000000,19418000000.0,103320000000,-1837000000.0,60658000000,5000000,10260000000,AMZN,Quarterly,balance
2021-06-30,USD,360319000000,140848000000,40380000000,40380000000,24119000000.0,26835000000,219471000000,176848000000.0,,,,15350000000.0,,,49514000000,6335000000.0,,245516000000,117792000000,66090000000.0,,,15814000000.0,127724000000,56297000000.0,50279000000.0,,,106576000000.0,41007000000,21148000000.0,114803000000,-1837000000.0,68436000000,5000000,10280000000,AMZN,Quarterly,balance
2021-09-30,USD,382406000000,138531000000,29944000000,29944000000,30933000000.0,28610000000,243875000000,199303000000.0,,,,15345000000.0,,,49044000000,6910000000.0,,261842000000,123994000000,71474000000.0,,,15625000000.0,137848000000,63848000000.0,50055000000.0,,,113903000000.0,41546000000,23945000000.0,120564000000,-1837000000.0,71592000000,5000000,10300000000,AMZN,Quarterly,balance
2021-12-31,USD,420549000000,161580000000,36220000000,36220000000,32640000000.0,32891000000,258969000000,216363000000.0,,5107000000.0,5107000000.0,15371000000.0,,,59829000000,7391000000.0,,282304000000,142266000000,78664000000.0,,,15923000000.0,140038000000,67651000000.0,48744000000.0,,,116395000000.0,51775000000,23643000000.0,138245000000,-1837000000.0,85915000000,106000000,10300000000,AMZN,Annual,balance
2021-12-31,USD,420549000000,161580000000,36220000000,36220000000,32640000000.0,32891000000,258969000000,216363000000.0,,5107000000.0,5107000000.0,15371000000.0,,,59829000000,7391000000.0,,282304000000,142266000000,78664000000.0,,,15923000000.0,140038000000,67651000000.0,48744000000.0,,,116395000000.0,51775000000,23643000000.0,138245000000,-1837000000.0,85915000000,106000000,10320000000,AMZN,Quarterly,balance
2022-03-31,USD,410767000000,133876000000,36393000000,36393000000,34987000000.0,32504000000,276891000000,224629000000.0,,,,20229000000.0,,,29992000000,191000000.0,,276766000000,139508000000,68547000000.0,,,16163000000.0,137258000000,65731000000.0,47556000000.0,,,113287000000.0,58141000000,23971000000.0,134001000000,-4503000000.0,82071000000,5000000,10180000000,AMZN,Quarterly,balance
2022-06-30,USD,419728000000,133667000000,37478000000,37478000000,38153000000.0,34804000000,286061000000,232136000000.0,,,,20195000000.0,,,23232000000,207000000.0,,288326000000,140291000000,71219000000.0,,,17497000000.0,148035000000,66524000000.0,58053000000.0,,,124577000000.0,56254000000,23458000000.0,131402000000,-7837000000.0,80043000000,107000000,10183000000,AMZN,Quarterly,balance
2022-09-30,USD,428362000000,131463000000,34947000000,34947000000,36647000000.0,36154000000,296899000000,239228000000.0,,,,20168000000.0,,,23715000000,36154000000.0,,290873000000,140363000000,67760000000.0,,,16329000000.0,150510000000,69332000000.0,58919000000.0,,,128251000000.0,59974000000,22259000000.0,137489000000,,82915000000,107000000,10198000000,AMZN,Quarterly,balance
2022-12-31,USD,462675000000,146791000000,53888000000,53888000000,34405000000.0,42360000000,315884000000,252838000000.0,,6097000000.0,6097000000.0,20288000000.0,,,16138000000,6158000000.0,,316632000000,155393000000,79600000000.0,,,14854000000.0,161239000000,72968000000.0,67150000000.0,,,140118000000.0,62566000000,21121000000.0,146043000000,,83193000000,108000000,10189000000,AMZN,Annual,balance
2022-12-31,USD,462675000000,146791000000,53888000000,53888000000,34405000000.0,42360000000,315884000000,252838000000.0,,6097000000.0,6097000000.0,20288000000.0,,,16138000000,358000000.0,,316632000000,155393000000,79600000000.0,,,14854000000.0,161239000000,72968000000.0,67150000000.0,,,140118000000.0,62566000000,21121000000.0,146043000000,,83193000000,108000000,10242000000,AMZN,Quarterly,balance
2023-03-31,USD,464378000000,136221000000,49343000000,49343000000,34170000000.0,37646000000,328157000000,259016000000.0,,,,22749000000.0,,,15062000000,377000000.0,,309852000000,147570000000,66907000000.0,,,13428000000.0,162282000000,74267000000.0,67084000000.0,,,141351000000.0,66382000000,20931000000.0,154526000000,,86365000000,108000000,10258000000,AMZN,Quarterly,balance
2023-06-30,USD,477607000000,140482000000,49529000000,49529000000,36587000000.0,39925000000,337125000000,264116000000.0,,,,22785000000.0,,,14441000000,9000000000.0,,309005000000,148238000000,69481000000.0,,,15003000000.0,160767000000,75822000000.0,63092000000.0,,,138914000000.0,64235000000,21853000000.0,168602000000,,93115000000,108000000,10449000000,AMZN,Quarterly,balance
2023-09-30,USD,486883000000,142995000000,49605000000,49605000000,35406000000.0,43420000000,343888000000,267226000000.0,,,,22749000000.0,,,14564000000,5320000000.0,,303910000000,145214000000,72004000000.0,,,16472000000.0,158696000000,75891000000.0,61098000000.0,,,136989000000.0,58812000000,21707000000.0,182973000000,,102994000000,108000000,10558000000,AMZN,Quarterly,balance
2023-12-31,USD,527854000000,172351000000,73387000000,73387000000,33318000000.0,52253000000,355503000000,276690000000.0,,7687000000.0,7687000000.0,22789000000.0,,,13393000000,6897000000.0,,325979000000,164917000000,84981000000.0,,,18945000000.0,161062000000,77297000000.0,58314000000.0,,,135611000000.0,64709000000,25451000000.0,201875000000,,113618000000,109000000,10492000000,AMZN,Annual,balance
2023-12-31,USD,527854000000,172351000000,73387000000,73387000000,33318000000.0,52253000000,355503000000,,,7687000000.0,7687000000.0,22789000000.0,,,13393000000,6897000000.0,,325979000000,164917000000,84981000000.0,,,18945000000.0,161062000000,77297000000.0,58314000000.0,,,135611000000.0,64709000000,25451000000.0,201875000000,,113618000000,109000000,10610000000,AMZN,Quarterly,balance
2024-03-31,USD,530969000000,163989000000,72852000000,72852000000,31147000000.0,47768000000,366980000000,,,,,22770000000.0,,,12222000000,5568000000.0,,314308000000,152965000000,73068000000.0,,,19055000000.0,161343000000,77052000000.0,57634000000.0,,,134686000000.0,63970000000,26657000000.0,216661000000,,124049000000,109000000,10670000000,AMZN,Quarterly,balance
2024-06-30,USD,554818000000,173307000000,71178000000,71178000000,34109000000.0,50106000000,381511000000,,,,,22879000000.0,,,17914000000,5906000000.0,,318371000000,158172000000,81817000000.0,,,17604000000.0,160199000000,78084000000.0,54889000000.0,,,132973000000.0,60351000000,27226000000.0,236447000000,,137534000000,110000000,10708000000,AMZN,Quarterly,balance
2024-09-30,USD,584626000000,175792000000,75091000000,75091000000,36103000000.0,51638000000,408834000000,314444000000.0,,,,23081000000.0,,,12960000000,2938000000.0,,325475000000,161477000000,84570000000.0,,,5649000000.0,163998000000,79802000000.0,54890000000.0,,,134692000000.0,60602000000,29306000000.0,259151000000,,152862000000,110000000,10735000000,AMZN,Quarterly,balance
2024-12-31,USD,624894000000,190867000000,78779000000,78779000000,34214000000.0,55451000000,434027000000,328806000000.0,,8602000000.0,8602000000.0,23074000000.0,,,22423000000,247000000.0,,338924000000,179431000000,94363000000.0,,,151000000.0,159493000000,78277000000.0,52623000000.0,,,130900000000.0,66965000000,28593000000.0,285970000000,,172866000000,111000000,10721000000,AMZN,Annual,balance
2024-12-31,USD,624894000000,190867000000,78779000000,78779000000,34214000000.0,55451000000,434027000000,328806000000.0,,8602000000.0,8602000000.0,23074000000.0,,,22423000000,247000000.0,,338924000000,179431000000,94363000000.0,,,151000000.0,159493000000,78277000000.0,52623000000.0,,,130900000000.0,66965000000,28593000000.0,285970000000,,172866000000,111000000,10771000000,AMZN,Quarterly,balance
2025-03-31,USD,643256000000,184645000000,66207000000,66207000000,35864000000.0,54216000000,458611000000,351276000000.0,,,,23089000000.0,,,28358000000,365000000.0,,337389000000,176171000000,89241000000.0,,,76000000.0,161218000000,79871000000.0,53374000000.0,,,133245000000.0,66331000000,27973000000.0,305867000000,,189993000000,111000000,10793000000,AMZN,Quarterly,balance
2025-06-30,USD,682170000000,191420000000,57741000000,57741000000,40825000000.0,57415000000,490750000000,379741000000.0,,,,23155000000.0,,,35439000000,356000000.0,,348395000000,186921000000,98285000000.0,,,173000000.0,161474000000,83221000000.0,50718000000.0,,,133939000000.0,66974000000,27535000000.0,333775000000,,208157000000,112000000,10806000000,AMZN,Quarterly,balance
2025-09-30,USD,727921000000,196866000000,66922000000,66922000000,41494000000.0,61175000000,531055000000,407891000000.0,,,,23260000000.0,,,27275000000,302000000.0,,358290000000,195196000000,106032000000.0,,,220000000.0,163094000000,84677000000.0,50742000000.0,,,135419000000.0,68051000000,27675000000.0,369631000000,,229344000000,112000000,10845000000,AMZN,Quarterly,balance
2025-12-31,USD,818042000000,229083000000,86810000000,86810000000,38325000000.0,67729000000,588959000000,443079000000.0,,9197000000.0,9197000000.0,23273000000.0,,,36219000000,300000000.0,,406977000000,218005000000,121909000000.0,,,455000000.0,188972000000,87339000000.0,65648000000.0,,,152987000000.0,75520000000,35985000000.0,411065000000,,250536000000,112000000,10827000000,AMZN,Annual,balance
2025-12-31,USD,818042000000,229083000000,86810000000,86810000000,38325000000.0,67729000000,588959000000,443079000000.0,,9197000000.0,9197000000.0,23273000000.0,,,36219000000,300000000.0,,406977000000,218005000000,121909000000.0,,,455000000.0,188972000000,87339000000.0,65648000000.0,,,152987000000.0,75520000000,35985000000.0,411065000000,,250536000000,112000000,10863000000,AMZN,Quarterly,balance
2026-03-31,USD,916630000000,255155000000,101816000000,101816000000,36534000000.0,75532000000,661475000000,,,,,23449000000.0,,,41273000000,,,474716000000,216756000000,124749000000.0,,,,257960000000,90814000000.0,119074000000.0,,,209888000000.0,71120000000,48072000000.0,441914000000,,280791000000,113000000,10874000000,AMZN,Quarterly,balance
2026-06-30,None,1095689000000,249264000000,78213000000,78213000000,38184000000.0,88092000000,846425000000,,,,,23504000000.0,,,44775000000,,,544069000000,241274000000,147440000000.0,,,,302795000000,,,,,223232000000.0,73406000000,,551620000000,,343438000000,113000000,10903000000,AMZN,Quarterly,balance
2006-06-30,USD,103377000000,39591000000,7100000000,7100000000,3111000000.0,22336000000,63786000000,13963000000.0,,1657000000.0,1657000000.0,10324000000.0,,,2890000000,4154000000.0,,69828000000,34118000000,22395000000.0,,,7907000000.0,35710000000,,13872000000.0,,,21779000000.0,22395000000,,33549000000,-43567000000.0,47647000000,29823000000,1560100000,IBM,Quarterly,balance
2006-09-30,USD,104155000000,40668000000,8484000000,8484000000,3134000000.0,22683000000,63487000000,14059000000.0,,1599000000.0,1599000000.0,10337000000.0,,,2417000000,3950000000.0,,69907000000,34929000000,22249000000.0,,,8555000000.0,34978000000,,13436000000.0,,,21991000000.0,22249000000,,34248000000,-45096000000.0,49402000000,30257000000,1534300000,IBM,Quarterly,balance
2006-12-31,USD,103234000000,44660000000,8022000000,8022000000,2810000000.0,26848000000,58574000000,14440000000.0,,2203000000.0,2203000000.0,12854000000.0,,,2634000000,4346000000.0,,74728000000,40091000000,7964000000.0,,,8902000000.0,34637000000,,13780000000.0,,,22682000000.0,9968000000,,28506000000,-46296000000.0,52432000000,31271000000,1553535384,IBM,Annual,balance
2006-12-31,USD,103234000000,44660000000,8022000000,8022000000,2810000000.0,26848000000,58574000000,14440000000.0,,2203000000.0,2203000000.0,12854000000.0,,,2634000000,4346000000.0,,74728000000,40091000000,7964000000.0,,,8902000000.0,34637000000,,13780000000.0,,,22682000000.0,9968000000,,28506000000,-46296000000.0,52432000000,31271000000,1499500000,IBM,Quarterly,balance
2007-03-31,USD,101619000000,42446000000,6953000000,6953000000,2912000000.0,24017000000,59173000000,14414000000.0,,2157000000.0,2157000000.0,13103000000.0,,,3829000000,4735000000.0,,73810000000,36763000000,6859000000.0,,,9661000000.0,37047000000,,14285000000.0,,,23946000000.0,8767000000,,27809000000,-49726000000.0,53878000000,32264000000,1522800000,IBM,Quarterly,balance
2007-06-30,USD,102548000000,42293000000,7010000000,7010000000,2848000000.0,24287000000,60255000000,14479000000.0,,2090000000.0,2090000000.0,13201000000.0,,,3179000000,4969000000.0,,85792000000,48084000000,6653000000.0,,,20543000000.0,37708000000,,14179000000.0,,,34722000000.0,9215000000,,16756000000,-64125000000.0,55503000000,33374000000,1460800000,IBM,Quarterly,balance
2007-09-30,USD,108609000000,46588000000,9295000000,9295000000,2855000000.0,24801000000,62021000000,14836000000.0,,2162000000.0,2162000000.0,13843000000.0,,,4528000000,5109000000.0,,88063000000,45011000000,6732000000.0,,,16546000000.0,43052000000,,18775000000.0,,,35321000000.0,10343000000,,20546000000,-63943000000.0,57298000000,34705000000,1405800000,IBM,Quarterly,balance
2007-12-31,USD,120431000000,53177000000,14991000000,14991000000,2664000000.0,28789000000,67254000000,15081000000.0,,2107000000.0,2107000000.0,14285000000.0,,,1155000000,5578000000.0,,91961000000,44310000000,8054000000.0,,,12235000000.0,47651000000,,23039000000.0,,,35274000000.0,10546000000,,28470000000,-63945000000.0,60640000000,35188000000,1450570579,IBM,Annual,balance
2007-12-31,USD,120431000000,53177000000,14991000000,14991000000,2664000000.0,28789000000,67254000000,15081000000.0,,2107000000.0,2107000000.0,14285000000.0,,,1155000000,5578000000.0,,91961000000,44310000000,8054000000.0,,,12235000000.0,47651000000,,23039000000.0,,,35274000000.0,10546000000,,28470000000,-63945000000.0,60640000000,35188000000,1383000000,IBM,Quarterly,balance
2008-03-31,USD,121823000000,48425000000,10786000000,10786000000,2976000000.0,26894000000,73398000000,15470000000.0,,3122000000.0,3122000000.0,18624000000.0,,,1241000000,6528000000.0,,93095000000,47048000000,7329000000.0,,,15235000000.0,46047000000,,19951000000.0,,,35186000000.0,10372000000,,28728000000,-66619000000.0,62378000000,36252000000,1404300000,IBM,Quarterly,balance
2008-06-30,USD,120928000000,46312000000,9626000000,9626000000,2915000000.0,27228000000,74616000000,15386000000.0,,3277000000.0,3277000000.0,19624000000.0,,,221000000,6322000000.0,,92664000000,44683000000,7531000000.0,,,12710000000.0,47981000000,,21522000000.0,,,34232000000.0,10796000000,,28264000000,-71068000000.0,64456000000,37882000000,1395800000,IBM,Quarterly,balance
2008-09-30,USD,115910000000,44187000000,9755000000,9755000000,3000000000.0,24939000000,71723000000,14659000000.0,,3050000000.0,3050000000.0,18861000000.0,,,1000000,6492000000.0,,88391000000,44752000000,6770000000.0,,,16181000000.0,43639000000,,18232000000.0,,,34413000000.0,9749000000,,27519000000,-73571000000.0,66600000000,38874000000,1379100000,IBM,Quarterly,balance
2008-12-31,USD,109524000000,49004000000,12741000000,12741000000,2701000000.0,27555000000,60520000000,14305000000.0,,2876000000.0,2876000000.0,18226000000.0,,,166000000,5841000000.0,,96059000000,42435000000,7014000000.0,,,11236000000.0,53624000000,,22689000000.0,,,33926000000.0,13946000000,,13465000000,-74171000000.0,70353000000,39129000000,1381773136,IBM,Annual,balance
2008-12-31,USD,109524000000,49004000000,12741000000,12741000000,2701000000.0,27555000000,60520000000,14305000000.0,,2876000000.0,2876000000.0,18226000000.0,,,166000000,5841000000.0,,96059000000,42435000000,7014000000.0,,,11236000000.0,53624000000,,22689000000.0,,,33926000000.0,13946000000,,13465000000,-74171000000.0,70353000000,39129000000,1344300000,IBM,Quarterly,balance
2009-03-31,USD,101944000000,43995000000,12294000000,12294000000,2759000000.0,23463000000,57949000000,13727000000.0,,2721000000.0,2721000000.0,18070000000.0,,,1000000,5478000000.0,,88251000000,37425000000,5878000000.0,,,9870000000.0,50826000000,,21106000000.0,,,30976000000.0,9238000000,,13601000000,-76148000000.0,71968000000,39430000000,1349500000,IBM,Quarterly,balance
2009-06-30,USD,103655000000,44435000000,11678000000,11678000000,2691000000.0,23856000000,59220000000,13948000000.0,-24721000000.0,2580000000.0,2580000000.0,18737000000.0,,,848000000,5362000000.0,,88182000000,36430000000,5869000000.0,,,8504000000.0,51752000000,,20868000000.0,,,29372000000.0,9463000000,27600000000.0,15379000000,-77679000000.0,74328000000,39774000000,1336900000,IBM,Quarterly,balance
2009-09-30,USD,103675000000,43446000000,9532000000,9532000000,2546000000.0,23622000000,60229000000,14189000000.0,-25600000000.0,2436000000.0,2436000000.0,19272000000.0,,,1980000000,5766000000.0,,85182000000,32960000000,6145000000.0,,,4885000000.0,52222000000,,20583000000.0,,,25468000000.0,10014000000,28290000000.0,18395000000,-78411000000.0,76812000000,40482000000,1338200000,IBM,Quarterly,balance
2009-12-31,USD,109022000000,48935000000,12183000000,12183000000,2493000000.0,26793000000,60087000000,14165000000.0,-25431000000.0,2513000000.0,2513000000.0,20190000000.0,,,1791000000,5675000000.0,,86267000000,36002000000,7436000000.0,,,4168000000.0,50265000000,,21932000000.0,,,26100000000.0,9727000000,24772000000.0,22637000000,-81243000000.0,80900000000,41810000000,1341400000,IBM,Annual,balance
2009-12-31,USD,109022000000,48935000000,12183000000,12183000000,2493000000.0,26793000000,60087000000,14165000000.0,-25431000000.0,2513000000.0,2513000000.0,20190000000.0,,,1791000000,5675000000.0,,86267000000,36002000000,7436000000.0,,,4168000000.0,50265000000,,21932000000.0,,,26100000000.0,9727000000,24772000000.0,22637000000,-81243000000.0,80900000000,41810000000,1340700000,IBM,Quarterly,balance
2010-03-31,USD,105208000000,45697000000,12472000000,12472000000,2524000000.0,23511000000,59511000000,13841000000.0,-25178000000.0,2618000000.0,2618000000.0,20889000000.0,,,1505000000,5685000000.0,,83059000000,34576000000,6345000000.0,,,5014000000.0,48484000000,,21305000000.0,,,26319000000.0,8986000000,23722000000.0,22033000000,-85238000000.0,82783000000,42665000000,1321600000,IBM,Quarterly,balance
2010-06-30,USD,103420000000,44895000000,10325000000,10325000000,2595000000.0,23492000000,58525000000,13534000000.0,-24758000000.0,2526000000.0,2526000000.0,20544000000.0,,,1916000000,6567000000.0,,82244000000,34993000000,7233000000.0,,,5633000000.0,47251000000,,21017000000.0,,,26650000000.0,8561000000,22893000000.0,21059000000,-89276000000.0,85323000000,43522000000,1296700000,IBM,Quarterly,balance
2010-09-30,USD,107174000000,44469000000,9859000000,9859000000,2629000000.0,24496000000,62705000000,14009000000.0,-25927000000.0,3047000000.0,3047000000.0,22703000000.0,,,1227000000,6258000000.0,,84815000000,35443000000,7084000000.0,,,5556000000.0,49372000000,,21899000000.0,,,27455000000.0,9396000000,23987000000.0,22238000000,-92707000000.0,88095000000,44328000000,1272800000,IBM,Quarterly,balance
2010-12-31,USD,113452000000,48116000000,10661000000,10661000000,2450000000.0,28225000000,65334000000,14096000000.0,-26193000000.0,3488000000.0,3488000000.0,25136000000.0,,,990000000,5790000000.0,,90280000000,40562000000,7804000000.0,,,6778000000.0,49718000000,,21846000000.0,,,28624000000.0,10184000000,24204000000.0,23046000000,-96161000000.0,92532000000,45418000000,1287400000,IBM,Annual,balance
2010-12-31,USD,113452000000,48116000000,10661000000,10661000000,2450000000.0,28225000000,65334000000,14096000000.0,-26193000000.0,3488000000.0,3488000000.0,25136000000.0,,,990000000,5790000000.0,,90280000000,40562000000,7804000000.0,,,6778000000.0,49718000000,,21846000000.0,,,28624000000.0,10184000000,24204000000.0,23046000000,-96161000000.0,92532000000,45418000000,1258400000,IBM,Quarterly,balance
2011-03-31,USD,112960000000,47524000000,12763000000,12763000000,2549000000.0,25658000000,65438000000,14208000000.0,-26557000000.0,3324000000.0,3324000000.0,25408000000.0,,,482000000,6072000000.0,,90185000000,40387000000,6747000000.0,,,8508000000.0,49798000000,,21748000000.0,,,30257000000.0,9781000000,24325000000.0,22671000000,-100078000000.0,94590000000,46278000000,1240000000,IBM,Quarterly,balance
2011-06-30,USD,113474000000,46937000000,11714000000,11714000000,2573000000.0,26381000000,66536000000,14239000000.0,-26887000000.0,3205000000.0,3205000000.0,25609000000.0,,10422000000.0,50000000,6219000000.0,,90263000000,39843000000,7112000000.0,,,7858000000.0,50420000000,,21915000000.0,,,29773000000.0,9850000000,24865000000.0,23127000000,-104073000000.0,97334000000,46975000000,1221400000,IBM,Quarterly,balance
2011-09-30,USD,110158000000,45373000000,11303000000,11303000000,2663000000.0,24987000000,64786000000,13887000000.0,-26252000000.0,3033000000.0,3033000000.0,24913000000.0,,9830000000.0,0,6420000000.0,,87780000000,36028000000,7093000000.0,,,6071000000.0,51752000000,,24089000000.0,,,30160000000.0,9252000000,24029000000.0,22291000000,-107434000000.0,100266000000,47558000000,1204900000,IBM,Quarterly,balance
2011-12-31,USD,116433000000,50928000000,11922000000,11922000000,2595000000.0,29561000000,65505000000,13883000000.0,-26241000000.0,3392000000.0,3392000000.0,26213000000.0,,10776000000.0,0,6850000000.0,,96198000000,42123000000,8517000000.0,,,8465000000.0,54075000000,,22857000000.0,,,31320000000.0,9631000000,27370000000.0,20138000000,-110963000000.0,104857000000,48129000000,1213800000,IBM,Annual,balance
2011-12-31,USD,116433000000,50928000000,11922000000,11922000000,2595000000.0,29561000000,65505000000,13883000000.0,-26241000000.0,3392000000.0,3392000000.0,26213000000.0,,10776000000.0,0,6850000000.0,,96198000000,42123000000,8517000000.0,,,8465000000.0,54075000000,,22857000000.0,,,31320000000.0,9631000000,27370000000.0,20138000000,-110963000000.0,104857000000,48129000000,1188700000,IBM,Quarterly,balance
2012-03-31,USD,115347000000,48847000000,11835000000,11835000000,2754000000.0,26841000000,66499000000,13946000000.0,-26496000000.0,3641000000.0,3641000000.0,27468000000.0,,10549000000.0,500000000,6917000000.0,,94564000000,38209000000,7416000000.0,,,6293000000.0,56355000000,,25760000000.0,,,32053000000.0,9047000000,26691000000.0,20701000000,-114020000000.0,107036000000,48800000000,1174200000,IBM,Quarterly,balance
2012-06-30,USD,113832000000,47392000000,10864000000,10864000000,2758000000.0,26857000000,66439000000,13865000000.0,-26293000000.0,3657000000.0,3657000000.0,27735000000.0,,10795000000.0,323000000,6590000000.0,,93268000000,38903000000,7482000000.0,,,7669000000.0,54365000000,,24766000000.0,,,32435000000.0,9258000000,25710000000.0,20472000000,-117116000000.0,109928000000,49157000000,1161900000,IBM,Quarterly,balance
2012-09-30,USD,115778000000,48141000000,11909000000,11909000000,2586000000.0,26763000000,67639000000,14027000000.0,-26688000000.0,3565000000.0,3565000000.0,28270000000.0,,10791000000.0,345000000,6538000000.0,,94111000000,39499000000,7085000000.0,,,9334000000.0,54612000000,,24333000000.0,,,33667000000.0,9703000000,26017000000.0,21541000000,-120115000000.0,112773000000,49603000000,1149300000,IBM,Quarterly,balance
2012-12-31,USD,119213000000,49433000000,10412000000,10412000000,2287000000.0,30578000000,69781000000,13996000000.0,-26505000000.0,3787000000.0,3787000000.0,29247000000.0,,12812000000.0,717000000,5439000000.0,,100229000000,43625000000,7952000000.0,,,9182000000.0,56604000000,,24088000000.0,,,33269000000.0,9591000000,28025000000.0,18860000000,-123131000000.0,117641000000,50110000000,1155400000,IBM,Annual,balance
2012-12-31,USD,119213000000,49433000000,10412000000,10412000000,2287000000.0,30578000000,69781000000,13996000000.0,-26505000000.0,3787000000.0,3787000000.0,29247000000.0,,12812000000.0,717000000,5439000000.0,,100229000000,43625000000,7952000000.0,,,9182000000.0,56604000000,,24088000000.0,,,33269000000.0,9591000000,28025000000.0,18860000000,-123131000000.0,117641000000,50110000000,1136400000,IBM,Quarterly,balance
2013-03-31,USD,117258000000,48949000000,10585000000,10585000000,2421000000.0,28196000000,68310000000,13597000000.0,-26459000000.0,3601000000.0,3601000000.0,29025000000.0,,11946000000.0,1407000000,6340000000.0,,98044000000,42122000000,7203000000.0,,,8725000000.0,55922000000,,24672000000.0,,,33397000000.0,8545000000,26840000000.0,19092000000,-125677000000.0,119713000000,50522000000,1124000000,IBM,Quarterly,balance
2013-06-30,USD,115153000000,47911000000,9558000000,9558000000,2389000000.0,28836000000,67241000000,13356000000.0,-26196000000.0,3418000000.0,3418000000.0,28846000000.0,,11828000000.0,799000000,6329000000.0,,97270000000,41037000000,6821000000.0,,,7830000000.0,56233000000,,26292000000.0,,,34122000000.0,9437000000,25774000000.0,17756000000,-129239000000.0,121883000000,50886000000,1109400000,IBM,Quarterly,balance
2013-09-30,USD,117845000000,47533000000,10072000000,10072000000,2492000000.0,28334000000,70313000000,13877000000.0,-26931000000.0,4003000000.0,4003000000.0,30882000000.0,,11675000000.0,160000000,6475000000.0,,97837000000,39222000000,6263000000.0,,,7702000000.0,58615000000,,28478000000.0,,,36180000000.0,8853000000,26051000000.0,19877000000,-131240000000.0,124885000000,51203000000,1098800000,IBM,Quarterly,balance
2013-12-31,USD,126223000000,51350000000,10716000000,10716000000,2310000000.0,31836000000,74872000000,13821000000.0,-26654000000.0,3871000000.0,3871000000.0,31184000000.0,,12755000000.0,350000000,6138000000.0,,103294000000,40154000000,7461000000.0,,,6863000000.0,63140000000,,32856000000.0,,,39718000000.0,8640000000,26176000000.0,22792000000,-137242000000.0,130042000000,51594000000,1103000000,IBM,Annual,balance
2013-12-31,USD,126223000000,51350000000,10716000000,10716000000,2310000000.0,31836000000,74872000000,13821000000.0,-26654000000.0,3871000000.0,3871000000.0,31184000000.0,,12755000000.0,350000000,6138000000.0,,103294000000,40154000000,7461000000.0,,,6863000000.0,63140000000,,32856000000.0,,,39718000000.0,8640000000,26176000000.0,22792000000,-137242000000.0,130042000000,51594000000,1080000000,IBM,Quarterly,balance
2014-03-31,USD,122646000000,47959000000,9409000000,9409000000,2456000000.0,9682000000,74687000000,13683000000.0,-26795000000.0,3698000000.0,3698000000.0,31214000000.0,,11918000000.0,295000000,26117000000.0,,105906000000,41058000000,6865000000.0,,,9312000000.0,64848000000,,34668000000.0,,,43980000000.0,8955000000,26137000000.0,16607000000,-145612000000.0,131431000000,51943000000,1041800000,IBM,Quarterly,balance
2014-06-30,USD,124314000000,48182000000,9715000000,9715000000,2338000000.0,30077000000,76132000000,13748000000.0,-27188000000.0,3585000000.0,3585000000.0,31568000000.0,,12140000000.0,5000000,6047000000.0,,106801000000,42433000000,6271000000.0,,,12463000000.0,64368000000,,34008000000.0,,,46470000000.0,8773000000,26208000000.0,17377000000,-148900000000.0,134483000000,52163000000,1005100000,IBM,Quarterly,balance
2014-09-30,USD,118911000000,47163000000,9561000000,9561000000,2356000000.0,28002000000,71745000000,11068000000.0,-28882000000.0,3373000000.0,3373000000.0,31045000000.0,,10993000000.0,4000000,7240000000.0,,104516000000,42306000000,5855000000.0,,,12876000000.0,62210000000,,32821000000.0,,,45697000000.0,9754000000,25706000000.0,14255000000,-150616000000.0,133403000000,52446000000,997700000,IBM,Quarterly,balance
2014-12-31,USD,117532000000,47377000000,8476000000,8476000000,2103000000.0,31831000000,68111000000,10771000000.0,-28263000000.0,3104000000.0,3104000000.0,30556000000.0,,11109000000.0,5000000,4967000000.0,,105518000000,39581000000,6864000000.0,,,5731000000.0,65918000000,,35073000000.0,4601000000.0,,40722000000.0,10025000000,27153000000.0,11868000000,-150715000000.0,137793000000,52666000000,1010000000,IBM,Annual,balance
2014-12-31,USD,117532000000,47377000000,8476000000,8476000000,2103000000.0,31831000000,68111000000,10771000000.0,-28263000000.0,3104000000.0,3104000000.0,30556000000.0,,11109000000.0,5000000,4967000000.0,,105518000000,39581000000,6864000000.0,,,5731000000.0,65918000000,,35073000000.0,4601000000.0,,40804000000.0,10025000000,27153000000.0,11868000000,-150715000000.0,137793000000,52666000000,995400000,IBM,Quarterly,balance
2015-03-31,USD,112037000000,46316000000,8796000000,8796000000,1970000000.0,27849000000,65722000000,10509000000.0,-27793000000.0,2991000000.0,2991000000.0,29871000000.0,,9820000000.0,8000000,7693000000.0,,99748000000,35640000000,6314000000.0,,,4532000000.0,64108000000,,34295000000.0,,,38827000000.0,9093000000,26002000000.0,12141000000,-151975000000.0,139030000000,52928000000,992300000,IBM,Quarterly,balance
2015-06-30,USD,112729000000,45186000000,8393000000,8393000000,1912000000.0,8632000000,67543000000,10702000000.0,-27936000000.0,2938000000.0,2938000000.0,30535000000.0,,10339000000.0,367000000,25882000000.0,,98892000000,35535000000,5943000000.0,,,5329000000.0,63357000000,,33339000000.0,,,38668000000.0,9292000000,26125000000.0,13684000000,-153162000000.0,141218000000,53059000000,986700000,IBM,Quarterly,balance
2015-09-30,USD,108649000000,42112000000,9480000000,9480000000,1613000000.0,25113000000,66537000000,10661000000.0,-18568000000.0,2775000000.0,2775000000.0,30275000000.0,,9517000000.0,88000000,5818000000.0,,95198000000,33732000000,5166000000.0,,,7539000000.0,61466000000,,32122000000.0,,,39660000000.0,7686000000,25751000000.0,13294000000,-154669000000.0,141898000000,53220000000,979000000,IBM,Quarterly,balance
2015-12-31,USD,110495000000,42504000000,7686000000,7686000000,1551000000.0,28554000000,67991000000,10727000000.0,-18615000000.0,3487000000.0,3487000000.0,32021000000.0,,10013000000.0,508000000,4205000000.0,,96071000000,34269000000,6028000000.0,,,6461000000.0,61802000000,,33428000000.0,5271000000.0,,39889000000.0,7912000000,24603000000.0,14262000000,-155518000000.0,146124000000,53262000000,982700000,IBM,Annual,balance
2015-12-31,USD,110495000000,42504000000,7686000000,7686000000,1551000000.0,28554000000,67991000000,10727000000.0,-18615000000.0,3487000000.0,3487000000.0,32021000000.0,,10013000000.0,508000000,4205000000.0,,96071000000,34269000000,6028000000.0,,,6461000000.0,61802000000,,33428000000.0,5271000000.0,,39889000000.0,7912000000,24603000000.0,14262000000,-155518000000.0,146124000000,53262000000,972800000,IBM,Quarterly,balance
2016-03-31,USD,118856000000,47623000000,14354000000,14354000000,1690000000.0,26730000000,71235000000,10910000000.0,-18717000000.0,4373000000.0,4373000000.0,34322000000.0,,9266000000.0,515000000,4334000000.0,,103784000000,34664000000,5302000000.0,,,5302000000.0,69120000000,,40254000000.0,,,45557000000.0,9248000000,25203000000.0,14925000000,-156404000000.0,146888000000,53439000000,964400000,IBM,Quarterly,balance
2016-06-30,USD,118056000000,43524000000,10017000000,10017000000,1685000000.0,8782000000,74532000000,11092000000.0,-19044000000.0,5148000000.0,5148000000.0,36422000000.0,,14526000000.0,600000000,22440000000.0,,102167000000,33585000000,5484000000.0,,,4887000000.0,68582000000,,39638000000.0,4887000000.0,,44525000000.0,9431000000,25108000000.0,15733000000,-157298000000.0,148071000000,53565000000,960500000,IBM,Quarterly,balance
2016-09-30,USD,115606000000,41433000000,9039000000,9039000000,1729000000.0,25196000000,74173000000,11104000000.0,-19738000000.0,4881000000.0,4881000000.0,36401000000.0,,14011000000.0,929000000,4540000000.0,,98447000000,34447000000,5271000000.0,,,6920000000.0,64000000000,,35563000000.0,6920000000.0,,42483000000.0,9304000000,24826000000.0,17010000000,-158170000000.0,149585000000,53759000000,957300000,IBM,Quarterly,balance
2016-12-31,USD,117470000000,43888000000,7826000000,7826000000,1553000000.0,29245000000,73581000000,10830000000.0,-19303000000.0,4689000000.0,4689000000.0,36199000000.0,,13606000000.0,701000000,4563000000.0,,99078000000,36275000000,6209000000.0,,,7513000000.0,62803000000,,34655000000.0,7513000000.0,,42168000000.0,8283000000,24547000000.0,18246000000,-159050000000.0,152759000000,53935000000,958700000,IBM,Annual,balance
2016-12-31,USD,117470000000,43888000000,7826000000,7826000000,1553000000.0,29245000000,73581000000,10830000000.0,-19303000000.0,4689000000.0,4689000000.0,36199000000.0,,13606000000.0,701000000,4563000000.0,,99078000000,36275000000,6209000000.0,,,7513000000.0,62803000000,,34655000000.0,6239000000.0,,42168000000.0,8283000000,24547000000.0,18246000000,-159050000000.0,152759000000,53935000000,952700000,IBM,Quarterly,balance
2017-03-31,USD,117495000000,42889000000,10096000000,10096000000,1609000000.0,25869000000,74607000000,10865000000.0,-19816000000.0,4438000000.0,4438000000.0,36307000000.0,,13051000000.0,599000000,4716000000.0,,99047000000,36481000000,5324000000.0,,,8340000000.0,62566000000,,34441000000.0,8340000000.0,,42781000000.0,7719000000,24568000000.0,18327000000,-160359000000.0,153292000000,54104000000,947800000,IBM,Quarterly,balance
2017-06-30,USD,120495000000,45013000000,11696000000,11696000000,1604000000.0,26958000000,75481000000,10903000000.0,-20388000000.0,4180000000.0,4180000000.0,36517000000.0,,13055000000.0,599000000,4156000000.0,,101951000000,35966000000,5126000000.0,,,8061000000.0,65985000000,,37612000000.0,45676000000.0,,45673000000.0,8459000000,24757000000.0,18419000000,-161860000000.0,154234000000,54235000000,939600000,IBM,Quarterly,balance
2017-09-30,USD,121636000000,44742000000,10915000000,10915000000,1711000000.0,27126000000,76895000000,11057000000.0,-20880000000.0,3981000000.0,3981000000.0,36782000000.0,,13265000000.0,600000000,4390000000.0,,101879000000,31697000000,5442000000.0,,,4299000000.0,70182000000,,41327000000.0,45642000000.0,,45626000000.0,8269000000,25277000000.0,19627000000,-162812000000.0,155565000000,54395000000,933200000,IBM,Quarterly,balance
2017-12-31,USD,125355000000,49735000000,11972000000,11972000000,1583000000.0,31630000000,75620000000,11116000000.0,-21215000000.0,3741000000.0,3741000000.0,36788000000.0,,14469000000.0,608000000,3942000000.0,,107631000000,37363000000,6451000000.0,,,6986000000.0,70268000000,,39837000000.0,6986000000.0,,46823000000.0,12374000000,26685000000.0,17724000000,-163507000000.0,153126000000,54566000000,937400000,IBM,Annual,balance
2017-12-31,USD,125356000000,49735000000,11972000000,11972000000,1583000000.0,31630000000,75621000000,11116000000.0,-21215000000.0,3741000000.0,3741000000.0,36788000000.0,,14469000000.0,608000000,3942000000.0,,107631000000,37363000000,6451000000.0,,,6986000000.0,70268000000,,39837000000.0,5215000000.0,,46824000000.0,8155000000,26685000000.0,17594000000,-163506000000.0,153126000000,54566000000,928900000,IBM,Quarterly,balance
2018-03-31,USD,125285000000,49122000000,11949000000,11949000000,1753000000.0,29229000000,76162000000,11278000000.0,-21497000000.0,3522000000.0,3522000000.0,36732000000.0,,11798000000.0,893000000,5298000000.0,,106995000000,35733000000,5736000000.0,,,5976000000.0,71262000000,,40410000000.0,3764000000.0,,46387000000.0,8044000000,30852000000.0,18166000000,-164334000000.0,156371000000,54712000000,925400000,IBM,Quarterly,balance
2018-06-30,USD,121622000000,46795000000,10741000000,10741000000,1742000000.0,28340000000,74828000000,11024000000.0,-21209000000.0,3344000000.0,3344000000.0,36482000000.0,,11301000000.0,966000000,5006000000.0,,102974000000,35442000000,5518000000.0,,,7646000000.0,67532000000,,37851000000.0,5448000000.0,,45497000000.0,7746000000,29681000000.0,18520000000,-165366000000.0,157349000000,54827000000,919400000,IBM,Quarterly,balance
2018-09-30,USD,121990000000,48257000000,11563000000,11563000000,1893000000.0,27087000000,73732000000,10949000000.0,-21535000000.0,3135000000.0,3135000000.0,36526000000.0,,10451000000.0,2932000000,4782000000.0,,102072000000,36822000000,5384000000.0,,,10932000000.0,65250000000,,35989000000.0,6784000000.0,,46921000000.0,7300000000,29260000000.0,19784000000,-165995000000.0,158612000000,54987000000,915200000,IBM,Quarterly,balance
2018-12-31,USD,123382000000,49146000000,11379000000,11379000000,1682000000.0,30563000000,74236000000,10792000000.0,-21668000000.0,3088000000.0,3088000000.0,36265000000.0,,11534000000.0,618000000,4904000000.0,,106452000000,38227000000,6558000000.0,,,10207000000.0,68225000000,,35605000000.0,10207000000.0,,45812000000.0,10297000000,32621000000.0,16930000000,-168071000000.0,159206000000,55151000000,916300000,IBM,Annual,balance
2018-12-31,USD,123382000000,49146000000,11379000000,11379000000,1682000000.0,7902000000,74237000000,10792000000.0,-21668000000.0,3088000000.0,3088000000.0,36265000000.0,,11534000000.0,618000000,27565000000.0,,106452000000,38227000000,6558000000.0,,,10207000000.0,68225000000,,35605000000.0,7055000000.0,,45812000000.0,7251000000,32621000000.0,16796000000,-168071000000.0,159206000000,55151000000,905200000,IBM,Quarterly,balance
2019-03-31,USD,130926000000,52705000000,17134000000,17134000000,1771000000.0,28473000000,78223000000,10675000000.0,-22017000000.0,2956000000.0,2956000000.0,36281000000.0,,10764000000.0,872000000,4455000000.0,,114319000000,38871000000,5711000000.0,,,11562000000.0,75448000000,4903000000.0,39727000000.0,10249000000.0,,54880000000.0,6980000000,35722000000.0,16481000000,-169021000000.0,159396000000,55287000000,893900000,IBM,Quarterly,balance
2019-06-30,USD,154652000000,77517000000,45399000000,45399000000,1745000000.0,25332000000,77135000000,15200000000.0,,2730000000.0,2730000000.0,35284000000.0,,2228000000.0,874000000,4167000000.0,,136876000000,42351000000,4724000000.0,,,15912000000.0,94525000000,5265000000.0,58380000000.0,14593000000.0,,78304000000.0,8015000000,12189000000.0,17645000000,-169385000000.0,160467000000,55404000000,890831801,IBM,Quarterly,balance
2019-09-30,USD,149620000000,38121000000,10087000000,10087000000,1712000000.0,21472000000,111498000000,14964000000.0,,15612000000.0,15612000000.0,57951000000.0,,2221000000.0,733000000,4117000000.0,,131525000000,35066000000,4042000000.0,,,9907000000.0,96459000000,5167000000.0,57676000000.0,8530000000.0,,71494000000.0,7740000000,15565000000.0,17956000000,-169474000000.0,160709000000,55808000000,892800000,IBM,Quarterly,balance
2019-12-31,USD,152186000000,38420000000,8172000000,8172000000,1619000000.0,23795000000,113766000000,10010000000.0,-22018000000.0,15236000000.0,15236000000.0,58222000000.0,,10786000000.0,696000000,4138000000.0,,131201000000,37701000000,4896000000.0,,,10177000000.0,93500000000,5259000000.0,54102000000.0,8797000000.0,,64279000000.0,10602000000,35547000000.0,20985000000,-169413000000.0,162954000000,55895000000,892800000,IBM,Annual,balance
2019-12-31,USD,152186000000,38420000000,8172000000,8172000000,1619000000.0,8362000000,113766000000,10010000000.0,-22018000000.0,15236000000.0,15236000000.0,58222000000.0,,10786000000.0,696000000,19571000000.0,,131201000000,37701000000,4896000000.0,,,10177000000.0,93500000000,5259000000.0,54102000000.0,8797000000.0,,68158000000.0,7763000000,35547000000.0,20841000000,-169413000000.0,162954000000,55895000000,893700000,IBM,Quarterly,balance
2020-03-31,USD,153403000000,38931000000,11218000000,11218000000,1786000000.0,21157000000,114473000000,9626000000.0,-21464000000.0,14666000000.0,14666000000.0,57517000000.0,,9619000000.0,647000000,4123000000.0,,133275000000,40673000000,4172000000.0,,,12970000000.0,92602000000,5126000000.0,52685000000.0,11643000000.0,,69453000000.0,7806000000,36147000000.0,19999000000,-169437000000.0,162626000000,56092000000,895000000,IBM,Quarterly,balance
2020-06-30,USD,154200000000,39953000000,12041000000,12041000000,1869000000.0,19952000000,114246000000,9709000000.0,-21957000000.0,14270000000.0,14270000000.0,57833000000.0,,9272000000.0,2063000000,4028000000.0,,133512000000,38442000000,4719000000.0,,,10632000000.0,95070000000,5027000000.0,55449000000.0,9289000000.0,,69765000000.0,7995000000,35833000000.0,20551000000,-169386000000.0,162559000000,56135000000,894900000,IBM,Quarterly,balance
2020-09-30,USD,154128000000,39845000000,14393000000,14393000000,1949000000.0,18398000000,114283000000,9958000000.0,-22474000000.0,13962000000.0,13962000000.0,58355000000.0,,8367000000.0,1200000000,3905000000.0,,132794000000,37993000000,3985000000.0,,,11622000000.0,94801000000,4971000000.0,55129000000.0,10286000000.0,,70385000000.0,8330000000,35851000000.0,21208000000,-169380000000.0,162806000000,56366000000,897292233,IBM,Quarterly,balance
2020-12-31,USD,155970000000,39165000000,13212000000,13212000000,1839000000.0,18738000000,116805000000,10040000000.0,-23136000000.0,13795000000.0,13795000000.0,59617000000.0,,9368000000.0,600000000,4776000000.0,,135245000000,39869000000,4908000000.0,,,8540000000.0,95376000000,4931000000.0,54355000000.0,7183000000.0,,62895000000.0,13588000000,36719000000.0,20725000000,-169339000000.0,162717000000,56556000000,896600000,IBM,Annual,balance
2020-12-31,USD,155971000000,39165000000,13212000000,13212000000,1839000000.0,6215000000,116806000000,10040000000.0,-23136000000.0,13796000000.0,13796000000.0,53765000000.0,,9368000000.0,600000000,17299000000.0,,135245000000,39869000000,4033000000.0,,,8151000000.0,95376000000,4931000000.0,54355000000.0,7183000000.0,,65088000000.0,12404000000,36719000000.0,20597000000,-169339000000.0,162717000000,56556000000,899000000,IBM,Quarterly,balance
2021-03-31,USD,148629000000,34038000000,10531000000,10531000000,1828000000.0,16589000000,114590000000,9452000000.0,-22817000000.0,13535000000.0,13535000000.0,59984000000.0,,8047000000.0,600000000,4490000000.0,,127116000000,36542000000,4140000000.0,,,6535000000.0,90574000000,4716000000.0,51206000000.0,5198000000.0,,61120000000.0,9030000000,35214000000.0,21389000000,-169360000000.0,162218000000,56788000000,901746065,IBM,Quarterly,balance
2021-06-30,USD,146814000000,30774000000,7350000000,7350000000,1807000000.0,16370000000,116040000000,13810000000.0,-23152000000.0,13539000000.0,13539000000.0,61645000000.0,,2010000000.0,600000000,4647000000.0,,124747000000,36616000000,4214000000.0,,,7776000000.0,88131000000,4612000000.0,48735000000.0,6442000000.0,,59789000000.0,9094000000,14740000000.0,21942000000,-169404000000.0,162086000000,56912000000,904200000,IBM,Quarterly,balance
2021-09-30,USD,144214000000,29967000000,7455000000,7455000000,1891000000.0,15235000000,114248000000,13391000000.0,-23211000000.0,13025000000.0,13025000000.0,61378000000.0,,1996000000.0,600000000,4786000000.0,,121857000000,35832000000,4248000000.0,,,8860000000.0,86026000000,4477000000.0,46926000000.0,7575000000.0,,58978000000.0,8301000000,15178000000.0,22228000000,-169406000000.0,161747000000,57189000000,906000000,IBM,Quarterly,balance
2021-12-31,USD,132001000000,29539000000,6650000000,6650000000,1649000000.0,14977000000,102460000000,8916000000.0,-14390000000.0,12511000000.0,12511000000.0,55643000000.0,,1823000000.0,600000000,5663000000.0,,113005000000,33619000000,3955000000.0,,,7760000000.0,79386000000,3436000000.0,44917000000.0,6787000000.0,,55139000000.0,9386000000,13995000000.0,18996000000,-169392000000.0,154209000000,57319000000,904641001,IBM,Annual,balance
2021-12-31,USD,132001000000,29539000000,6650000000,6650000000,1649000000.0,7225000000,102462000000,8916000000.0,-14390000000.0,12511000000.0,12511000000.0,55643000000.0,,1823000000.0,600000000,13415000000.0,,113005000000,33619000000,3955000000.0,,,7760000000.0,79386000000,3436000000.0,44917000000.0,6787000000.0,,55140000000.0,7097000000,13995000000.0,18901000000,-169392000000.0,154209000000,57319000000,904641001,IBM,Quarterly,balance
2022-03-31,USD,133275000000,31330000000,9934000000,9934000000,1776000000.0,6480000000,101944000000,5559000000.0,-14448000000.0,12312000000.0,12312000000.0,56106000000.0,,1771000000.0,550000000,12590000000.0,,114163000000,34056000000,3453000000.0,,,8644000000.0,80107000000,3312000000.0,46545000000.0,7690000000.0,,57547000000.0,6635000000,13844000000.0,19050000000,,153401000000,57603000000,909226136,IBM,Quarterly,balance
2022-06-30,USD,127503000000,27896000000,7034000000,7034000000,1684000000.0,13395000000,99606000000,8123000000.0,-13804000000.0,11571000000.0,11571000000.0,55039000000.0,,1689000000.0,524000000,5259000000.0,,108027000000,31844000000,3707000000.0,,,6866000000.0,76183000000,3066000000.0,44328000000.0,5981000000.0,,53375000000.0,7007000000,13486000000.0,19409000000,,153298000000,57802000000,910700000,IBM,Quarterly,balance
2022-09-30,USD,125850000000,28999000000,7816000000,7816000000,1794000000.0,6048000000,96851000000,7890000000.0,-13525000000.0,10967000000.0,10967000000.0,54218000000.0,,1614000000.0,1753000000,11588000000.0,,105703000000,30466000000,3806000000.0,,,6781000000.0,75237000000,2947000000.0,44942000000.0,5937000000.0,,53826000000.0,7073000000,13414000000.0,20076000000,,148611000000,58117000000,904100000,IBM,Quarterly,balance
2022-12-31,USD,127243000000,29118000000,7886000000,7886000000,1552000000.0,7005000000,98126000000,8212000000.0,,11184000000.0,11184000000.0,55949000000.0,,1617000000.0,852000000,11823000000.0,,105222000000,31505000000,4051000000.0,,,5634000000.0,73717000000,3064000000.0,46189000000.0,4760000000.0,,54013000000.0,7592000000,12243000000.0,21944000000,,149825000000,58343000000,912269000,IBM,Annual,balance
2022-12-31,USD,127243000000,29118000000,7886000000,7886000000,1552000000.0,7005000000,98126000000,8212000000.0,,11184000000.0,11184000000.0,55949000000.0,,1617000000.0,852000000,11823000000.0,,105222000000,31505000000,4051000000.0,,,5634000000.0,73717000000,3064000000.0,46189000000.0,4760000000.0,,54013000000.0,7592000000,12243000000.0,21944000000,,149825000000,58343000000,915900000,IBM,Quarterly,balance
2023-03-31,USD,133637000000,35982000000,9337000000,9337000000,1603000000.0,6218000000,97655000000,8133000000.0,-13417000000.0,10905000000.0,10905000000.0,56193000000.0,,1607000000.0,8057000000,10767000000.0,,111965000000,30993000000,3728000000.0,,,5756000000.0,80972000000,2963000000.0,53826000000.0,4887000000.0,,61676000000.0,6639000000,12100000000.0,21604000000,,149253000000,58675000000,917845279,IBM,Quarterly,balance
2023-06-30,USD,132213000000,34458000000,9394000000,9394000000,1501000000.0,6120000000,97755000000,8096000000.0,-13145000000.0,10496000000.0,10496000000.0,56385000000.0,,1585000000.0,6904000000,10539000000.0,,109942000000,32513000000,3732000000.0,,,7627000000.0,77429000000,2828000000.0,50691000000.0,6785000000.0,,60304000000.0,6836000000,12103000000.0,22201000000,,149318000000,58963000000,919452496,IBM,Quarterly,balance
2023-09-30,USD,129321000000,27705000000,7257000000,7257000000,1399000000.0,11204000000,101617000000,8481000000.0,,11278000000.0,11278000000.0,59596000000.0,,,3721000000,4124000000.0,,106165000000,30606000000,3342000000.0,,,7220000000.0,75559000000,3283000000.0,48828000000.0,6414000000.0,,58525000000.0,6568000000,12080000000.0,23081000000,,149506000000,59313000000,923673300,IBM,Quarterly,balance
2023-12-31,USD,135241000000,32908000000,13068000000,13068000000,1161000000.0,13956000000,102333000000,8721000000.0,,11036000000.0,11036000000.0,60178000000.0,,,373000000,4350000000.0,,112628000000,34122000000,4132000000.0,,,7246000000.0,78506000000,3388000000.0,50121000000.0,6426000000.0,,59935000000.0,7023000000,1164000000.0,22533000000,,151276000000,59643000000,922074000,IBM,Annual,balance
2023-12-31,USD,135241000000,32908000000,13068000000,13068000000,1161000000.0,13956000000,102333000000,,,11036000000.0,11036000000.0,60178000000.0,,,373000000,4350000000.0,,112628000000,34122000000,4132000000.0,,,7246000000.0,78506000000,3388000000.0,50121000000.0,6426000000.0,,59935000000.0,7023000000,1164000000.0,22533000000,,151276000000,59643000000,927300000,IBM,Quarterly,balance
2024-03-31,USD,137169000000,36663000000,14603000000,14603000000,1212000000.0,11678000000,100506000000,,,10749000000.0,10749000000.0,59534000000.0,,,4512000000,4658000000.0,,113836000000,32397000000,3588000000.0,,,6255000000.0,81439000000,3367000000.0,54033000000.0,5471000000.0,,62871000000.0,6793000000,10914000000.0,23261000000,,151362000000,60145000000,933400000,IBM,Quarterly,balance
2024-06-30,USD,133848000000,33299000000,12210000000,12210000000,1234000000.0,11601000000,100548000000,,,10251000000.0,10251000000.0,59416000000.0,,,1481000000,6773000000.0,,109744000000,29648000000,3631000000.0,,,4364000000.0,80097000000,3308000000.0,52929000000.0,3602000000.0,,59839000000.0,6319000000,10933000000.0,24026000000,,151659000000,60501000000,934397595,IBM,Quarterly,balance
2024-09-30,USD,134339000000,30543000000,13197000000,13197000000,1367000000.0,11574000000,103798000000,8969000000.0,,11091000000.0,11091000000.0,61092000000.0,,,505000000,3900000000.0,,109809000000,28853000000,3274000000.0,,,4389000000.0,80956000000,3547000000.0,52980000000.0,3599000000.0,,60126000000.0,6724000000,11187000000.0,24448000000,,149789000000,61013000000,923600000,IBM,Quarterly,balance
2024-12-31,USD,137175000000,34482000000,13947000000,13947000000,1289000000.0,14010000000,102694000000,8928000000.0,,10661000000.0,10661000000.0,60706000000.0,,,644000000,4592000000.0,,109782000000,33142000000,4032000000.0,,,5857000000.0,76640000000,3423000000.0,49884000000.0,5089000000.0,,58396000000.0,7313000000,981000000.0,27307000000,,151163000000,61380000000,937200000,IBM,Annual,balance
2024-12-31,USD,137175000000,34482000000,13947000000,13947000000,1289000000.0,14010000000,102694000000,8928000000.0,,10661000000.0,10661000000.0,60706000000.0,,,644000000,4592000000.0,,109782000000,33142000000,4032000000.0,,,5857000000.0,76640000000,3423000000.0,49884000000.0,5089000000.0,,58396000000.0,7313000000,981000000.0,27307000000,,151163000000,61380000000,942400000,IBM,Quarterly,balance
2025-03-31,USD,145667000000,35336000000,11035000000,11035000000,1431000000.0,11882000000,110330000000,9065000000.0,,12391000000.0,12391000000.0,66065000000.0,,,6430000000,4558000000.0,,118715000000,35106000000,3585000000.0,,,7711000000.0,83609000000,3551000000.0,56371000000.0,6913000000.0,,66835000000.0,7180000000,11105000000.0,26880000000,,150703000000,61913000000,945400000,IBM,Quarterly,balance
2025-06-30,USD,148585000000,34253000000,11943000000,11943000000,1251000000.0,12747000000,114332000000,9258000000.0,,12254000000.0,12254000000.0,67506000000.0,,,3504000000,4808000000.0,,120997000000,37726000000,3974000000.0,,,9765000000.0,83271000000,3555000000.0,55219000000.0,8945000000.0,,67719000000.0,7284000000,11522000000.0,27509000000,,151367000000,62392000000,946700000,IBM,Quarterly,balance
2025-09-30,USD,146312000000,32740000000,11569000000,11569000000,1397000000.0,12607000000,113572000000,9074000000.0,,11729000000.0,11729000000.0,67396000000.0,,,3286000000,3881000000.0,,118322000000,35142000000,3867000000.0,,,8749000000.0,83180000000,3453000000.0,55174000000.0,7942000000.0,,66569000000.0,6985000000,11762000000.0,27905000000,,151581000000,62819000000,948900000,IBM,Quarterly,balance
2025-12-31,USD,151880000000,35860000000,13641000000,13641000000,1220000000.0,17639000000,116020000000,9028000000.0,,11391000000.0,11391000000.0,67717000000.0,,,830000000,2530000000.0,,119140000000,38658000000,4756000000.0,,,7224000000.0,80482000000,3347000000.0,54836000000.0,6424000000.0,,67154000000.0,10577000000,1068000000.0,32648000000,,155648000000,63318000000,948700000,IBM,Annual,balance
2025-12-31,USD,151880000000,35860000000,13641000000,13641000000,1220000000.0,17639000000,116020000000,9028000000.0,,11391000000.0,11391000000.0,67717000000.0,,,830000000,2530000000.0,,119140000000,38658000000,4756000000.0,,,7224000000.0,80482000000,3347000000.0,54836000000.0,6424000000.0,,67154000000.0,8230000000,1068000000.0,32648000000,,155648000000,63318000000,952400000,IBM,Quarterly,balance
2026-03-31,USD,156229000000,31914000000,10819000000,10819000000,1476000000.0,14245000000,124315000000,,,14624000000.0,14624000000.0,74709000000.0,,,964000000,4410000000.0,,123174000000,40101000000,4039000000.0,,,9453000000.0,83074000000,3441000000.0,57706000000.0,8655000000.0,,69802000000.0,7522000000,9766000000.0,32974000000,,155327000000,63936000000,952100000,IBM,Quarterly,balance
2026-06-30,USD,152099000000,28398000000,7172000000,7172000000,1746000000.0,14048000000,119101000000,,,13955000000.0,13955000000.0,74599000000.0,,,960000000,4472000000.0,,117558000000,35912000000,4395000000.0,,,6545000000.0,81646000000,3285000000.0,56212000000.0,5775000000.0,,65272000000.0,6789000000,10044000000.0,34452000000,,155937000000,64600000000,952700000,IBM,Quarterly,balance
2006-06-30,USD,1328001000000,77245000000,52827000000,52827000000,36400000000.0,24418000000,1250756000000,8910000000.0,,24418000000.0,24418000000.0,59114000000.0,,,507117000000,661680000000.0,,1201885000000,869894000000,593716000000.0,,,193609000000.0,331991000000,,136107000000.0,,,340637000000.0,676285000000,,110684000000,-7062000000.0,38208000000,3658000000,3572200000,JPM,Quarterly,balance
2006-09-30,USD,1338029000000,74587000000,53409000000,53409000000,37585000000.0,21178000000,1263442000000,8553000000.0,,21178000000.0,21178000000.0,57810000000.0,,,504350000000,667248000000.0,,1208214000000,862230000000,582115000000.0,,,206530000000.0,345984000000,,139928000000.0,,,362710000000.0,655700000000,,113561000000,-7311000000.0,40283000000,3658000000,3574000000,JPM,Quarterly,balance
2006-12-31,USD,1351520000000,168767000000,53959000000,53959000000,55200000000.0,22891000000,1182753000000,8735000000.0,,14852000000.0,14852000000.0,45185000000.0,,,91917000000,583340000000.0,,1235730000000,967767000000,88096000000.0,,,181022000000.0,267963000000,,117358000000.0,,,344705000000.0,698649000000,,115790000000,-7718000000.0,43600000000,3658000000,3574000000,JPM,Annual,balance
2006-12-31,USD,1351520000000,168767000000,53959000000,53959000000,55200000000.0,22891000000,1182753000000,8735000000.0,,14852000000.0,14852000000.0,45185000000.0,,,91917000000,-39571000000.0,,1235730000000,967767000000,88096000000.0,,,181022000000.0,267963000000,,145630000000.0,,,344705000000.0,698649000000,,115790000000,-7718000000.0,43600000000,3658000000,3456400000,JPM,Quarterly,balance
2007-03-31,USD,1408918000000,86472000000,62809000000,62809000000,28100000000.0,23663000000,1322446000000,8728000000.0,,4205000000.0,4205000000.0,45063000000.0,,,652437000000,726607000000.0,,1278105000000,958302000000,626428000000.0,,,244271000000.0,319803000000,,155307000000.0,,,419449000000.0,714031000000,,117704000000,-10337000000.0,48105000000,3658000000,3559500000,JPM,Quarterly,balance
2007-06-30,USD,1458042000000,103901000000,77185000000,77185000000,18300000000.0,26716000000,1354141000000,9044000000.0,,4103000000.0,4103000000.0,45254000000.0,,,576476000000,641862000000.0,,1324023000000,967232000000,651370000000.0,,,231077000000.0,356791000000,,172163000000.0,,,432503000000.0,736155000000,,119211000000,-11398000000.0,51011000000,3658000000,3521600000,JPM,Quarterly,balance
2007-09-30,USD,1479575000000,85881000000,59480000000,59480000000,18363000000.0,26401000000,1393694000000,8892000000.0,,3959000000.0,3959000000.0,45335000000.0,,,589300000000,680924000000.0,,1346314000000,977360000000,678091000000.0,,,212745000000.0,368954000000,,188626000000.0,,,432525000000.0,764615000000,,119978000000,-13209000000.0,53064000000,3658000000,3477700000,JPM,Quarterly,balance
2007-12-31,USD,1562147000000,161839000000,51610000000,51610000000,18899000000.0,24823000000,1400308000000,9319000000.0,,14731000000.0,14731000000.0,45270000000.0,,,85406000000,833357000000.0,,1438926000000,1156986000000,54397000000.0,,,203994000000.0,281940000000,,169182000000.0,,,431839000000.0,898595000000,,123221000000,-12832000000.0,54715000000,3658000000,3445300000,JPM,Annual,balance
2007-12-31,USD,1562147000000,161839000000,51610000000,51610000000,18899000000.0,24823000000,1400308000000,9319000000.0,,14731000000.0,14731000000.0,45270000000.0,,,85406000000,833357000000.0,,1438926000000,1156986000000,54397000000.0,,,203994000000.0,281940000000,,197878000000.0,,,431839000000.0,898595000000,,123221000000,-12832000000.0,54715000000,3658000000,3396000000,JPM,Quarterly,balance
2008-03-31,USD,1642862000000,110291000000,59302000000,59302000000,15034000000.0,50989000000,1532571000000,9457000000.0,,3815000000.0,3815000000.0,45695000000.0,,,688456000000,795104000000.0,,1502711000000,1139379000000,761626000000.0,,,271665000000.0,363332000000,,205367000000.0,,,477032000000.0,867714000000,,125627000000,-11353000000.0,55762000000,3658000000,3494700000,JPM,Quarterly,balance
2008-06-30,USD,1775670000000,113699000000,49405000000,49405000000,,64294000000,1661971000000,10333000000.0,,3675000000.0,3675000000.0,45993000000.0,,,708284000000,794345000000.0,,1622423000000,1161378000000,722905000000.0,,,267469000000.0,461045000000,,277455000000.0,,,544924000000.0,893909000000,,133176000000,-9830000000.0,56313000000,3658000000,3453100000,JPM,Quarterly,balance
2008-09-30,USD,2251469000000,192954000000,88722000000,88722000000,9188000000.0,104232000000,2058515000000,9962000000.0,,3653000000.0,3653000000.0,46121000000.0,,,753925000000,1156818000000.0,,2094189000000,1676728000000,260563000000.0,,,446382000000.0,417461000000,,255432000000.0,,,701814000000.0,1230346000000,,145843000000,-9509000000.0,55217000000,3942000000,3512900000,JPM,Quarterly,balance
2008-12-31,USD,2175052000000,431930000000,165034000000,165034000000,8287000000.0,60987000000,1743122000000,10045000000.0,,14984000000.0,14984000000.0,48027000000.0,,,205909000000,1029202000000.0,,2008168000000,1605716000000,187978000000.0,,,241583000000.0,402452000000,,234657000000.0,,,633474000000.0,1176155000000,,166884000000,-9249000000.0,54013000000,3942000000,3604900000,JPM,Annual,balance
2008-12-31,USD,2175052000000,431930000000,165034000000,165034000000,8287000000.0,60987000000,1743122000000,10045000000.0,,14984000000.0,14984000000.0,48027000000.0,,,205909000000,1029202000000.0,,2008168000000,1605716000000,187978000000.0,,,241583000000.0,402452000000,,270683000000.0,,,633474000000.0,1176155000000,,166884000000,-9249000000.0,54013000000,3942000000,3737500000,JPM,Quarterly,balance
2009-03-31,USD,2079188000000,168714000000,116546000000,116546000000,9441000000.0,52168000000,1910474000000,10336000000.0,,15983000000.0,15983000000.0,48201000000.0,,,586937000000,1072393000000.0,,1908994000000,1525218000000,165521000000.0,,,312922000000.0,383776000000,,261845000000.0,,,687024000000.0,1046775000000,,170194000000,-8121000000.0,55487000000,3942000000,3758700000,JPM,Quarterly,balance
2009-06-30,USD,2026642000000,148317000000,87015000000,87015000000,19058000000.0,61302000000,1878325000000,10668000000.0,,19682000000.0,19682000000.0,48288000000.0,,651529000000.0,554796000000,1058498000000.0,,1871876000000,1505024000000,171685000000.0,,,343644000000.0,366852000000,,20945000000.0,,,689551000000.0,989695000000,941741000000.0,154766000000,-7984000000.0,56355000000,4105000000,3824100000,JPM,Quarterly,balance
2009-09-30,USD,2041009000000,140639000000,80691000000,80691000000,1971000000.0,59948000000,1900370000000,10675000000.0,,18525000000.0,18525000000.0,48334000000.0,,622511000000.0,595442000000,1025534000000.0,,1878756000000,1537949000000,171386000000.0,,,364139000000.0,340807000000,,17859000000.0,,,687087000000.0,1002424000000,939000000000.0,162253000000,-7338000000.0,59573000000,4105000000,3962000000,JPM,Quarterly,balance
2009-12-31,USD,2031989000000,517228000000,89436000000,89436000000,6424000000.0,67427000000,1514761000000,11118000000.0,,20152000000.0,20152000000.0,48357000000.0,,601856000000.0,360365000000,701929000000.0,,1866624000000,1529341000000,162696000000.0,,,303207000000.0,337283000000,,281543000000.0,,,625265000000.0,1063438000000,604920000000.0,165365000000,-7196000000.0,62481000000,4105000000,3879700000,JPM,Annual,balance
2009-12-31,USD,2031989000000,517228000000,89436000000,89436000000,6424000000.0,67427000000,1514761000000,11118000000.0,,20152000000.0,20152000000.0,48357000000.0,,601856000000.0,360365000000,701929000000.0,,1866624000000,1529341000000,162696000000.0,,,303207000000.0,337283000000,,281543000000.0,,,625265000000.0,1063438000000,604920000000.0,165365000000,-7196000000.0,62481000000,4105000000,3974100000,JPM,Quarterly,balance
2010-03-31,USD,2135796000000,144427000000,90436000000,90436000000,1606000000.0,53991000000,1991369000000,11123000000.0,,19914000000.0,19914000000.0,48359000000.0,,675613000000.0,656251000000,1141469000000.0,,1971075000000,1566182000000,154185000000.0,,,345725000000.0,404893000000,,355912000000.0,,,657563000000.0,1066272000000,641977000000.0,164721000000,-5722000000.0,61043000000,4105000000,3994700000,JPM,Quarterly,balance
2010-06-30,USD,2014019000000,94101000000,72236000000,72236000000,1662000000.0,141510000000,63765000000,11267000000.0,,16031000000.0,16031000000.0,48320000000.0,,663647000000.0,596532000000,1095349000000.0,,1842899000000,41082000000,160478000000.0,,,41082000000.0,1801817000000,,471648000000.0,,,512730000000.0,-160478000000,442364000000.0,171120000000,-5683000000.0,65465000000,4105000000,4005600000,JPM,Quarterly,balance
2010-09-30,USD,2141595000000,87184000000,55037000000,55037000000,1898000000.0,160517000000,64034000000,11316000000.0,,14287000000.0,14287000000.0,48736000000.0,,656370000000.0,0,1133312000000.0,,1967765000000,38611000000,169365000000.0,,,38611000000.0,1929154000000,,490848000000.0,,,529459000000.0,-169365000000,535168000000.0,173830000000,-7572000000.0,69531000000,4105000000,3971900000,JPM,Quarterly,balance
2010-12-31,USD,2117605000000,516186000000,49240000000,49240000000,7135000000.0,150628000000,805644000000,13355000000.0,,17688000000.0,17688000000.0,48854000000.0,,660661000000.0,316318000000,868829000000.0,,1941499000000,205693000000,170330000000.0,,,35363000000.0,381925000000,,471484000000.0,,,506847000000.0,-205693000000,504283000000.0,176106000000,-8160000000.0,73998000000,4105000000,3976900000,JPM,Annual,balance
2010-12-31,USD,2117605000000,516186000000,49240000000,49240000000,7135000000.0,150628000000,805644000000,13355000000.0,,17688000000.0,17688000000.0,48854000000.0,,660661000000.0,316318000000,868829000000.0,,1941499000000,205693000000,170330000000.0,,,35363000000.0,381925000000,,471484000000.0,,,506847000000.0,-205693000000,504283000000.0,176106000000,-8160000000.0,73998000000,4105000000,3935200000,JPM,Quarterly,balance
2011-03-31,USD,2198161000000,102705000000,104311000000,104311000000,0.0,157980000000,66135000000,13422000000.0,,16950000000.0,16950000000.0,48856000000.0,,656246000000.0,217356000000,1600586000000.0,,2017563000000,46022000000,171638000000.0,,,46022000000.0,1971541000000,,481926000000.0,,,527948000000.0,-171638000000,493786000000.0,180598000000,-4968000000.0,78342000000,4105000000,4014100000,JPM,Quarterly,balance
2011-06-30,USD,2246764000000,110758000000,200346000000,200346000000,0.0,157675000000,66240000000,13679000000.0,,15922000000.0,15922000000.0,48882000000.0,,661216000000.0,213362000000,1562902000000.0,,2063885000000,51160000000,184490000000.0,,,51160000000.0,2012725000000,,495218000000.0,,,546378000000.0,-184490000000,284332000000.0,182879000000,-8284000000.0,82612000000,4105000000,3958400000,JPM,Quarterly,balance
2011-09-30,USD,2289240000000,128846000000,185643000000,185643000000,0.0,180933000000,65388000000,13812000000.0,,11229000000.0,11229000000.0,48180000000.0,,668503000000.0,248042000000,1618947000000.0,,2106953000000,51073000000,199769000000.0,,,51073000000.0,2055880000000,,495500000000.0,,,546573000000.0,-199769000000,267903000000.0,182287000000,-12333000000.0,85726000000,4105000000,3872200000,JPM,Quarterly,balance
2011-12-31,USD,2265792000000,121080000000,144881000000,144881000000,3651000000.0,153955000000,65436000000,14041000000.0,,10430000000.0,10430000000.0,48188000000.0,,696111000000.0,364781000000,903092000000.0,,2082219000000,51631000000,202895000000.0,,,51631000000.0,2030588000000,,464447000000.0,,,516078000000.0,-202895000000,235440000000.0,183573000000,-13155000000.0,88315000000,4105000000,3920300000,JPM,Annual,balance
2011-12-31,USD,2265792000000,121080000000,144881000000,144881000000,3651000000.0,153955000000,65436000000,14041000000.0,,10430000000.0,10430000000.0,48188000000.0,,696111000000.0,364781000000,903092000000.0,,2082219000000,51631000000,202895000000.0,,,51631000000.0,2030588000000,,464447000000.0,,,516078000000.0,-202895000000,235440000000.0,183573000000,-13155000000.0,88315000000,4105000000,3811700000,JPM,Quarterly,balance
2012-03-31,USD,2320330000000,120216000000,170411000000,170411000000,1031000000.0,150210000000,65450000000,14213000000.0,,11068000000.0,11068000000.0,48208000000.0,,695096000000.0,696484000000,1173855000000.0,,2130602000000,50577000000,204148000000.0,,,50577000000.0,2080025000000,,469877000000.0,,,520454000000.0,-204148000000,277781000000.0,189728000000,-11201000000.0,92347000000,4105000000,3833400000,JPM,Quarterly,balance
2012-06-30,USD,2290146000000,112805000000,175249000000,175249000000,839000000.0,153482000000,65150000000,14206000000.0,,9931000000.0,9931000000.0,48131000000.0,,703780000000.0,672512000000,1202771000000.0,,2098574000000,50563000000,207126000000.0,,,50563000000.0,2048011000000,,441653000000.0,,,492216000000.0,-207126000000,283346000000.0,191572000000,-12286000000.0,95518000000,4105000000,3820500000,JPM,Quarterly,balance
2012-09-30,USD,2321284000000,116332000000,157687000000,157687000000,2899000000.0,142952000000,65090000000,14271000000.0,,9721000000.0,9721000000.0,48178000000.0,,699123000000.0,729044000000,1215484000000.0,,2121591000000,55474000000,203042000000.0,,,55474000000.0,2066117000000,,443991000000.0,,,499465000000.0,-203042000000,257218000000.0,199693000000,-12177000000.0,99888000000,4105000000,3813900000,JPM,Quarterly,balance
2012-12-31,USD,2359141000000,114656000000,175537000000,175537000000,5181000000.0,135916000000,64929000000,14519000000.0,,9849000000.0,9849000000.0,48175000000.0,,711860000000.0,375045000000,966586000000.0,,2155072000000,55367000000,195240000000.0,,,55367000000.0,2099705000000,,444133000000.0,,,499500000000.0,-195240000000,240103000000.0,204069000000,-12002000000.0,104223000000,4105000000,3822500000,JPM,Annual,balance
2012-12-31,USD,2359141000000,114656000000,175537000000,175537000000,5181000000.0,135916000000,64929000000,14519000000.0,,9849000000.0,9849000000.0,48175000000.0,,711860000000.0,375045000000,966586000000.0,,2155072000000,55367000000,195240000000.0,,,55367000000.0,2099705000000,,444133000000.0,,,499500000000.0,-195240000000,240103000000.0,204069000000,-12002000000.0,104223000000,4105000000,3827853768,JPM,Quarterly,balance
2013-03-31,USD,2389349000000,119732000000,303159000000,303159000000,4942000000.0,144817000000,64690000000,14541000000.0,,10031000000.0,10031000000.0,48067000000.0,,708106000000.0,360382000000,782226000000.0,,2182263000000,58835000000,193089000000.0,,,86035000000.0,2123428000000,,452387000000.0,,,538422000000.0,-220289000000,248245000000.0,207086000000,-13010000000.0,109402000000,4105000000,3855974842,JPM,Quarterly,balance
2013-06-30,USD,2439747000000,110776000000,340532000000,340532000000,4493000000.0,155313000000,64582000000,14574000000.0,,11286000000.0,11286000000.0,48057000000.0,,706202000000.0,327719000000,859569000000.0,,2230255000000,56631000000,211432000000.0,,,87016000000.0,2173624000000,,469895000000.0,,,556911000000.0,-241817000000,258962000000.0,209492000000,-14071000000.0,114216000000,4105000000,3814300000,JPM,Quarterly,balance
2013-09-30,USD,2463309000000,96933000000,402109000000,402109000000,4827000000.0,133057000000,64793000000,14876000000.0,,11307000000.0,11307000000.0,48100000000.0,,711108000000.0,316560000000,864184000000.0,,2256639000000,53741000000,212283000000.0,,,84177000000.0,2202898000000,,460349000000.0,,,544526000000.0,-242719000000,218728000000.0,206670000000,-14652000000.0,112135000000,4105000000,3767002219,JPM,Quarterly,balance
2013-12-31,USD,2415689000000,816718000000,355822000000,355822000000,12981000000.0,130919000000,737112000000,14891000000.0,,11232000000.0,11232000000.0,48081000000.0,,722154000000.0,308905000000,968158000000.0,,2204511000000,252339000000,194491000000.0,,,57848000000.0,376313000000,,455250000000.0,,,513098000000.0,-252339000000,181163000000.0,211178000000,-14847000000.0,115756000000,4105000000,3814976958,JPM,Annual,balance
2013-12-31,USD,2415689000000,816718000000,355822000000,355822000000,12981000000.0,130919000000,737112000000,14891000000.0,,11232000000.0,11232000000.0,48081000000.0,,722154000000.0,308905000000,968158000000.0,,2204511000000,252339000000,194491000000.0,,,57848000000.0,376313000000,,455250000000.0,,,513098000000.0,-252339000000,181163000000.0,211178000000,-14847000000.0,115756000000,4105000000,3797100000,JPM,Quarterly,balance
2014-03-31,USD,2476986000000,99443000000,398852000000,398852000000,765000000.0,132394000000,64473000000,14919000000.0,,10041000000.0,10041000000.0,48065000000.0,,715124000000.0,315932000000,889001000000.0,,2257331000000,60825000000,202499000000.0,,,92776000000.0,2196506000000,,461909000000.0,,,554685000000.0,-234450000000,217442000000.0,219655000000,-13729000000.0,119318000000,4105000000,3823600000,JPM,Quarterly,balance
2014-06-30,USD,2520336000000,104619000000,421432000000,421432000000,675000000.0,139474000000,64665000000,15216000000.0,,9686000000.0,9686000000.0,48110000000.0,,731657000000.0,330165000000,864170000000.0,,2293022000000,63804000000,203885000000.0,,,98517000000.0,2229218000000,,454308000000.0,,,552825000000.0,-238598000000,216561000000.0,227314000000,-15047000000.0,123497000000,4105000000,3813698630,JPM,Quarterly,balance
2014-09-30,USD,2527005000000,925845000000,439684000000,439684000000,584000000.0,147957000000,1601160000000,15177000000.0,,9510000000.0,9510000000.0,47970000000.0,,728368000000.0,338204000000,823941000000.0,,2295728000000,1979443000000,211055000000.0,,,290598000000.0,316285000000,,190820000000.0,,,559319000000.0,1477790000000,467467000000.0,231277000000,-16430000000.0,127234000000,4105000000,3798519000,JPM,Quarterly,balance
2014-12-31,USD,2572274000000,881139000000,512308000000,512308000000,7776000000.0,70079000000,1691135000000,15133000000.0,,8628000000.0,8628000000.0,47647000000.0,,743151000000.0,298752000000,78975000000.0,,2340547000000,1909154000000,134467000000.0,,,258445000000.0,431393000000,,205177000000.0,692582000000.0,,565046000000.0,1516242000000,468937000000.0,231727000000,-17856000000.0,129977000000,4105000000,3797500000,JPM,Annual,balance
2014-12-31,USD,2572274000000,881139000000,512308000000,512308000000,7776000000.0,70079000000,1691135000000,15133000000.0,,8628000000.0,8628000000.0,47647000000.0,,743151000000.0,298752000000,78975000000.0,,2340547000000,1909154000000,134467000000.0,,,258445000000.0,431393000000,,205177000000.0,692582000000.0,,565046000000.0,1516242000000,468937000000.0,231727000000,-17856000000.0,129977000000,4105000000,3765200000,JPM,Quarterly,balance
2015-03-31,USD,2577148000000,881082000000,529204000000,529204000000,504000000.0,70006000000,1696066000000,14963000000.0,,7769000000.0,7769000000.0,47453000000.0,,750120000000.0,281872000000,1056148000000.0,,2341284000000,1778393000000,202157000000.0,,,252233000000.0,562891000000,,209364000000.0,,,556366000000.0,1324003000000,477186000000.0,235864000000,-18436000000.0,134048000000,4105000000,3760000000,JPM,Quarterly,balance
2015-06-30,USD,2449599000000,758745000000,422902000000,422902000000,449000000.0,69642000000,1690854000000,15073000000.0,,8662000000.0,8662000000.0,47476000000.0,,777332000000.0,266201000000,1071818000000.0,,2208394000000,1649889000000,191749000000.0,,,223135000000.0,558505000000,,189424000000.0,,,535908000000.0,1235005000000,467590000000.0,241205000000,-19397000000.0,138294000000,4105000000,3750649000,JPM,Quarterly,balance
2015-09-30,USD,2417121000000,711871000000,397454000000,397454000000,415000000.0,57926000000,1705250000000,14709000000.0,,7752000000.0,7752000000.0,47405000000.0,,795991000000.0,256491000000,1100608000000.0,,2171393000000,1614555000000,187986000000.0,,,199975000000.0,556838000000,,190207000000.0,,,516098000000.0,1226594000000,473264000000.0,245728000000,-20541000000.0,143050000000,4105000000,3732143000,JPM,Quarterly,balance
2015-12-31,USD,2351698000000,648864000000,360505000000,360505000000,325000000.0,46605000000,1702834000000,14362000000.0,,7623000000.0,7623000000.0,47325000000.0,,823744000000.0,241754000000,1112282000000.0,,2104125000000,1682484000000,107632000000.0,,,168240000000.0,421641000000,,168776000000.0,577065000000.0,,477996000000.0,1406612000000,441329000000.0,247573000000,-21691000000.0,146420000000,4105000000,3775167000,JPM,Annual,balance
2015-12-31,USD,2351698000000,648864000000,360505000000,360505000000,2047000000.0,46605000000,1702834000000,14362000000.0,,7623000000.0,7623000000.0,47325000000.0,,823744000000.0,241754000000,1112282000000.0,,2104125000000,1682484000000,107632000000.0,,,168240000000.0,421641000000,,168776000000.0,577065000000.0,,477996000000.0,1406612000000,441329000000.0,247573000000,-21691000000.0,146420000000,4105000000,3723335000,JPM,Quarterly,balance
2016-03-31,USD,2423808000000,673448000000,378408000000,378408000000,376000000.0,57649000000,1750360000000,14195000000.0,,6598000000.0,6598000000.0,47310000000.0,,833319000000.0,237391000000,1159961000000.0,,2173651000000,1647587000000,176934000000.0,,,178489000000.0,526064000000,,185955000000.0,198192000000.0,,484976000000.0,1292164000000,451753000000.0,250157000000,-22289000000.0,149730000000,4105000000,3696900000,JPM,Quarterly,balance
2016-06-30,USD,2466096000000,655015000000,365305000000,365305000000,352000000.0,64911000000,1811081000000,14262000000.0,,5989000000.0,5989000000.0,47303000000.0,,858577000000.0,224799000000,1215692000000.0,,2213673000000,1673239000000,184635000000.0,,,183323000000.0,540434000000,,199185000000.0,203268000000.0,,494929000000.0,1305281000000,461671000000.0,252423000000,-25070000000.0,153749000000,4105000000,3666500000,JPM,Quarterly,balance
2016-09-30,USD,2521029000000,702313000000,417590000000,417590000000,409000000.0,64333000000,1818716000000,14208000000.0,,5824000000.0,5824000000.0,47302000000.0,,,220390000000,1246420000000.0,,2266698000000,1700156000000,190412000000.0,,,180749000000.0,566542000000,,185502000000.0,205228000000.0,,510683000000.0,1328995000000,477909000000.0,254331000000,-27268000000.0,157870000000,4105000000,3629600000,JPM,Quarterly,balance
2016-12-31,USD,2490972000000,680856000000,389635000000,389635000000,-1809551000000.0,52330000000,1810116000000,14131000000.0,,6958000000.0,6958000000.0,47288000000.0,,661189000000.0,238891000000,459964000000.0,,2236782000000,1898690000000,109842000000.0,,,200109000000.0,338092000000,,175706000000.0,11738000000.0,,495354000000.0,1588739000000,460911000000.0,254190000000,-28854000000.0,162440000000,4105000000,3649800000,JPM,Annual,balance
2016-12-31,USD,2490972000000,680856000000,389635000000,389635000000,3057000000.0,52330000000,1810116000000,14131000000.0,,6958000000.0,6958000000.0,47288000000.0,,297753000000.0,238891000000,1194723000000.0,,2236782000000,1898690000000,109842000000.0,,,200109000000.0,338092000000,,175706000000.0,46705000000.0,,495354000000.0,1588739000000,460911000000.0,254190000000,-28854000000.0,162440000000,4105000000,3608922000,JPM,Quarterly,balance
2017-03-31,USD,2546290000000,753370000000,460395000000,460395000000,418000000.0,60038000000,1792920000000,14227000000.0,,6926000000.0,6926000000.0,47292000000.0,,,232937000000,1205488000000.0,,2290427000000,1756711000000,183200000000.0,,,198224000000.0,533716000000,,172170000000.0,222566000000.0,,509716000000.0,1375287000000,472808000000.0,255863000000,-30424000000.0,166663000000,4105000000,3630400000,JPM,Quarterly,balance
2017-06-30,USD,2563174000000,728896000000,449161000000,449161000000,371000000.0,64038000000,1834278000000,14206000000.0,,6580000000.0,6580000000.0,47300000000.0,,,215697000000,1248491000000.0,,2304691000000,1760724000000,189160000000.0,,,187828000000.0,543967000000,,164321000000.0,595930000000.0,,509399000000.0,1383736000000,458594000000.0,258483000000,-33369000000.0,171488000000,4105000000,3614296000,JPM,Quarterly,balance
2017-09-30,USD,2563074000000,735770000000,457804000000,457804000000,357000000.0,61757000000,1827304000000,14218000000.0,,6546000000.0,6546000000.0,47309000000.0,,,216209000000,1217168000000.0,,2304692000000,1761203000000,196764000000.0,,,193641000000.0,543489000000,,156959000000.0,592312000000.0,,509608000000.0,1370798000000,458387000000.0,258382000000,-37985000000.0,175827000000,4105000000,3559600000,JPM,Quarterly,balance
2017-12-31,USD,2533600000000,701258000000,431304000000,431304000000,-1847718000000.0,67729000000,1832342000000,14159000000.0,,6885000000.0,6885000000.0,47507000000.0,,575279000000.0,202225000000,483418000000.0,,2277907000000,1962846000000,102727000000.0,,,210718000000.0,315061000000,,149744000000.0,24186000000.0,,494798000000.0,1649401000000,443345000000.0,255693000000,-42595000000.0,177676000000,4105000000,3576800000,JPM,Annual,balance
2017-12-31,USD,2533600000000,701258000000,431304000000,431304000000,3704000000.0,67729000000,1832342000000,14159000000.0,,6885000000.0,6885000000.0,47507000000.0,,257699000000.0,202225000000,1243233000000.0,,2277907000000,1962846000000,102727000000.0,,,210718000000.0,315061000000,,149744000000.0,43174000000.0,,494798000000.0,1649401000000,443345000000.0,255693000000,-42595000000.0,177676000000,4105000000,3512200000,JPM,Quarterly,balance
2018-03-31,USD,2609785000000,696617000000,414812000000,414812000000,6254000000.0,72659000000,1913168000000,14382000000.0,,7034000000.0,7034000000.0,47499000000.0,,238128000000.0,209146000000,1336154000000.0,,2353584000000,1830075000000,192295000000.0,,,206577000000.0,523509000000,,158121000000.0,584708000000.0,,515521000000.0,1431203000000,453888000000.0,256201000000,-45954000000.0,183855000000,4105000000,3479500000,JPM,Quarterly,balance
2018-06-30,USD,2590050000000,682858000000,405180000000,405180000000,239000000.0,75669000000,1907192000000,14132000000.0,,7047000000.0,7047000000.0,47488000000.0,,232940000000.0,202009000000,1321513000000.0,,2332592000000,1805302000000,196984000000.0,,,203342000000.0,527290000000,,171161000000.0,582792000000.0,,511643000000.0,1404976000000,448740000000.0,257458000000,-50829000000.0,189881000000,4105000000,3441048000,JPM,Quarterly,balance
2018-09-30,USD,2615183000000,697919000000,419097000000,419097000000,237000000.0,78792000000,1917264000000,14180000000.0,,7214000000.0,7214000000.0,47483000000.0,,231323000000.0,200030000000,1322546000000.0,,2356227000000,1856155000000,209707000000.0,,,246243000000.0,500072000000,,171391000000.0,578301000000.0,,516367000000.0,1400205000000,452062000000.0,258956000000,-54980000000.0,195180000000,4105000000,3396581000,JPM,Quarterly,balance
2018-12-31,USD,2622532000000,582387000000,278793000000,278793000000,-1253772000000.0,73200000000,2040145000000,14934000000.0,,6878000000.0,6878000000.0,47471000000.0,,675542000000.0,230394000000,617172000000.0,,2366017000000,2057945000000,114794000000.0,,,251596000000.0,308072000000,,165014000000.0,69276000000.0,,533627000000.0,1691555000000,464663000000.0,256515000000,-60494000000.0,199202000000,4105000000,3414000000,JPM,Annual,balance
2018-12-31,USD,2622532000000,582387000000,278793000000,278793000000,240000000.0,73200000000,2040145000000,14934000000.0,,6878000000.0,6878000000.0,47471000000.0,,269653000000.0,230394000000,1384393000000.0,,2366017000000,2057945000000,114794000000.0,,,251596000000.0,308072000000,,165014000000.0,32394000000.0,,533627000000.0,1691555000000,464663000000.0,256515000000,-60494000000.0,199202000000,4105000000,3347300000,JPM,Quarterly,balance
2019-03-31,USD,2737188000000,611360000000,302604000000,302604000000,242000000.0,72240000000,2125828000000,24160000000.0,,6694000000.0,6694000000.0,47474000000.0,,800767000000.0,236516000000,1400046000000.0,,2477351000000,1944330000000,216173000000.0,,,293982000000.0,533021000000,,182862000000.0,71305000000.0,,584875000000.0,1434175000000,513872000000.0,259837000000,-64289000000.0,205437000000,4105000000,3313878000,JPM,Quarterly,balance
2019-06-30,USD,2727379000000,632794000000,268038000000,268038000000,273000000.0,88399000000,2094585000000,24665000000.0,,5825000000.0,5825000000.0,47477000000.0,,830637000000.0,276357000000,1327544000000.0,,2464164000000,1933573000000,216137000000.0,,,261573000000.0,530591000000,,173224000000.0,59890000000.0,,550442000000.0,1455863000000,490843000000.0,263215000000,-69428000000.0,212093000000,4105000000,3259700000,JPM,Quarterly,balance
2019-09-30,USD,2764661000000,699006000000,256597000000,256597000000,235000000.0,88988000000,2065655000000,25117000000.0,,5260000000.0,5260000000.0,47818000000.0,,890126000000.0,353421000000,1236161000000.0,,2500313000000,1960263000000,225063000000.0,,,296659000000.0,540050000000,,156858000000.0,48893000000.0,,593131000000.0,1438541000000,544539000000.0,264348000000,-76299000000.0,217888000000,4105000000,3211194000,JPM,Quarterly,balance
2019-12-31,USD,2687379000000,676866000000,263631000000,263631000000,-1136854000000.0,72861000000,2010513000000,25813000000.0,,5518000000.0,5518000000.0,47823000000.0,,809342000000.0,340374000000,459988000000.0,,2426049000000,2110310000000,118375000000.0,,,224595000000.0,315739000000,,137118000000.0,40920000000.0,,516093000000.0,1767340000000,475620000000.0,261330000000,-83049000000.0,223211000000,4105000000,3230400000,JPM,Annual,balance
2019-12-31,USD,2687379000000,676866000000,263631000000,263631000000,238000000.0,72861000000,2010513000000,25813000000.0,,5518000000.0,5518000000.0,47823000000.0,,809342000000.0,340374000000,1223214000000.0,,2426049000000,2110310000000,118375000000.0,,,224595000000.0,315739000000,,137118000000.0,40920000000.0,,516093000000.0,1767340000000,475620000000.0,261330000000,-83049000000.0,223211000000,4105000000,3153884000,JPM,Quarterly,balance
2020-03-31,USD,3139431000000,872578000000,367534000000,367534000000,253000000.0,122064000000,2266853000000,25882000000.0,,4067000000.0,4067000000.0,47800000000.0,,399944000000.0,382980000000,1330244000000.0,,2878169000000,2305321000000,253874000000.0,,,285116000000.0,572848000000,,203826000000.0,51909000000.0,,584460000000.0,1766331000000,532867000000.0,261262000000,-88386000000.0,220226000000,4105000000,3100600000,JPM,Quarterly,balance
2020-06-30,USD,3213115000000,1023397000000,493729000000,493729000000,189000000.0,72260000000,2189718000000,26301000000.0,,3858000000.0,3858000000.0,47811000000.0,,485883000000.0,457408000000,1213521000000.0,,2948649000000,2379902000000,230916000000.0,,,283661000000.0,568747000000,,186040000000.0,48014000000.0,,600664000000.0,1865325000000,552893000000.0,264466000000,-88337000000.0,221732000000,4105000000,3090580000,JPM,Quarterly,balance
2020-09-30,USD,3246076000000,919765000000,487522000000,487522000000,197000000.0,76945000000,2326311000000,26672000000.0,,3775000000.0,3775000000.0,47819000000.0,,389583000000.0,355298000000,1397713000000.0,,2974963000000,2442341000000,234256000000.0,,,278432000000.0,532622000000,,181684000000.0,41992000000.0,,557607000000.0,1929653000000,515851000000.0,271113000000,-88287000000.0,228014000000,4105000000,3087329000,JPM,Quarterly,balance
2020-12-31,USD,3384757000000,974063000000,527609000000,527609000000,-1578413000000.0,90503000000,2410694000000,27109000000.0,,4180000000.0,4180000000.0,49248000000.0,,388178000000.0,355951000000,604350000000.0,,3105403000000,2798440000000,140291000000.0,,,260417000000.0,306963000000,,187759000000.0,45208000000.0,,542102000000.0,2397732000000,497127000000.0,279354000000,-88184000000.0,236990000000,4105000000,3087400000,JPM,Annual,balance
2020-12-31,USD,3384757000000,974063000000,527609000000,527609000000,333000000.0,90503000000,2410694000000,27109000000.0,,4180000000.0,4180000000.0,49248000000.0,,388178000000.0,355951000000,1401218000000.0,,3105403000000,2798440000000,140291000000.0,,,260417000000.0,306963000000,,187759000000.0,45208000000.0,,542102000000.0,2397732000000,497127000000.0,279354000000,-88184000000.0,236990000000,4105000000,3085184000,JPM,Quarterly,balance
2021-03-31,USD,3689336000000,1141228000000,711072000000,711072000000,551000000.0,114754000000,2548108000000,26926000000.0,,5345000000.0,5345000000.0,49243000000.0,,1068327000000.0,315402000000,1506708000000.0,,3408622000000,2828458000000,285066000000.0,,,358997000000.0,580164000000,,279427000000.0,54978000000.0,,638424000000.0,2184395000000,583685000000.0,280714000000,-92151000000.0,248151000000,4105000000,3078900000,JPM,Quarterly,balance
2021-06-30,USD,3684256000000,1050636000000,705421000000,705421000000,-2517200000000.0,125253000000,2633620000000,45931000000.0,,5399000000.0,5399000000.0,49256000000.0,,1023514000000.0,219962000000,729223000000.0,,3397870000000,2786459000000,297082000000.0,,,297375000000.0,611411000000,,427748000000.0,51938000000.0,,597301000000.0,2192002000000,545596000000.0,286386000000,-98304000000.0,256983000000,4105000000,3041900000,JPM,Quarterly,balance
2021-09-30,USD,3757576000000,1114233000000,759869000000,759869000000,-2665841000000.0,116395000000,2643343000000,26996000000.0,,6253000000.0,6253000000.0,50313000000.0,,1043125000000.0,237969000000,763309000000.0,,3467535000000,2887209000000,268604000000.0,,,305313000000.0,580326000000,,298465000000.0,50393000000.0,,603778000000.0,2313292000000,553619000000.0,290041000000,-103498000000.0,265276000000,4105000000,3005100000,JPM,Quarterly,balance
2021-12-31,USD,3743567000000,1133661000000,740834000000,740834000000,-1744961000000.0,102570000000,2609906000000,27070000000.0,,6376000000.0,6376000000.0,50315000000.0,,1048726000000.0,290257000000,611300000000.0,,3449440000000,3127885000000,169172000000.0,,,247934000000.0,321555000000,,301005000000.0,53594000000.0,,548939000000.0,2710779000000,495590000000.0,294127000000,-105415000000.0,272268000000,4105000000,3026600000,JPM,Annual,balance
2021-12-31,USD,3743567000000,1133661000000,740834000000,740834000000,-1802042000000.0,102570000000,2609906000000,27070000000.0,,6376000000.0,6376000000.0,50315000000.0,,1048726000000.0,290257000000,611300000000.0,,3449440000000,3127885000000,169172000000.0,,,247934000000.0,321555000000,,301005000000.0,53594000000.0,,548939000000.0,2710779000000,495590000000.0,294127000000,-105415000000.0,272268000000,4105000000,2981800000,JPM,Quarterly,balance
2022-03-31,USD,3954687000000,1199495000000,754532000000,754532000000,-2018856000000.0,152207000000,2755192000000,26916000000.0,,8187000000.0,8187000000.0,50298000000.0,,1117352000000.0,292756000000,745725000000.0,,3668788000000,3044734000000,320671000000.0,,,281444000000.0,624054000000,,293239000000.0,57586000000.0,,574683000000.0,2442619000000,517350000000.0,285899000000,-106914000000.0,277177000000,4105000000,2981000000,JPM,Quarterly,balance
2022-06-30,USD,3841314000000,1021609000000,669260000000,669260000000,-1886356000000.0,145442000000,2819705000000,26770000000.0,,8663000000.0,8663000000.0,50697000000.0,,1047978000000.0,206907000000,783430000000.0,,3555171000000,2942993000000,313326000000.0,,,281141000000.0,612178000000,,426103000000.0,58422000000.0,,569353000000.0,2348526000000,511198000000.0,286143000000,,282445000000,4105000000,2966300000,JPM,Quarterly,balance
2022-09-30,USD,3773884000000,965118000000,644187000000,644187000000,-1705380000000.0,143905000000,2808766000000,27199000000.0,,9345000000.0,9345000000.0,51461000000.0,,1032199000000.0,177026000000,1789872000000.0,,3485866000000,2886298000000,300016000000.0,,,287805000000.0,599568000000,,201957000000.0,47866000000.0,,575278000000.0,2298477000000,527686000000.0,288018000000,,288776000000,4105000000,2965400000,JPM,Quarterly,balance
2022-12-31,USD,3665743000000,889122000000,567234000000,567234000000,-1647386000000.0,125189000000,2776621000000,27734000000.0,,9197000000.0,9197000000.0,51662000000.0,,1014081000000.0,196699000000,758264000000.0,,3373411000000,3053636000000,188692000000.0,,,246640000000.0,319775000000,,190586000000.0,44027000000.0,,542505000000.0,2572138000000,498757000000.0,292332000000,,296456000000,4105000000,2970000000,JPM,Annual,balance
2022-12-31,USD,3665743000000,889122000000,567234000000,567234000000,-1647386000000.0,125189000000,2776621000000,27734000000.0,,9197000000.0,9197000000.0,51662000000.0,,1014081000000.0,196699000000,758264000000.0,,3373411000000,3053636000000,188692000000.0,,,246640000000.0,319775000000,,190586000000.0,44027000000.0,,542505000000.0,2572138000000,498757000000.0,292332000000,,296456000000,4105000000,2967100000,JPM,Quarterly,balance
2023-03-31,USD,3744305000000,844825000000,546000000000,546000000000,-1753431000000.0,115316000000,2899480000000,28266000000.0,,9946000000.0,9946000000.0,52144000000.0,,1129693000000.0,183509000000,908606000000.0,,3441223000000,2855754000000,275077000000.0,,,288637000000.0,585469000000,,440642000000.0,42241000000.0,,584126000000.0,2292040000000,542140000000.0,303082000000,,306208000000,4105000000,2972700000,JPM,Quarterly,balance
2023-06-30,USD,3868240000000,797082000000,495123000000,495123000000,-1733114000000.0,111561000000,3071158000000,29493000000.0,,11858000000.0,11858000000.0,52380000000.0,,1184982000000.0,190398000000,936032000000.0,,3555724000000,2899508000000,286934000000.0,,,321737000000.0,656216000000,,364078000000.0,41022000000.0,,671372000000.0,2290837000000,630597000000.0,312516000000,,317359000000,4105000000,2948300000,JPM,Quarterly,balance
2023-09-30,USD,3898333000000,823692000000,511369000000,511369000000,-1779732000000.0,127752000000,3074641000000,29677000000.0,,12418000000.0,12418000000.0,52492000000.0,,1120303000000.0,184571000000,956040000000.0,,3580962000000,2901203000000,292070000000.0,,,314220000000.0,679759000000,,362793000000.0,45470000000.0,,677013000000.0,2294913000000,,317371000000,,327044000000,4105000000,2932100000,JPM,Quarterly,balance
2023-12-31,USD,3875393000000,923999000000,624151000000,624151000000,-1856346000000.0,107363000000,2951394000000,30157000000.0,,11747000000.0,11747000000.0,52634000000.0,,973946000000.0,192485000000,824984000000.0,,3547515000000,2963476000000,161960000000.0,,,261247000000.0,584039000000,,391825000000.0,44712000000.0,,653072000000.0,2540269000000,,327878000000,,332901000000,4105000000,2943100000,JPM,Annual,balance
2023-12-31,USD,3875393000000,923999000000,624151000000,624151000000,-1856346000000.0,107363000000,2951394000000,,,11747000000.0,11747000000.0,52634000000.0,,973946000000.0,192485000000,824984000000.0,,3547515000000,3119470000000,161960000000.0,,,261247000000.0,428045000000,,391825000000.0,44712000000.0,,653072000000.0,2696263000000,,327878000000,,332901000000,4105000000,2919100000,JPM,Quarterly,balance
2024-03-31,USD,4090727000000,917285000000,562116000000,562116000000,-13842037800000.0,129823000000,3173442000000,,,11738000000.0,11738000000.0,52636000000.0,,1134086000000.0,225346000000,1058210000000.0,,3754090000000,3294140000000,301469000000.0,,,371938000000.0,459950000000,,395872000000.0,46268000000.0,,767810000000.0,2620733000000,,336637000000,,342414000000,4105000000,2912800000,JPM,Quarterly,balance
2024-06-30,USD,4143003000000,923617000000,530819000000,530819000000,706476000000.0,135692000000,3219386000000,,,11905000000.0,11905000000.0,52620000000.0,,1138198000000.0,257106000000,1068904000000.0,,3802451000000,3050688000000,13800000000.0,,,448140000000.0,751763000000,,394028000000.0,47308000000.0,,842168000000.0,2602548000000,,340552000000,,356924000000,4105000000,2894900000,JPM,Quarterly,balance
2024-09-30,USD,4210048000000,1756785000000,434260000000,434260000000,-1987569000000.0,374999000000,2453263000000,,,11744000000.0,11744000000.0,52711000000.0,,1247480000000.0,947526000000,1987569000000.0,,3864212000000,3114005000000,314356000000.0,,,439975000000.0,750207000000,,410157000000.0,50638000000.0,,850132000000.0,2674030000000,,345836000000,,365966000000,4105000000,2865900000,JPM,Quarterly,balance
2024-12-31,USD,4002814000000,1983491000000,469317000000,469317000000,,320769000000,2019323000000,32223000000.0,,11995000000.0,11995000000.0,52565000000.0,,1172872000000.0,1193405000000,,,3658056000000,3073717000000,153153000000.0,,,361310000000.0,584339000000,,389836000000.0,64475000000.0,,751146000000.0,2559254000000,,344758000000,,376166000000,4105000000,2879000000,JPM,Annual,balance
2024-12-31,USD,4002814000000,1688490000000,469317000000,469317000000,,320769000000,2314324000000,32223000000.0,,11995000000.0,11995000000.0,52565000000.0,,1172872000000.0,898404000000,,,3658056000000,3214915000000,153153000000.0,,,349728000000.0,443141000000,,389836000000.0,64475000000.0,,751146000000.0,2712034000000,,344758000000,,376166000000,4105000000,2842400000,JPM,Quarterly,balance
2025-03-31,USD,4357856000000,1822626000000,425903000000,425903000000,,356547000000,2535230000000,32811000000.0,,11904000000.0,11904000000.0,52621000000.0,,1305260000000.0,1040176000000,238702000000.0,,4006436000000,3281006000000,293538000000.0,,,598026000000.0,725430000000,,407224000000.0,64980000000.0,,1005250000000.0,2682980000000,,351420000000,,386616000000,4105000000,2824300000,JPM,Quarterly,balance
2025-06-30,USD,4552482000000,1915566000000,420327000000,420327000000,,348439000000,2636916000000,33562000000.0,,11718000000.0,11718000000.0,52747000000.0,,1407359000000.0,1146800000000,,,4195558000000,3444415000000,303641000000.0,,,660633000000.0,751143000000,,419802000000.0,65293000000.0,,1080435000000.0,2783782000000,,356924000000,,397424000000,4105000000,2793700000,JPM,Quarterly,balance
2025-09-30,USD,4560205000000,1887517000000,303436000000,303436000000,,390244000000,2672688000000,35063000000.0,,11725000000.0,11725000000.0,52717000000.0,,1487283000000.0,1193837000000,,,4199993000000,3427667000000,316896000000.0,,,636929000000.0,772326000000,,427203000000.0,69355000000.0,,1064132000000.0,2790738000000,,360212000000,,407401000000,4105000000,2793700000,JPM,Quarterly,balance
2025-12-31,USD,4424900000000,962135000000,343338000000,343338000000,,111599000000,3462765000000,36244000000.0,,11727000000.0,11727000000.0,52731000000.0,,1406543000000.0,507198000000,,,4062462000000,64776000000,186658000000.0,,,64776000000.0,3997686000000,,433970000000.0,66012000000.0,,499982000000.0,2889475000000,,362438000000,,416055000000,4105000000,2793700000,JPM,Annual,balance
2025-12-31,USD,4424900000000,1877537000000,343338000000,343338000000,,397790000000,2547363000000,36244000000.0,,11727000000.0,11727000000.0,52731000000.0,,1406543000000.0,1136409000000,,,4062462000000,3584541000000,186658000000.0,,,508408000000.0,477921000000,,435206000000.0,66012000000.0,,942378000000.0,2889475000000,,362438000000,,416055000000,4105000000,2793700000,JPM,Quarterly,balance
2026-03-31,USD,4900475000000,2291039000000,312142000000,312142000000,,426858000000,2609436000000,,,11583000000.0,11583000000.0,64289000000.0,,1626063000000.0,1552039000000,,,4536437000000,3708027000000,,,,784671000000.0,828410000000,,448764000000.0,68048000000.0,,1233435000000.0,2923356000000,,364038000000,,428206000000,4105000000,2793700000,JPM,Quarterly,balance
2026-06-30,USD,5015069000000,3164974000000,309811000000,309811000000,,542426000000,1850095000000,,,11593000000.0,11593000000.0,64304000000.0,,1586680000000.0,2312737000000,,,4640471000000,3766184000000,,,,777348000000.0,874287000000,,460523000000.0,72430000000.0,,1237871000000.0,2988836000000,,374598000000,,445020000000,4105000000,2793700000,JPM,Quarterly,balance
2006-06-30,USD,69597000000,49010000000,6714000000,6714000000,1478000000.0,9316000000,20587000000,3044000000.0,,539000000.0,539000000.0,3866000000.0,,,27447000000,4055000000.0,,29493000000,22442000000,2909000000.0,,,3495000000.0,7051000000,,,,,,10395000000,,40104000000,,-20130000000,59005000000,10243000000,MSFT,Quarterly,balance
2006-09-30,USD,65354000000,45358000000,9076000000,9076000000,2521000000.0,6879000000,19996000000,3193000000.0,,720000000.0,720000000.0,4153000000.0,,,22756000000,4126000000.0,,29253000000,21972000000,2406000000.0,,,1401000000.0,7281000000,,,,,,9262000000,,36101000000,,-21556000000,57657000000,10010000000,MSFT,Quarterly,balance
2006-12-31,USD,66371000000,45180000000,6859000000,6859000000,1725000000.0,9895000000,21191000000,3686000000.0,,745000000.0,745000000.0,4189000000.0,,,22014000000,4687000000.0,,29737000000,22215000000,2944000000.0,,,1559000000.0,7522000000,,,,,,7911000000,,36634000000,,-24518000000,61152000000,9942000000,MSFT,Quarterly,balance
2007-03-31,USD,63891000000,42783000000,7611000000,7611000000,1750000000.0,8454000000,21108000000,3923000000.0,,699000000.0,699000000.0,4217000000.0,,,20625000000,4343000000.0,,28918000000,21627000000,2843000000.0,,,1878000000.0,7291000000,,,,,,8303000000,,34973000000,,-27389000000,60827000000,9862000000,MSFT,Quarterly,balance
2007-06-30,USD,63171000000,40168000000,6111000000,6111000000,1127000000.0,11338000000,23003000000,4350000000.0,,878000000.0,878000000.0,4760000000.0,,,17300000000,4292000000.0,,32074000000,23754000000,3247000000.0,,,2325000000.0,8320000000,,,,,,9728000000,,31097000000,,-31114000000,60557000000,9886000000,MSFT,Annual,balance
2007-06-30,USD,63171000000,40168000000,6111000000,6111000000,1127000000.0,11338000000,23003000000,4350000000.0,,878000000.0,878000000.0,4760000000.0,,,17300000000,4292000000.0,,32074000000,23754000000,3247000000.0,,,2325000000.0,8320000000,,,,,,9728000000,,31097000000,,-31114000000,60557000000,9679000000,MSFT,Quarterly,balance
2007-09-30,USD,65645000000,35853000000,6637000000,6637000000,1178000000.0,8982000000,29792000000,4615000000.0,,1718000000.0,1718000000.0,10151000000.0,,,14937000000,4119000000.0,,33510000000,22744000000,3206000000.0,,,1796000000.0,10766000000,,,,,,8341000000,,32135000000,,-30094000000,60699000000,9513000000,MSFT,Quarterly,balance
2007-12-31,USD,67339000000,37775000000,7460000000,7460000000,755000000.0,11621000000,29564000000,4965000000.0,,1717000000.0,1717000000.0,10309000000.0,,,13616000000,4323000000.0,,32908000000,22058000000,3612000000.0,,,1977000000.0,10850000000,,,,,,7362000000,,34431000000,,-29725000000,62528000000,9503000000,MSFT,Quarterly,balance
2008-03-31,USD,70747000000,41489000000,11820000000,11820000000,774000000.0,9871000000,29258000000,5516000000.0,,1639000000.0,1639000000.0,10346000000.0,,,14521000000,4503000000.0,,33193000000,27028000000,3600000000.0,,,2427000000.0,6165000000,,,,,,9278000000,,37554000000,,-25821000000,63375000000,9428000000,MSFT,Quarterly,balance
2008-06-30,USD,72793000000,43242000000,10339000000,10339000000,985000000.0,13589000000,29551000000,6242000000.0,,1973000000.0,1973000000.0,12108000000.0,,,13323000000,5006000000.0,,36507000000,29886000000,4034000000.0,,,8796000000.0,6621000000,,,,,,9207000000,,36286000000,,-27703000000,62849000000,9470000000,MSFT,Annual,balance
2008-06-30,USD,72793000000,43242000000,10339000000,10339000000,985000000.0,13589000000,29551000000,6242000000.0,,1973000000.0,1973000000.0,12108000000.0,,,13323000000,5006000000.0,,36507000000,29886000000,4034000000.0,,,8796000000.0,6621000000,,,,,,9207000000,,36286000000,,-27703000000,62849000000,9404000000,MSFT,Quarterly,balance
2008-09-30,USD,65117000000,37202000000,9004000000,9004000000,1640000000.0,9535000000,27915000000,6552000000.0,,1899000000.0,1899000000.0,12291000000.0,,,11718000000,5305000000.0,,31523000000,24383000000,3351000000.0,,,1975000000.0,7140000000,,,,,1975000000.0,6728000000,,33594000000,,-28938000000,61655000000,9183000000,MSFT,Quarterly,balance
2008-12-31,USD,65786000000,37730000000,8346000000,8346000000,968000000.0,10953000000,28056000000,6996000000.0,,1815000000.0,1815000000.0,12490000000.0,,,12369000000,5094000000.0,,31308000000,23710000000,3533000000.0,,,2000000000.0,7598000000,,,,,2000000000.0,5797000000,,34478000000,,-27499000000,61392000000,8914000000,MSFT,Quarterly,balance
2009-03-31,USD,68853000000,40724000000,7285000000,7285000000,657000000.0,9182000000,28129000000,7112000000.0,,1756000000.0,1756000000.0,12554000000.0,,,18055000000,5545000000.0,,31910000000,23823000000,3017000000.0,,,1999000000.0,8087000000,,,,,1999000000.0,7110000000,,36943000000,,-25679000000,61896000000,8904000000,MSFT,Quarterly,balance
2009-06-30,USD,77888000000,49280000000,6076000000,6076000000,717000000.0,11192000000,28608000000,7535000000.0,,1759000000.0,1759000000.0,12503000000.0,,,25371000000,3711000000.0,,38330000000,27034000000,3324000000.0,,,2000000000.0,11296000000,,3756000000.0,,,5756000000.0,8707000000,,39558000000,,-22824000000,62382000000,8996000000,MSFT,Annual,balance
2009-06-30,USD,77888000000,49280000000,6076000000,6076000000,717000000.0,11192000000,28608000000,7535000000.0,,1759000000.0,1759000000.0,12503000000.0,,,25371000000,5924000000.0,,38330000000,27034000000,3324000000.0,,,2000000000.0,11296000000,,3756000000.0,,,5746000000.0,7982000000,,39558000000,,-23793000000,62382000000,8960000000,MSFT,Quarterly,balance
2009-09-30,USD,81612000000,52231000000,8823000000,8823000000,1150000000.0,8587000000,29381000000,7512000000.0,,1653000000.0,1653000000.0,12582000000.0,,6006000000.0,27905000000,5766000000.0,,40400000000,28761000000,3287000000.0,,,2250000000.0,11639000000,,3746000000.0,,,5996000000.0,8810000000,6537000000.0,41212000000,0.0,-21081000000,62293000000,8983000000,MSFT,Quarterly,balance
2009-12-31,USD,82096000000,52487000000,9422000000,9422000000,589000000.0,11196000000,29609000000,7402000000.0,,1346000000.0,1346000000.0,12368000000.0,,6976000000.0,26677000000,4603000000.0,,37813000000,25715000000,3171000000.0,,,2249000000.0,12098000000,,3746000000.0,,,5995000000.0,8213000000,6808000000.0,44283000000,0.0,-19605000000,62566000000,8951000000,MSFT,Quarterly,balance
2010-03-31,USD,84910000000,54518000000,8155000000,8155000000,501000000.0,9137000000,30392000000,7372000000.0,,1282000000.0,1282000000.0,12463000000.0,,7797000000.0,31511000000,5214000000.0,,39200000000,26424000000,3279000000.0,,,2249000000.0,12776000000,,3746000000.0,,,5995000000.0,8824000000,7113000000.0,45710000000,0.0,-16807000000,62517000000,8876000000,MSFT,Quarterly,balance
2010-06-30,USD,86113000000,55676000000,5505000000,5505000000,740000000.0,13014000000,30437000000,7630000000.0,,1158000000.0,1158000000.0,12394000000.0,,7754000000.0,31283000000,5134000000.0,,39938000000,26147000000,4025000000.0,,,1000000000.0,13791000000,,4939000000.0,,,5939000000.0,6396000000,7445000000.0,46175000000,0.0,-16681000000,62856000000,8927000000,MSFT,Annual,balance
2010-06-30,USD,86113000000,55676000000,5505000000,5505000000,740000000.0,13014000000,30437000000,7630000000.0,,1158000000.0,1158000000.0,12394000000.0,,7754000000.0,31283000000,5134000000.0,,39938000000,26147000000,4025000000.0,,,1000000000.0,13791000000,,4939000000.0,,,5939000000.0,6396000000,7445000000.0,46175000000,0.0,-16681000000,62856000000,8843000000,MSFT,Quarterly,balance
2010-09-30,USD,91540000000,59581000000,8161000000,8161000000,1242000000.0,9646000000,31959000000,7771000000.0,,1077000000.0,1077000000.0,12471000000.0,,9211000000.0,36012000000,4520000000.0,,44598000000,25857000000,3654000000.0,,,1000000000.0,18741000000,,9665000000.0,,,10665000000.0,6300000000,7384000000.0,46942000000,0.0,-14993000000,61935000000,8695000000,MSFT,Quarterly,balance
2010-12-31,USD,92306000000,59684000000,4023000000,4023000000,861000000.0,12874000000,32622000000,7799000000.0,,992000000.0,992000000.0,12502000000.0,,10022000000.0,37229000000,4697000000.0,,43825000000,24312000000,3863000000.0,,,5196000000.0,19513000000,,9671000000.0,,,14867000000.0,8386000000,7662000000.0,48481000000,0.0,-13165000000,61646000000,8570000000,MSFT,Quarterly,balance
2011-03-31,USD,99727000000,66263000000,7021000000,7021000000,1056000000.0,10033000000,33464000000,7969000000.0,,840000000.0,840000000.0,12554000000.0,,10748000000.0,43129000000,5024000000.0,,46275000000,24042000000,3829000000.0,,,5001000000.0,22233000000,,11915000000.0,,,16916000000.0,8326000000,8001000000.0,53452000000,0.0,-9782000000,63234000000,8510000000,MSFT,Quarterly,balance
2011-06-30,USD,108704000000,74918000000,9610000000,9610000000,1372000000.0,14987000000,33786000000,8162000000.0,,744000000.0,744000000.0,12581000000.0,,10865000000.0,43162000000,3320000000.0,,51621000000,28774000000,4197000000.0,,,5363000000.0,22847000000,,11921000000.0,,,17284000000.0,3492000000,8072000000.0,57083000000,0.0,-6332000000,63415000000,8593000000,MSFT,Annual,balance
2011-06-30,USD,108704000000,74918000000,9610000000,9610000000,1372000000.0,14987000000,33786000000,8162000000.0,,744000000.0,744000000.0,12581000000.0,,10865000000.0,43162000000,5787000000.0,,51621000000,28774000000,4197000000.0,,,5363000000.0,22847000000,,11921000000.0,,,17284000000.0,8855000000,8072000000.0,57083000000,0.0,-8195000000,63415000000,8545000000,MSFT,Quarterly,balance
2011-09-30,USD,107415000000,75271000000,12881000000,12881000000,2270000000.0,10153000000,32144000000,8033000000.0,,1026000000.0,1026000000.0,12537000000.0,,8576000000.0,44522000000,5445000000.0,,48024000000,25543000000,3719000000.0,,,4234000000.0,22481000000,,11927000000.0,,,16161000000.0,7479000000,8201000000.0,59391000000,0.0,-4101000000,63492000000,8490000000,MSFT,Quarterly,balance
2011-12-31,USD,112243000000,72513000000,10610000000,10610000000,1351000000.0,13643000000,39730000000,8010000000.0,,2581000000.0,2581000000.0,19670000000.0,,7550000000.0,41126000000,5783000000.0,,48122000000,25373000000,3884000000.0,,,4447000000.0,22749000000,,11932000000.0,,,16379000000.0,7504000000,8386000000.0,64121000000,,219000000,63902000000,8465000000,MSFT,Quarterly,balance
2012-03-31,USD,118010000000,76860000000,6388000000,6388000000,1412000000.0,10961000000,41150000000,8225000000.0,,2756000000.0,2756000000.0,19698000000.0,,9068000000.0,53141000000,4958000000.0,,49351000000,26170000000,3790000000.0,,,5440000000.0,23181000000,,11938000000.0,,,17378000000.0,8451000000,8525000000.0,68659000000,0.0,3386000000,65273000000,8498000000,MSFT,Quarterly,balance
2012-06-30,USD,121271000000,85084000000,6938000000,6938000000,1137000000.0,15780000000,36187000000,8269000000.0,,3170000000.0,3170000000.0,13452000000.0,,9776000000.0,56102000000,5127000000.0,,54908000000,32688000000,4175000000.0,,,1231000000.0,22220000000,,10713000000.0,,,11944000000.0,7840000000,8208000000.0,66363000000,0.0,566000000,65797000000,8506000000,MSFT,Annual,balance
2012-06-30,USD,121271000000,85084000000,6938000000,6938000000,1137000000.0,15780000000,36187000000,8269000000.0,,3170000000.0,3170000000.0,13452000000.0,,9776000000.0,56102000000,5127000000.0,,54908000000,32688000000,4175000000.0,,,1231000000.0,22220000000,,10713000000.0,,,11944000000.0,7840000000,8208000000.0,66363000000,0.0,566000000,65797000000,8388000000,MSFT,Quarterly,balance
2012-09-30,USD,121876000000,84051000000,5036000000,5036000000,1624000000.0,9871000000,37825000000,8329000000.0,,3423000000.0,3423000000.0,14466000000.0,,10038000000.0,61608000000,5912000000.0,,53040000000,31402000000,3631000000.0,,,2236000000.0,21638000000,,9714000000.0,,,11950000000.0,6393000000,8423000000.0,68836000000,0.0,932000000,66084000000,8494000000,MSFT,Quarterly,balance
2012-12-31,USD,128683000000,89574000000,6017000000,6017000000,1661000000.0,14317000000,37473000000,8698000000.0,,3341000000.0,3341000000.0,14727000000.0,,10707000000.0,62295000000,5284000000.0,,56107000000,31910000000,4356000000.0,,,2241000000.0,24197000000,,11947000000.0,,,14188000000.0,6329000000,8397000000.0,72576000000,0.0,4236000000,66334000000,8444000000,MSFT,Quarterly,balance
2013-03-31,USD,134105000000,93524000000,5240000000,5240000000,2133000000.0,11991000000,40581000000,9204000000.0,,3240000000.0,3240000000.0,14682000000.0,,11193000000.0,69243000000,4917000000.0,,57417000000,31929000000,4532000000.0,,,2816000000.0,25488000000,,11949000000.0,,,14765000000.0,7381000000,9721000000.0,76688000000,0.0,7657000000,66826000000,8429000000,MSFT,Quarterly,balance
2013-06-30,USD,142431000000,101466000000,3804000000,3804000000,1938000000.0,17486000000,40965000000,9991000000.0,,3083000000.0,3083000000.0,14655000000.0,,10844000000.0,73218000000,5020000000.0,,63487000000,37417000000,4828000000.0,,,2999000000.0,26070000000,,12601000000.0,,,15600000000.0,8359000000,10000000000.0,78944000000,0.0,9895000000,67306000000,8470000000,MSFT,Annual,balance
2013-06-30,USD,142431000000,101466000000,3804000000,3804000000,1938000000.0,17486000000,40965000000,9991000000.0,,3083000000.0,3083000000.0,14655000000.0,,10844000000.0,72606000000,5632000000.0,,63487000000,37417000000,4828000000.0,,,3689000000.0,26070000000,,12601000000.0,,,16290000000.0,7669000000,10000000000.0,78944000000,0.0,9895000000,67306000000,8442000000,MSFT,Quarterly,balance
2013-09-30,USD,142348000000,99450000000,4023000000,4023000000,2613000000.0,11007000000,42898000000,10774000000.0,,2982000000.0,2982000000.0,14667000000.0,,11995000000.0,76649000000,5158000000.0,,60707000000,34623000000,4841000000.0,,,3893000000.0,26084000000,,12632000000.0,,,16525000000.0,6470000000,9587000000.0,81641000000,0.0,11680000000,67230000000,8434000000,MSFT,Quarterly,balance
2013-12-31,USD,153543000000,106870000000,10059000000,10059000000,1594000000.0,15986000000,46673000000,11567000000.0,,2945000000.0,2945000000.0,14680000000.0,,14607000000.0,73076000000,6155000000.0,,68443000000,33742000000,5398000000.0,,,3048000000.0,34701000000,,20676000000.0,,,23724000000.0,7089000000,9790000000.0,85100000000,0.0,14347000000,67476000000,8395000000,MSFT,Quarterly,balance
2014-03-31,USD,156119000000,109006000000,11572000000,11572000000,1920000000.0,13497000000,47113000000,11771000000.0,,2901000000.0,2901000000.0,14751000000.0,,14792000000.0,76102000000,5915000000.0,,68695000000,33903000000,4583000000.0,,,2794000000.0,34792000000,,20679000000.0,,,23473000000.0,8162000000,9953000000.0,87424000000,0.0,16289000000,67803000000,8367000000,MSFT,Quarterly,balance
2014-06-30,USD,172384000000,114246000000,8669000000,8669000000,2660000000.0,19544000000,58138000000,13011000000.0,,6981000000.0,6981000000.0,20127000000.0,,14597000000.0,77040000000,6333000000.0,,82600000000,45625000000,7432000000.0,,,2000000000.0,36975000000,,20645000000.0,23203000000.0,,22645000000.0,12261000000,11594000000.0,89784000000,0.0,17710000000,68366000000,8399000000,MSFT,Annual,balance
2014-06-30,USD,172384000000,114246000000,8669000000,8669000000,2660000000.0,19544000000,58138000000,13011000000.0,,6981000000.0,6981000000.0,20127000000.0,,14597000000.0,76477000000,6896000000.0,,82600000000,45625000000,7432000000.0,,,2558000000.0,36975000000,,20645000000.0,23203000000.0,,23203000000.0,11703000000,11594000000.0,89784000000,0.0,17710000000,68366000000,8345000000,MSFT,Quarterly,balance
2014-09-30,USD,169656000000,112439000000,6302000000,6302000000,3141000000.0,12887000000,57217000000,13229000000.0,,6693000000.0,6693000000.0,20081000000.0,,13943000000.0,82419000000,7690000000.0,,79486000000,44694000000,6769000000.0,,,5439000000.0,34792000000,,18472000000.0,,,23911000000.0,10870000000,11781000000.0,90170000000,0.0,18051000000,68362000000,8351000000,MSFT,Quarterly,balance
2014-12-31,USD,174848000000,116362000000,6426000000,6426000000,2053000000.0,16186000000,58486000000,13607000000.0,,7299000000.0,7299000000.0,21855000000.0,,12665000000.0,83143000000,8554000000.0,,82969000000,47415000000,6932000000.0,,,10478000000.0,35554000000,,18260000000.0,,,28738000000.0,10102000000,12423000000.0,91879000000,0.0,19731000000,68765000000,8297000000,MSFT,Quarterly,balance
2015-03-31,USD,176683000000,118398000000,7414000000,7414000000,2469000000.0,12427000000,58285000000,14375000000.0,,6963000000.0,6963000000.0,21728000000.0,,12019000000.0,87874000000,8214000000.0,,86551000000,40748000000,6690000000.0,,,4320000000.0,45803000000,,27644000000.0,,,31964000000.0,10748000000,13274000000.0,90132000000,0.0,18186000000,68475000000,8237000000,MSFT,Quarterly,balance
2015-06-30,USD,174472000000,122797000000,5595000000,5595000000,2902000000.0,17908000000,51675000000,14731000000.0,,4835000000.0,4835000000.0,16939000000.0,,12053000000.0,90931000000,5461000000.0,,94389000000,49647000000,6591000000.0,,,7484000000.0,44742000000,,27808000000.0,2499000000.0,,35292000000.0,11743000000,13544000000.0,80083000000,0.0,9096000000,68465000000,8254000000,MSFT,Annual,balance
2015-06-30,USD,174472000000,124712000000,5595000000,5595000000,2902000000.0,17908000000,51675000000,14731000000.0,,4835000000.0,4835000000.0,16939000000.0,,12053000000.0,90796000000,7511000000.0,,94389000000,49647000000,6591000000.0,,,7576000000.0,44742000000,,27808000000.0,2499000000.0,,35384000000.0,11651000000,13544000000.0,80083000000,0.0,9096000000,68465000000,8061000000,MSFT,Quarterly,balance
2015-09-30,USD,172896000000,121656000000,5431000000,5431000000,3816000000.0,11444000000,51240000000,15046000000.0,,4745000000.0,4745000000.0,17142000000.0,,11438000000.0,93846000000,7119000000.0,,95451000000,49399000000,6630000000.0,,,10902000000.0,46052000000,,27819000000.0,,,38721000000.0,9657000000,13280000000.0,77445000000,0.0,7614000000,68093000000,8084000000,MSFT,Quarterly,balance
2015-12-31,USD,180098000000,127812000000,7185000000,7185000000,2702000000.0,14507000000,52286000000,15789000000.0,,4619000000.0,4619000000.0,17436000000.0,,11514000000.0,95129000000,8289000000.0,,103318000000,42643000000,6936000000.0,,,4189000000.0,60675000000,,40679000000.0,,,44868000000.0,10096000000,13700000000.0,76780000000,0.0,6728000000,68279000000,8051000000,MSFT,Quarterly,balance
2016-03-31,USD,181869000000,128421000000,7170000000,7170000000,2450000000.0,12247000000,53448000000,16831000000.0,,4459000000.0,4459000000.0,17948000000.0,,11315000000.0,98168000000,8386000000.0,,107063000000,44354000000,6759000000.0,,,5871000000.0,62709000000,,40896000000.0,,,46767000000.0,10163000000,14122000000.0,74806000000,0.0,4954000000,68012000000,7985000000,MSFT,Quarterly,balance
2016-06-30,USD,193694000000,139660000000,6510000000,6510000000,2251000000.0,18277000000,54034000000,18356000000.0,,3733000000.0,3733000000.0,17872000000.0,,10431000000.0,106730000000,5892000000.0,,121697000000,59357000000,6898000000.0,,,12904000000.0,62340000000,,40783000000.0,12904000000.0,,53687000000.0,12087000000,13640000000.0,71997000000,0.0,2282000000,68178000000,8013000000,MSFT,Annual,balance
2016-06-30,USD,193468000000,139660000000,6510000000,6510000000,2251000000.0,18277000000,53808000000,18356000000.0,,3733000000.0,3733000000.0,17872000000.0,,10431000000.0,106531000000,6091000000.0,,121471000000,59357000000,6898000000.0,,,13223000000.0,62114000000,,40783000000.0,54541000000.0,,54541000000.0,11188000000,13640000000.0,71997000000,0.0,2282000000,68178000000,7929000000,MSFT,Quarterly,balance
2016-09-30,USD,212524000000,157909000000,13928000000,13928000000,3122000000.0,11129000000,54615000000,19224000000.0,,3522000000.0,3522000000.0,17907000000.0,,10486000000.0,122861000000,6869000000.0,,142152000000,58810000000,6296000000.0,,,14778000000.0,83342000000,,60154000000.0,14536000000.0,,75932000000.0,10712000000,14340000000.0,70372000000,0.0,944000000,67747000000,7876000000,MSFT,Quarterly,balance
2016-12-31,USD,224610000000,144949000000,8468000000,8468000000,1961000000.0,14343000000,79661000000,21379000000.0,,11001000000.0,11001000000.0,34524000000.0,,8912000000.0,114313000000,5864000000.0,,155801000000,70787000000,6580000000.0,,,25720000000.0,85014000000,,59306000000.0,25664000000.0,,87806000000.0,11950000000,15980000000.0,68809000000,0.0,120000000,68177000000,7830000000,MSFT,Quarterly,balance
2017-03-31,USD,225017000000,146313000000,6713000000,6713000000,1979000000.0,12882000000,78704000000,21962000000.0,,10547000000.0,10547000000.0,34668000000.0,,7381000000.0,119305000000,5434000000.0,,155288000000,52005000000,6217000000.0,,,7872000000.0,103283000000,,76222000000.0,7786000000.0,,85995000000.0,10830000000,17381000000.0,69729000000,0.0,531000000,68554000000,7813000000,MSFT,Quarterly,balance
2017-06-30,USD,241086000000,159851000000,7663000000,7663000000,2181000000.0,19792000000,81235000000,23734000000.0,,10106000000.0,10106000000.0,35122000000.0,,6023000000.0,125318000000,4897000000.0,,168692000000,64527000000,7390000000.0,,,10121000000.0,104165000000,,76073000000.0,10121000000.0,,86194000000.0,12914000000,17184000000.0,72394000000,0.0,2648000000,69315000000,7832000000,MSFT,Annual,balance
2017-06-30,USD,250312000000,159851000000,7663000000,7663000000,2181000000.0,22431000000,87616000000,23734000000.0,,10106000000.0,10106000000.0,35122000000.0,,6023000000.0,125318000000,2258000000.0,,162601000000,55745000000,7390000000.0,,,10121000000.0,106856000000,,76073000000.0,2472000000.0,,95527000000.0,37516000000,17184000000.0,87711000000,0.0,17769000000,69315000000,7806000000,MSFT,Quarterly,balance
2017-09-30,USD,249097000000,161031000000,6884000000,6884000000,3211000000.0,14561000000,88066000000,24809000000.0,,9598000000.0,9598000000.0,35389000000.0,,5343000000.0,131587000000,4788000000.0,,159450000000,51615000000,6866000000.0,,,9220000000.0,107835000000,,76255000000.0,2302000000.0,,91243000000.0,12751000000,23941000000.0,89647000000,0.0,19702000000,69419000000,7799000000,MSFT,Quarterly,balance
2017-12-31,USD,256003000000,167633000000,12859000000,12859000000,2003000000.0,18428000000,88370000000,26304000000.0,,9034000000.0,9034000000.0,35355000000.0,,3961000000.0,129921000000,4422000000.0,,177643000000,58099000000,7850000000.0,,,15912000000.0,119544000000,,73348000000.0,4789000000.0,,94900000000.0,13028000000,40510000000.0,78360000000,0.0,8567000000,70192000000,7710000000,MSFT,Quarterly,balance
2018-03-31,USD,245497000000,156659000000,9221000000,9221000000,2084000000.0,17208000000,88838000000,27929000000.0,,8544000000.0,8544000000.0,35582000000.0,,2818000000.0,123049000000,5097000000.0,,166258000000,46133000000,7623000000.0,,,3677000000.0,120125000000,,73480000000.0,4829000000.0,,82908000000.0,13463000000,41643000000.0,79239000000,0.0,9974000000,70418000000,7794000000,MSFT,Quarterly,balance
2018-06-30,USD,258848000000,169662000000,11946000000,11946000000,2662000000.0,26481000000,89186000000,29460000000.0,,8053000000.0,8053000000.0,35683000000.0,,1862000000.0,121822000000,6751000000.0,,176130000000,58488000000,8617000000.0,,,3998000000.0,117642000000,5568000000.0,72242000000.0,3998000000.0,,81808000000.0,16968000000,44859000000.0,82718000000,0.0,13682000000,71223000000,7794000000,MSFT,Annual,balance
2018-06-30,USD,258848000000,169662000000,11946000000,11946000000,2662000000.0,26481000000,89186000000,29460000000.0,,8053000000.0,8053000000.0,35683000000.0,,1862000000.0,121822000000,6751000000.0,,176130000000,58488000000,8617000000.0,,,3998000000.0,117642000000,,72242000000.0,5397000000.0,,81808000000.0,16968000000,44859000000.0,82718000000,0.0,13682000000,71223000000,7775000000,MSFT,Quarterly,balance
2018-09-30,USD,257619000000,164195000000,15137000000,15137000000,3614000000.0,17390000000,93424000000,31430000000.0,,7579000000.0,7579000000.0,35855000000.0,,2034000000.0,120743000000,7311000000.0,,171652000000,56277000000,8511000000.0,,,6497000000.0,115375000000,,69733000000.0,6497000000.0,,81882000000.0,14565000000,43665000000.0,85967000000,0.0,17279000000,71303000000,7766000000,MSFT,Quarterly,balance
2018-12-31,USD,258859000000,156874000000,6638000000,6638000000,1961000000.0,19680000000,101985000000,32717000000.0,,8482000000.0,8482000000.0,41577000000.0,,2274000000.0,121024000000,7571000000.0,,166731000000,50318000000,7563000000.0,,,3516000000.0,116413000000,,69653000000.0,3516000000.0,,78852000000.0,14954000000,44698000000.0,92128000000,,16585000000,77556000000,7768000000,MSFT,Quarterly,balance
2019-03-31,USD,263281000000,159887000000,11212000000,11212000000,1951000000.0,19269000000,103394000000,33648000000.0,,8103000000.0,8103000000.0,41861000000.0,,2403000000.0,120406000000,7049000000.0,,168417000000,53861000000,7544000000.0,,,6515000000.0,114556000000,5972000000.0,66585000000.0,6515000000.0,,79072000000.0,15551000000,46133000000.0,94864000000,,18338000000,77791000000,7744000000,MSFT,Quarterly,balance
2019-06-30,USD,286556000000,175552000000,11356000000,11356000000,2063000000.0,29524000000,111004000000,36477000000.0,,7750000000.0,7750000000.0,42026000000.0,,2649000000.0,122463000000,10146000000.0,,184226000000,69420000000,9382000000.0,,,5516000000.0,114806000000,6188000000.0,66662000000.0,5516000000.0,,78366000000.0,21846000000,47911000000.0,102330000000,,24150000000,78520000000,7753000000,MSFT,Annual,balance
2019-06-30,USD,286556000000,175552000000,11356000000,11356000000,2063000000.0,29524000000,111004000000,36477000000.0,,7750000000.0,7750000000.0,42026000000.0,,2649000000.0,122463000000,10146000000.0,,184226000000,69420000000,9382000000.0,,,5516000000.0,114806000000,6188000000.0,66662000000.0,5516000000.0,,78366000000.0,21846000000,47911000000.0,102330000000,,24150000000,78520000000,7730000000,MSFT,Quarterly,balance
2019-09-30,USD,278955000000,165896000000,13117000000,13117000000,2622000000.0,19087000000,113059000000,38409000000.0,,7508000000.0,7508000000.0,42113000000.0,,2684000000.0,123519000000,7551000000.0,,172894000000,58118000000,8574000000.0,,,3017000000.0,114776000000,6659000000.0,66478000000.0,3017000000.0,,76154000000.0,16623000000,48064000000.0,106061000000,,27240000000,78882000000,7710000000,MSFT,Quarterly,balance
2019-12-31,USD,282794000000,167074000000,8864000000,8864000000,1823000000.0,23525000000,115720000000,40522000000.0,,7126000000.0,7126000000.0,42248000000.0,,2755000000.0,125389000000,7473000000.0,,172685000000,59640000000,8811000000.0,,,6247000000.0,113045000000,7172000000.0,63361000000.0,6247000000.0,,76780000000.0,17239000000,49462000000.0,110109000000,,30739000000,79625000000,7691000000,MSFT,Quarterly,balance
2020-03-31,USD,285449000000,170505000000,11710000000,11710000000,1644000000.0,22699000000,114944000000,41221000000.0,,6855000000.0,6855000000.0,42064000000.0,,2660000000.0,125916000000,8536000000.0,,170948000000,58707000000,9246000000.0,,,3748000000.0,112241000000,7248000000.0,62862000000.0,3748000000.0,,73858000000.0,18701000000,49194000000.0,114501000000,,32012000000,79813000000,7675000000,MSFT,Quarterly,balance
2020-06-30,USD,301311000000,181915000000,13576000000,13576000000,1895000000.0,32011000000,119396000000,44151000000.0,,7038000000.0,7038000000.0,43351000000.0,,2965000000.0,122951000000,11482000000.0,,183007000000,72310000000,12530000000.0,,,3749000000.0,110697000000,7671000000.0,59578000000.0,3749000000.0,,70998000000.0,20031000000,50915000000.0,118304000000,,34566000000,80552000000,7683000000,MSFT,Annual,balance
2020-06-30,USD,301311000000,181915000000,13576000000,13576000000,1895000000.0,32011000000,119396000000,44151000000.0,,7038000000.0,7038000000.0,43351000000.0,,2965000000.0,122951000000,11482000000.0,,183007000000,72310000000,12530000000.0,,,3749000000.0,110697000000,7671000000.0,59578000000.0,3749000000.0,,70998000000.0,20031000000,50915000000.0,118304000000,,34566000000,80552000000,7650000000,MSFT,Quarterly,balance
2020-09-30,USD,301001000000,177077000000,17205000000,17205000000,2705000000.0,22851000000,123924000000,47927000000.0,,6923000000.0,6923000000.0,43890000000.0,,3103000000.0,120772000000,13544000000.0,,177609000000,70056000000,12509000000.0,,,6497000000.0,107553000000,7753000000.0,57055000000.0,6497000000.0,,71305000000.0,17574000000,50311000000.0,123392000000,,39193000000,81089000000,7637000000,MSFT,Quarterly,balance
2020-12-31,USD,304137000000,173973000000,14432000000,14432000000,1924000000.0,27312000000,130164000000,51737000000.0,,6555000000.0,6555000000.0,44219000000.0,,3794000000.0,117536000000,12769000000.0,,173901000000,67486000000,12770000000.0,,,5387000000.0,106415000000,8875000000.0,55136000000.0,5387000000.0,,69398000000.0,18927000000,51105000000.0,130236000000,,44973000000,81896000000,7616000000,MSFT,Quarterly,balance
2021-03-31,USD,308879000000,165614000000,13702000000,13702000000,2245000000.0,26322000000,143265000000,54945000000.0,,8127000000.0,8127000000.0,49698000000.0,,5395000000.0,111705000000,11640000000.0,,174374000000,72193000000,13412000000.0,,,8051000000.0,102181000000,9272000000.0,50007000000.0,8051000000.0,,67330000000.0,20647000000,52001000000.0,134505000000,,50735000000,82308000000,7597000000,MSFT,Quarterly,balance
2021-06-30,USD,333779000000,184406000000,14224000000,14224000000,2636000000.0,38043000000,149373000000,70803000000.0,,7800000000.0,7800000000.0,49711000000.0,,5984000000.0,116110000000,13393000000.0,,191791000000,88657000000,15163000000.0,,,8072000000.0,103134000000,9629000000.0,50074000000.0,8072000000.0,,67775000000.0,23897000000,13427000000.0,141988000000,,57055000000,83111000000,7608000000,MSFT,Annual,balance
2021-06-30,USD,333779000000,184406000000,14224000000,14224000000,2636000000.0,38043000000,149373000000,70803000000.0,,7800000000.0,7800000000.0,49711000000.0,,5984000000.0,116032000000,13471000000.0,,191791000000,88657000000,15163000000.0,,,10825000000.0,103134000000,9629000000.0,50074000000.0,8072000000.0,,82278000000.0,18970000000,13427000000.0,141988000000,,57055000000,83111000000,7581000000,MSFT,Quarterly,balance
2021-09-30,USD,335418000000,174326000000,19165000000,19165000000,3411000000.0,27349000000,161092000000,75347000000.0,,7794000000.0,7794000000.0,50455000000.0,,6393000000.0,111419000000,12982000000.0,,183440000000,80528000000,14832000000.0,,,6180000000.0,102912000000,10050000000.0,50039000000.0,3249000000.0,,78935000000.0,14779000000,14346000000.0,151978000000,,66944000000,83751000000,7567000000,MSFT,Quarterly,balance
2021-12-31,USD,340389000000,174188000000,20604000000,20604000000,3019000000.0,33520000000,166201000000,67214000000.0,,7462000000.0,7462000000.0,50921000000.0,,6994000000.0,104765000000,12280000000.0,,180379000000,77510000000,15314000000.0,,,4998000000.0,102869000000,10774000000.0,48260000000.0,4998000000.0,,64032000000.0,23197000000,54410000000.0,160010000000,,75045000000,84528000000,7555000000,MSFT,Quarterly,balance
2022-03-31,USD,344607000000,153922000000,12498000000,12498000000,3296000000.0,32613000000,190685000000,70298000000.0,,11348000000.0,11348000000.0,67371000000.0,,6907000000.0,92195000000,13320000000.0,,181683000000,77439000000,16085000000.0,,,1749000000.0,104244000000,11357000000.0,48177000000.0,1749000000.0,,61283000000.0,25578000000,55763000000.0,162924000000,,79633000000,85767000000,7534000000,MSFT,Quarterly,balance
2022-06-30,USD,364840000000,169684000000,13931000000,13931000000,3742000000.0,44261000000,195156000000,87546000000.0,,11298000000.0,11298000000.0,67524000000.0,,6891000000.0,90826000000,16924000000.0,,198298000000,95082000000,19000000000.0,,,2749000000.0,103216000000,11489000000.0,47032000000.0,2749000000.0,,61270000000.0,27795000000,15526000000.0,166542000000,,84281000000,86939000000,7540000000,MSFT,Annual,balance
2022-06-30,USD,364840000000,169684000000,13931000000,13931000000,3742000000.0,44261000000,195156000000,87546000000.0,,11298000000.0,11298000000.0,67524000000.0,,6891000000.0,90818000000,16932000000.0,,198298000000,95082000000,19000000000.0,,,6037000000.0,103216000000,11489000000.0,47032000000.0,2749000000.0,,78400000000.0,20440000000,15526000000.0,166542000000,,84281000000,86939000000,7506000000,MSFT,Quarterly,balance
2022-09-30,USD,359784000000,160812000000,22884000000,22884000000,4268000000.0,31279000000,198972000000,77037000000.0,,10808000000.0,10808000000.0,67459000000.0,,6839000000.0,84378000000,18003000000.0,,186218000000,87389000000,16609000000.0,,,3248000000.0,98829000000,11660000000.0,45374000000.0,3248000000.0,,60282000000.0,26192000000,53232000000.0,173566000000,,92374000000,88535000000,7485000000,MSFT,Quarterly,balance
2022-12-31,USD,364552000000,157823000000,15646000000,15646000000,2980000000.0,35833000000,206729000000,82755000000.0,,10354000000.0,10354000000.0,67905000000.0,,7097000000.0,83862000000,19502000000.0,,181416000000,81718000000,15354000000.0,,,3997000000.0,99698000000,11998000000.0,44119000000.0,3997000000.0,,60114000000.0,25385000000,55290000000.0,183136000000,,99368000000,90225000000,7473000000,MSFT,Quarterly,balance
2023-03-31,USD,380088000000,163889000000,26562000000,26562000000,2877000000.0,37420000000,216199000000,88132000000.0,,9879000000.0,9879000000.0,67940000000.0,,9415000000.0,77865000000,19165000000.0,,185405000000,85691000000,15305000000.0,,,6245000000.0,99714000000,12312000000.0,41965000000.0,6245000000.0,,60522000000.0,27238000000,57447000000.0,194683000000,,108234000000,92093000000,7464000000,MSFT,Quarterly,balance
2023-06-30,USD,411976000000,184257000000,34704000000,34704000000,2500000000.0,48688000000,227719000000,109987000000.0,,9366000000.0,9366000000.0,67886000000.0,,9879000000.0,76558000000,21807000000.0,,205753000000,104149000000,18095000000.0,,,5247000000.0,101604000000,12728000000.0,41990000000.0,5247000000.0,,59965000000.0,29906000000,17981000000.0,206223000000,,118848000000,93718000000,7472000000,MSFT,Annual,balance
2023-06-30,USD,411976000000,184257000000,34704000000,34704000000,2500000000.0,48688000000,227719000000,109987000000.0,,9366000000.0,9366000000.0,67886000000.0,,9879000000.0,76552000000,21813000000.0,,205753000000,104149000000,18095000000.0,,,8853000000.0,101604000000,12728000000.0,41990000000.0,5247000000.0,,79441000000.0,22148000000,17981000000.0,206223000000,,118848000000,93718000000,7467000000,MSFT,Quarterly,balance
2023-09-30,USD,445785000000,207586000000,80452000000,80452000000,3000000000.0,36953000000,238199000000,117937000000.0,,8895000000.0,8895000000.0,67790000000.0,,11423000000.0,63499000000,23682000000.0,,225071000000,124792000000,19307000000.0,,,29556000000.0,100279000000,13487000000.0,41946000000.0,29556000000.0,,88079000000.0,29500000000,18634000000.0,220714000000,,132143000000,95508000000,7462000000,MSFT,Quarterly,balance
2023-12-31,USD,470558000000,147393000000,17305000000,17305000000,1615000000.0,42831000000,323165000000,,,29896000000.0,29896000000.0,118931000000.0,,13367000000.0,63677000000,21965000000.0,,232290000000,121016000000,17695000000.0,,,33769000000.0,111274000000,14155000000.0,44928000000.0,29291000000.0,,111358000000.0,20697000000,20787000000.0,238268000000,,145737000000,97480000000,7468000000,MSFT,Quarterly,balance
2024-03-31,USD,484275000000,147180000000,19634000000,19634000000,1304000000.0,44029000000,337095000000,,,28828000000.0,28828000000.0,119163000000.0,,14807000000.0,60379000000,21834000000.0,,231123000000,118525000000,18087000000.0,,,35377000000.0,112598000000,14469000000.0,42658000000.0,22784000000.0,,106229000000.0,28455000000,23271000000.0,253152000000,,159394000000,99193000000,7472000000,MSFT,Quarterly,balance
2024-06-30,USD,512163000000,159734000000,18315000000,18315000000,1246000000.0,56924000000,352429000000,154552000000.0,,27597000000.0,27597000000.0,119220000000.0,,14600000000.0,57216000000,26033000000.0,,243686000000,125286000000,21996000000.0,,,8942000000.0,118400000000,15497000000.0,42688000000.0,8942000000.0,,67127000000.0,25820000000,27064000000.0,268477000000,,173144000000,100923000000,7469000000,MSFT,Annual,balance
2024-06-30,USD,512163000000,159734000000,18315000000,18315000000,1246000000.0,56924000000,352429000000,,,27597000000.0,27597000000.0,119220000000.0,,14600000000.0,57216000000,26033000000.0,,243686000000,125286000000,21996000000.0,,,19888000000.0,118400000000,15497000000.0,42688000000.0,8942000000.0,,97852000000.0,31749000000,27064000000.0,268477000000,,173144000000,100923000000,7472000000,MSFT,Quarterly,balance
2024-09-30,USD,523013000000,149926000000,20840000000,20840000000,1626000000.0,44148000000,373087000000,173391000000.0,,26751000000.0,26751000000.0,119374000000.0,,15778000000.0,57589000000,25723000000.0,,235290000000,115200000000,22768000000.0,,,8762000000.0,120090000000,16361000000.0,42868000000.0,2249000000.0,,96838000000.0,20927000000,31165000000.0,287723000000,,188929000000,102976000000,7470000000,MSFT,Quarterly,balance
2024-12-31,USD,533898000000,147080000000,17482000000,17482000000,909000000.0,48188000000,386818000000,189718000000.0,,25385000000.0,25385000000.0,119191000000.0,,15581000000.0,54069000000,26432000000.0,,231203000000,108882000000,22608000000.0,,,12529000000.0,122321000000,17254000000.0,39722000000.0,5248000000.0,,102909000000.0,22181000000,35906000000.0,302695000000,,203482000000,104829000000,7468000000,MSFT,Quarterly,balance
2025-03-31,USD,562624000000,156644000000,28828000000,28828000000,848000000.0,51700000000,405980000000,208414000000.0,,23968000000.0,23968000000.0,119329000000.0,,15762000000.0,50784000000,24484000000.0,,240733000000,114206000000,26250000000.0,,,11126000000.0,126527000000,17686000000.0,39882000000.0,2999000000.0,,105019000000.0,25389000000,38536000000.0,321891000000,,219759000000,106965000000,7461000000,MSFT,Quarterly,balance
2025-06-30,USD,619003000000,191131000000,30242000000,30242000000,938000000.0,69905000000,427872000000,229789000000.0,,22604000000.0,22604000000.0,119509000000.0,,15133000000.0,64313000000,25733000000.0,,275524000000,141218000000,27724000000.0,,,2999000000.0,134306000000,17437000000.0,40152000000.0,2999000000.0,,60588000000.0,37344000000,45186000000.0,343479000000,,237731000000,109095000000,7465000000,MSFT,Annual,balance
2025-06-30,USD,619003000000,191131000000,30242000000,30242000000,938000000.0,69905000000,427872000000,229789000000.0,,22604000000.0,22604000000.0,119509000000.0,,15133000000.0,64313000000,25733000000.0,,275524000000,141218000000,27724000000.0,,,11595000000.0,134306000000,17437000000.0,40152000000.0,2999000000.0,,112184000000.0,37344000000,45186000000.0,343479000000,,237731000000,109095000000,7461000000,MSFT,Quarterly,balance
2025-09-30,USD,636351000000,189066000000,28849000000,28849000000,1130000000.0,52894000000,447285000000,255652000000.0,,21236000000.0,21236000000.0,119497000000.0,,10283000000.0,73156000000,33037000000.0,,273275000000,134996000000,32580000000.0,,,16652000000.0,138279000000,17348000000.0,35376000000.0,7832000000.0,,120375000000.0,23122000000,53588000000.0,363076000000,,254873000000,110964000000,7466000000,MSFT,Quarterly,balance
2025-12-31,USD,665302000000,180190000000,24296000000,24296000000,1059000000.0,56535000000,485112000000,286229000000.0,,20289000000.0,20289000000.0,119622000000.0,,21202000000.0,65160000000,33140000000.0,,274427000000,130005000000,37328000000.0,,,14095000000.0,144422000000,17345000000.0,35425000000.0,4837000000.0,,123278000000.0,25156000000,58852000000.0,390875000000,,280789000000,112788000000,7460000000,MSFT,Quarterly,balance
2026-03-31,USD,694228000000,175329000000,32105000000,32105000000,1219000000.0,60041000000,518899000000,,,19325000000.0,19325000000.0,119661000000.0,,33683000000.0,46167000000,35797000000.0,,279861000000,136661000000,37513000000.0,,,18437000000.0,143200000000,16703000000.0,31423000000.0,8839000000.0,,125432000000.0,26224000000,61481000000.0,414367000000,,302526000000,115069000000,7445000000,MSFT,Quarterly,balance
2026-06-30,USD,758376000000,207710000000,20935000000,20935000000,1397000000.0,80876000000,550666000000,,,18609000000.0,18609000000.0,119651000000.0,,36348000000.0,55908000000,48594000000.0,,315989000000,168825000000,42416000000.0,,,18905300000.0,147164000000,16532000000.0,31067000000.0,9227000000.0,,128808300000.0,34538700000,65117000000.0,442387000000,,328265000000,117406000000,7453000000,MSFT,Annual,balance
2026-06-30,USD,758376000000,207710000000,20935000000,20935000000,1397000000.0,80876000000,550666000000,,,18609000000.0,18609000000.0,119651000000.0,,36348000000.0,55908000000,48594000000.0,,315989000000,168825000000,42416000000.0,,,18905300000.0,147164000000,16532000000.0,31067000000.0,9227000000.0,,128808300000.0,34538700000,65117000000.0,442387000000,,328265000000,117406000000,7453000000,MSFT,Quarterly,balance
