fiscalDateEnding,reportedCurrency,operatingCashflow,paymentsForOperatingActivities,proceedsFromOperatingActivities,changeInOperatingLiabilities,changeInOperatingAssets,depreciationDepletionAndAmortization,capitalExpenditures,changeInReceivables,changeInInventory,profitLoss,cashflowFromInvestment,cashflowFromFinancing,proceedsFromRepaymentsOfShortTermDebt,paymentsForRepurchaseOfCommonStock,paymentsForRepurchaseOfEquity,paymentsForRepurchaseOfPreferredStock,dividendPayout,dividendPayoutCommonStock,dividendPayoutPreferredStock,proceedsFromIssuanceOfCommonStock,proceedsFromIssuanceOfLongTermDebtAndCapitalSecuritiesNet,proceedsFromIssuanceOfPreferredStock,proceedsFromRepurchaseOfEquity,proceedsFromSaleOfTreasuryStock,stockBasedCompensation,changeInCashAndCashEquivalents,changeInExchangeRate,netIncome,symbol,period_type,statement_type
2006-06-30,USD,1007000000,,,,,57000000,237000000,,-9000000.0,,3086000000.0,129000000,,,,,,,,,,,73000000.0,,,1667000000.0,,472000000,AAPL,Quarterly,cashflow
2006-09-30,USD,2220000000,,,,,225000000,657000000,,-105000000.0,,357000000.0,324000000,,,,,,,,,,,-355000000.0,,163000000.0,2901000000.0,,1989000000,AAPL,Annual,cashflow
2006-09-30,USD,1055000000,,,,,66000000,145000000,,-57000000.0,,357000000.0,53000000,,,,,,,,,,,-1000000.0,,40000000.0,-1621000000.0,,542000000,AAPL,Quarterly,cashflow
2006-12-31,USD,1813000000,,,,,74000000,257000000,,-33000000.0,,-1234000000.0,188000000,,,,,,,,,,,101000000.0,,46000000.0,767000000.0,,1004000000,AAPL,Quarterly,cashflow
2007-03-31,USD,734000000,,,,,69000000,206000000,,95000000.0,,-978000000.0,180000000,,,,,,,,,,,75000000.0,,63000000.0,-64000000.0,,770000000,AAPL,Quarterly,cashflow
2007-06-30,USD,1227000000,,,,,81000000,289000000,,-43000000.0,,-1433000000.0,229000000,,,,,,,,,,,118000000.0,,65000000.0,23000000.0,,818000000,AAPL,Quarterly,cashflow
2007-09-30,USD,5470000000,,,,,317000000,735000000,,-76000000.0,,-3249000000.0,739000000,,,,,,,,,,,-3000000.0,,242000000.0,2960000000.0,,3496000000,AAPL,Annual,cashflow
2007-09-30,USD,1696000000,,,,,93000000,234000000,,-95000000.0,,396000000.0,142000000,,,,,,,,,,,-3000000.0,,68000000.0,2234000000.0,,904000000,AAPL,Quarterly,cashflow
2007-12-31,USD,2787000000,,,,,106000000,232000000,,-113000000.0,,-3462000000.0,485000000,,,,,,,,,,,-9000000.0,,110000000.0,-190000000.0,,1581000000,AAPL,Quarterly,cashflow
2008-03-31,USD,1193000000,,,,,116000000,215000000,,95000000.0,,-1362000000.0,77000000,,,,,,,,,,,54000000.0,,132000000.0,-92000000.0,,1045000000,AAPL,Quarterly,cashflow
2008-06-30,USD,1321000000,,,,,117000000,330000000,,-181000000.0,,-1372000000.0,354000000,,,,,,,,,,,178000000.0,,133000000.0,303000000.0,,1072000000,AAPL,Quarterly,cashflow
2008-09-30,USD,9596000000,,,,,473000000,1091000000,,-163000000.0,,-8189000000.0,1116000000,,,,,,,,,,,-124000000.0,,516000000.0,2523000000.0,,4834000000,AAPL,Annual,cashflow
2008-09-30,USD,4295000000,,,,,134000000,422000000,,36000000.0,,-1993000000.0,200000000,,,,,,,,,,,9000000.0,,141000000.0,2502000000.0,,1136000000,AAPL,Quarterly,cashflow
2008-12-31,USD,3938000000,,,,,168000000,353000000,,113000000.0,,-8639000000.0,62000000,,,,,,,,,,,77000000.0,,170000000.0,-4639000000.0,,2255000000,AAPL,Quarterly,cashflow
2009-03-31,USD,841000000,,,,,181000000,116000000,,84000000.0,,-3685000000.0,74000000,,,,,,,,,,,45000000.0,,181000000.0,-2770000000.0,,1620000000,AAPL,Quarterly,cashflow
2009-06-30,USD,2270000000,,,,,182000000,272000000,,-68000000.0,,-1339000000.0,208000000,,,,,,,,,,,166000000.0,,179000000.0,1139000000.0,,1828000000,AAPL,Quarterly,cashflow
2009-09-30,USD,10159000000,,,,,703000000,1144000000,-939000000.0,54000000.0,,-17434000000.0,663000000,,,,,,,,,,,475000000.0,,710000000.0,-6612000000.0,,5704000000,AAPL,Annual,cashflow
2009-09-30,USD,3110000000,,,,,197000000,472000000,,-75000000.0,,-3771000000.0,319000000,,,,,,,,,,,187000000.0,,180000000.0,-342000000.0,,1665000000,AAPL,Quarterly,cashflow
2009-12-31,USD,5781000000,,,,,209000000,381000000,271000000.0,-121000000.0,,-3958000000.0,523000000,,,,,,,,,,,374000000.0,,205000000.0,2346000000.0,,3378000000,AAPL,Quarterly,cashflow
2010-03-31,USD,2330000000,,,,,216000000,301000000,211000000.0,-62000000.0,,-83000000.0,162000000,,,,,,,,,,,160000000.0,,231000000.0,2409000000.0,,3074000000,AAPL,Quarterly,cashflow
2010-06-30,USD,4801000000,,,,,273000000,626000000,-1817000000.0,-304000000.0,,-5430000000.0,316000000,,,,,,,,,,,199000000.0,,219000000.0,-313000000.0,,3253000000,AAPL,Quarterly,cashflow
2010-09-30,USD,18595000000,,,,,1027000000,2005000000,-4860000000.0,-596000000.0,,-13854000000.0,1257000000,,,,,,,,,,,912000000.0,,879000000.0,5998000000.0,,14013000000,AAPL,Annual,cashflow
2010-09-30,USD,5683000000,,,,,329000000,813000000,-3525000000.0,-109000000.0,,-4383000000.0,256000000,,,,,,,,,,,179000000.0,,224000000.0,1556000000.0,,4308000000,AAPL,Quarterly,cashflow
2010-12-31,USD,9773000000,,,,,356000000,1263000000,-950000000.0,166000000.0,,-10729000000.0,429000000,,,,,,,,,,,208000000.0,,299000000.0,-527000000.0,,6004000000,AAPL,Quarterly,cashflow
2011-03-31,USD,6219000000,,,,,434000000,656000000,-221000000.0,-45000000.0,,-1522000000.0,547000000,,,,,,,,,,,286000000.0,,287000000.0,5244000000.0,,5987000000,AAPL,Quarterly,cashflow
2011-06-30,USD,11108000000,,,,,481000000,962000000,-376000000.0,41000000.0,,-15032000000.0,37000000,,,,,,,,,,,83000000.0,,284000000.0,-3887000000.0,,7308000000,AAPL,Quarterly,cashflow
2011-09-30,USD,37529000000,,,,,1814000000,4260000000,-1791000000.0,275000000.0,,-40419000000.0,1444000000,,,,,,,,,,,831000000.0,,1168000000.0,-1446000000.0,,25922000000,AAPL,Annual,cashflow
2011-09-30,USD,10429000000,,,,,543000000,4571000000,-244000000.0,113000000.0,,-13136000000.0,431000000,,,,,,,,,,,254000000.0,,298000000.0,-2276000000.0,,6623000000,AAPL,Quarterly,cashflow
2011-12-31,USD,17554000000,,,,,721000000,1429000000,-4767000000.0,-460000000.0,,-17128000000.0,69000000,,,,,,,,,,,91000000.0,,420000000.0,495000000.0,,13064000000,AAPL,Quarterly,cashflow
2012-03-31,USD,13977000000,,,,,740000000,1509000000,2725000000.0,134000000.0,,-14476000000.0,310000000,,,,,,,,,,,286000000.0,,424000000.0,-189000000.0,,11622000000,AAPL,Quarterly,cashflow
2012-06-30,USD,10189000000,,,,,835000000,2963000000,-529000000.0,-20000000.0,,-12310000000.0,-55000000,,,,,,,,,,,56000000.0,,448000000.0,-2176000000.0,,8824000000,AAPL,Quarterly,cashflow
2012-09-30,USD,50856000000,,,,,3277000000,8295000000,-6965000000.0,-15000000.0,,-48227000000.0,-1698000000,,,,,2488000000.0,2488000000.0,,,,,665000000.0,,1740000000.0,931000000.0,,41733000000,AAPL,Annual,cashflow
2012-09-30,USD,9136000000,,,,,981000000,3501000000,-4394000000.0,331000000.0,,-4313000000.0,-2022000000,,,,,2488000000.0,2488000000.0,,,,,-81000000.0,,448000000.0,2801000000.0,,8223000000,AAPL,Quarterly,cashflow
2012-12-31,USD,23426000000,,,,,1588000000,2455000000,-2842000000.0,-664000000.0,,-13521000000.0,-4497000000,,,,,2493000000.0,2493000000.0,,,,,-1950000000.0,,545000000.0,5408000000.0,,13078000000,AAPL,Quarterly,cashflow
2013-03-31,USD,12504000000,,,,,1692000000,2299000000,8198000000.0,210000000.0,,-14357000000.0,-2248000000,,,,,2491000000.0,2491000000.0,,,,,-54000000.0,,575000000.0,-4101000000.0,,9547000000,AAPL,Quarterly,cashflow
2013-06-30,USD,7828000000,,,,,1694000000,2016000000,-117000000.0,-452000000.0,,-6507000000.0,-2126000000,,,,,2811000000.0,2811000000.0,,,,,-16000000000.0,,578000000.0,-805000000.0,,6900000000,AAPL,Quarterly,cashflow
2013-09-30,USD,53666000000,,,,,6757000000,8165000000,-1949000000.0,-973000000.0,,-33774000000.0,-16379000000,,,,,10564000000.0,10564000000.0,,,,,-22860000000.0,,2253000000.0,3513000000.0,,37037000000,AAPL,Annual,cashflow
2013-09-30,USD,9908000000,,,,,1783000000,2306000000,-7188000000.0,-67000000.0,,611000000.0,-7508000000,,,,,2769000000.0,2769000000.0,,,,,-4910000000.0,,555000000.0,3011000000.0,,7512000000,AAPL,Quarterly,cashflow
2013-12-31,USD,22670000000,,,,,2144000000,2044000000,-4557000000.0,-358000000.0,,-15103000000.0,-7749000000,,,,,2769000000.0,2769000000.0,,,,,-5029000000.0,,681000000.0,-182000000.0,,13072000000,AAPL,Quarterly,cashflow
2014-03-31,USD,13538000000,,,,,1887000000,1486000000,9377000000.0,293000000.0,,11741000000.0,-20407000000,,,,,2661000000.0,2661000000.0,,,,,-17971000000.0,,696000000.0,4872000000.0,,10223000000,AAPL,Quarterly,cashflow
2014-06-30,USD,10255000000,,,,,1946000000,2431000000,-1020000000.0,235000000.0,,-22214000000.0,5987000000,,,,,2867000000.0,2867000000.0,,,,,-5000000000.0,,724000000.0,-5972000000.0,,7748000000,AAPL,Quarterly,cashflow
2014-09-30,USD,59713000000,,,,,7946000000,9571000000,-6452000000.0,-76000000.0,,-22579000000.0,-37549000000,,,,,11126000000.0,11126000000.0,,,,,-45000000000.0,,2863000000.0,-415000000.0,,39510000000,AAPL,Annual,cashflow
2014-09-30,USD,13250000000,,,,,1969000000,3852000000,-10252000000.0,-246000000.0,,2997000000.0,-15380000000,,,,,2829000000.0,2829000000.0,,,,,-17000000000.0,,762000000.0,867000000.0,,8467000000,AAPL,Quarterly,cashflow
2014-12-31,USD,33722000000,,,,,2575000000,3265000000,-2757000000.0,-172000000.0,,-21165000000.0,-6923000000,,,,,2801000000.0,2801000000.0,,,,,-5030000000.0,,888000000.0,5634000000.0,,18024000000,AAPL,Quarterly,cashflow
2015-03-31,USD,19081000000,,,,,2479000000,2476000000,11812000000.0,-113000000.0,,-22331000000.0,-1739000000,,,,,2743000000.0,2743000000.0,,,,,-6970000000.0,,927000000.0,-4989000000.0,,13569000000,AAPL,Quarterly,cashflow
2015-06-30,USD,14988000000,,,,,3084000000,2089000000,-1743000000.0,354000000.0,,-11403000000.0,-2755000000,,,,,3053000000.0,3053000000.0,,,,,-10000000000.0,,856000000.0,830000000.0,,10677000000,AAPL,Quarterly,cashflow
2015-09-30,USD,81266000000,,,,,11257000000,11247000000,611000000.0,-238000000.0,,-56274000000.0,-17716000000,,,,,11561000000.0,11561000000.0,,,,,-35253000000.0,,3586000000.0,7276000000.0,,53394000000,AAPL,Annual,cashflow
2015-09-30,USD,13475000000,,,,,3119000000,3658000000,-6701000000.0,-307000000.0,,-1375000000.0,-6299000000,,,,,2964000000.0,2964000000.0,,,,,-13253000000.0,,915000000.0,5801000000.0,,11124000000,AAPL,Quarterly,cashflow
2015-12-31,USD,27463000000,,,,,2954000000,4006000000,3896000000.0,-102000000.0,,-20450000000.0,-11444000000,,,,,2969000000.0,2969000000.0,,,,,-6863000000.0,,1078000000.0,-4431000000.0,,18361000000,AAPL,Quarterly,cashflow
2016-03-31,USD,11601000000,,,,,2477000000,2599000000,724000000.0,170000000.0,,-13660000000.0,6884000000,,,,,2902000000.0,2902000000.0,,,,,-6667000000.0,,1048000000.0,4825000000.0,,10516000000,AAPL,Quarterly,cashflow
2016-06-30,USD,10634000000,,,,,2526000000,2905000000,6681000000.0,450000000.0,,-4470000000.0,-9441000000,,,,,3187000000.0,3187000000.0,,,,,-10166000000.0,,1054000000.0,-3277000000.0,,7796000000,AAPL,Quarterly,cashflow
2016-09-30,USD,65824000000,,,,,10505000000,12734000000,1044000000.0,217000000.0,,-45977000000.0,-20483000000,,,,,12150000000.0,12150000000.0,,,,,-29722000000.0,,4210000000.0,-636000000.0,,45687000000,AAPL,Annual,cashflow
2016-09-30,USD,16126000000,,,,,2548000000,4038000000,-10257000000.0,-301000000.0,,-7397000000.0,-6482000000,,,,,3092000000.0,3092000000.0,,,,,-6026000000.0,,1030000000.0,2247000000.0,,9014000000,AAPL,Quarterly,cashflow
2016-12-31,USD,27234000000,,,,,2987000000,3420000000,1322000000.0,-580000000.0,,-19122000000.0,-12225000000,,,,,3130000000.0,3130000000.0,,,,,-10851000000.0,,1256000000.0,-4113000000.0,,17891000000,AAPL,Quarterly,cashflow
2017-03-31,USD,12570000000,,,,,2332000000,3015000000,7373000000.0,-198000000.0,,-14202000000.0,418000000,,,,,3004000000.0,3004000000.0,,,,,-7161000000.0,,1217000000.0,-1214000000.0,,11029000000,AAPL,Quarterly,cashflow
2017-06-30,USD,8672000000,,,,,2354000000,2360000000,-2002000000.0,-236000000.0,,-3180000000.0,-2078000000,,,,,3365000000.0,3365000000.0,,,,,-7093000000.0,,1193000000.0,3414000000.0,,8717000000,AAPL,Quarterly,cashflow
2017-09-30,USD,63598000000,,,,,10157000000,12451000000,-6347000000.0,-2723000000.0,,-46446000000.0,-17347000000,,,,,12769000000.0,12769000000.0,,,,,-32345000000.0,,4840000000.0,-195000000.0,,48351000000,AAPL,Annual,cashflow
2017-09-30,USD,15656000000,,,,,2484000000,4000000000,-13040000000.0,-1709000000.0,,-9942000000.0,-3996000000,,,,,3270000000.0,3270000000.0,,,,,-7795000000.0,,1174000000.0,1718000000.0,,10714000000,AAPL,Quarterly,cashflow
2017-12-31,USD,28293000000,,,,,2745000000,2810000000,-15230000000.0,434000000.0,,-13590000000.0,-7501000000,,,,,3339000000.0,3339000000.0,,,,,-10095000000.0,,1296000000.0,7202000000.0,,20065000000,AAPL,Quarterly,cashflow
2018-03-31,USD,15130000000,,,,,2739000000,4195000000,28468000000.0,-3241000000.0,,28710000000.0,-26272000000,,,,,3190000000.0,3190000000.0,,,,,-22756000000.0,,1348000000.0,17568000000.0,,13822000000,AAPL,Quarterly,cashflow
2018-06-30,USD,14488000000,,,,,2665000000,3267000000,-3946000000.0,1693000000.0,,3947000000.0,-31523000000,,,,,3653000000.0,3653000000.0,,,,,-20783000000.0,,1351000000.0,-13088000000.0,,11519000000,AAPL,Quarterly,cashflow
2018-09-30,USD,77434000000,,,,,10903000000,13313000000,-13332000000.0,828000000.0,,16066000000.0,-87876000000,,,,,13712000000.0,13712000000.0,,,,,-72738000000.0,,5340000000.0,5624000000.0,,59531000000,AAPL,Annual,cashflow
2018-09-30,USD,19523000000,,,,,2754000000,3041000000,-22624000000.0,1942000000.0,,-3001000000.0,-22580000000,,,,,3530000000.0,3530000000.0,,,,,-19104000000.0,,1345000000.0,-6058000000.0,,14125000000,AAPL,Quarterly,cashflow
2018-12-31,USD,26690000000,,,,,3395000000,3355000000,12035000000.0,-1076000000.0,,5844000000.0,-13676000000,,,,,3568000000.0,3568000000.0,,,,,-8796000000.0,,1559000000.0,18858000000.0,,19965000000,AAPL,Quarterly,cashflow
2019-03-31,USD,11155000000,,,,,3040000000,2363000000,10675000000.0,70000000.0,,13348000000.0,-29457000000,,,,,3443000000.0,3443000000.0,,,,,-23702000000.0,,1514000000.0,-4954000000.0,,11561000000,AAPL,Quarterly,cashflow
2019-06-30,USD,11636000000,,,,,2933000000,2000000000,-214000000.0,1502000000.0,,27502000000.0,-26804000000,,,,,3629000000.0,3629000000.0,,,,,-16955000000.0,,1496000000.0,12334000000.0,,10044000000,AAPL,Quarterly,cashflow
2019-09-30,USD,69391000000,,,,,12547000000,10495000000,3176000000.0,-289000000.0,,45896000000.0,-90976000000,,,,,14119000000.0,14119000000.0,,,,,-66897000000.0,,6068000000.0,24311000000.0,,55256000000,AAPL,Annual,cashflow
2019-09-30,USD,19910000000,,,,,3179000000,2777000000,-19320000000.0,-785000000.0,,-798000000.0,-21039000000,,,,,3479000000.0,3479000000.0,,,,,-17444000000.0,,1499000000.0,-1927000000.0,,13686000000,AAPL,Quarterly,cashflow
2019-12-31,USD,30516000000,,,,,2816000000,2107000000,5917000000.0,-28000000.0,,-13668000000.0,-25407000000,,,,,3539000000.0,3539000000.0,,,,,-20706000000.0,,1710000000.0,-8559000000.0,,22236000000,AAPL,Quarterly,cashflow
2020-03-31,USD,13311000000,,,,,2786000000,1853000000,9290000000.0,727000000.0,,9013000000.0,-20940000000,,,,,3375000000.0,3375000000.0,,,,,-18574000000.0,,1697000000.0,1384000000.0,,11249000000,AAPL,Quarterly,cashflow
2020-06-30,USD,60098000000,,,,,2752000000,1565000000,-1373000000.0,-689000000.0,,-5165000000.0,-19116000000,,,,,3656000000.0,3656000000.0,,,,,-15891000000.0,,1698000000.0,-8010000000.0,,11253000000,AAPL,Quarterly,cashflow
2020-09-30,USD,80674000000,,,,,11056000000,7309000000,8470000000.0,-127000000.0,,-4289000000.0,-86820000000,,,,,14081000000.0,14081000000.0,,,,,-72358000000.0,,6829000000.0,-10435000000.0,,57411000000,AAPL,Annual,cashflow
2020-09-30,USD,20576000000,,,,,2702000000,1784000000,-5364000000.0,-137000000.0,,5531000000.0,-21357000000,,,,,3511000000.0,3511000000.0,,,,,-17187000000.0,,1724000000.0,4750000000.0,,12673000000,AAPL,Quarterly,cashflow
2020-12-31,USD,38763000000,,,,,2666000000,3500000000,-21139000000.0,-950000000.0,,-8584000000.0,-32249000000,,,,,3613000000.0,3613000000.0,,,,,-24775000000.0,,2020000000.0,-2070000000.0,,28755000000,AAPL,Quarterly,cashflow
2021-03-31,USD,23981000000,,,,,2797000000,2269000000,25584000000.0,-276000000.0,,-10368000000.0,-11326000000,,,,,3447000000.0,3447000000.0,,,,,-42762000000.0,,1981000000.0,2287000000.0,,23630000000,AAPL,Quarterly,cashflow
2021-06-30,USD,21094000000,,,,,2832000000,2093000000,-869000000.0,13000000.0,,3572000000.0,-29396000000,,,,,3767000000.0,3767000000.0,,,,,-65662000000.0,,1960000000.0,-4730000000.0,,21744000000,AAPL,Quarterly,cashflow
2021-09-30,USD,104038000000,,,,,11284000000,11085000000,-14028000000.0,-2642000000.0,,-14545000000.0,-93353000000,,,,,14467000000.0,14467000000.0,,,,,-85971000000.0,,7906000000.0,-3860000000.0,,94680000000,AAPL,Annual,cashflow
2021-09-30,USD,20200000000,,,,,2989000000,3223000000,-17604000000.0,-1429000000.0,,835000000.0,-20382000000,,,,,3640000000.0,3640000000.0,,,,,-19748000000.0,,1945000000.0,653000000.0,,20551000000,AAPL,Quarterly,cashflow
2021-12-31,USD,46966000000,,,,,2697000000,2803000000,-13746000000.0,681000000.0,,-16106000000.0,-28159000000,,,,,3732000000.0,3732000000.0,,,,,-20478000000.0,,2265000000.0,2701000000.0,,34630000000,AAPL,Quarterly,cashflow
2022-03-31,USD,28166000000,,,,,2737000000,2514000000,19931000000.0,384000000.0,,-9265000000.0,-28351000000,,,,,3595000000.0,3595000000.0,,,,,-22631000000.0,,2252000000.0,-9450000000.0,,25010000000,AAPL,Quarterly,cashflow
2022-06-30,USD,22892000000,,,,,2805000000,2102000000,3165000000.0,-16000000.0,,4234000000.0,-27445000000,,,,,3811000000.0,3811000000.0,,,,,-21865000000.0,,2243000000.0,-319000000.0,,19442000000,AAPL,Quarterly,cashflow
2022-09-30,USD,122151000000,,,,,11104000000,10708000000,-9343000000.0,1484000000.0,,-22354000000.0,-110749000000,,,,,14841000000.0,14841000000.0,,,,,-89402000000.0,,9038000000.0,-10952000000.0,,99803000000,AAPL,Annual,cashflow
2022-09-30,USD,24127000000,,,,,2865000000,3289000000,-18693000000.0,435000000.0,,-1217000000.0,-26794000000,,,,,3703000000.0,3703000000.0,,,,,-24428000000.0,,2278000000.0,-3884000000.0,,20721000000,AAPL,Quarterly,cashflow
2022-12-31,USD,34005000000,,,,,2916000000,3787000000,6595000000.0,-1807000000.0,,-1445000000.0,-35563000000,,,,,3768000000.0,3768000000.0,,,,,-19475000000.0,,2905000000.0,-3003000000.0,,29998000000,AAPL,Quarterly,cashflow
2023-03-31,USD,28560000000,,,,,2898000000,2916000000,17786000000.0,-741000000.0,,2319000000.0,-25724000000,,,,,3650000000.0,3650000000.0,,,,,-19594000000.0,,2686000000.0,5155000000.0,,24160000000,AAPL,Quarterly,cashflow
2023-06-30,USD,26380000000,,,,,3052000000,2093000000,-3661000000.0,-22000000.0,,437000000.0,-24048000000,,,,,3849000000.0,3849000000.0,,,,,-17478000000.0,,2617000000.0,2769000000.0,,19881000000,AAPL,Quarterly,cashflow
2023-09-30,USD,110543000000,,,,,11519000000,10959000000,-417000000.0,-1618000000.0,,3705000000.0,-108488000000,,,,,15025000000.0,15025000000.0,,,,,-77550000000.0,,10833000000.0,5760000000.0,,96995000000,AAPL,Annual,cashflow
2023-09-30,USD,21598000000,,,,,2653000000,2163000000,-21137000000.0,952000000.0,,3705000000.0,-23153000000,,,,,3758000000.0,3758000000.0,,,,,-21003000000.0,,2625000000.0,839000000.0,,22956000000,AAPL,Quarterly,cashflow
2023-12-31,USD,39895000000,,,,,2848000000,2392000000,,-137000000.0,,1927000000.0,-30585000000,,,,,3825000000.0,3825000000.0,,,,,-20139000000.0,,2997000000.0,,,33916000000,AAPL,Quarterly,cashflow
2024-03-31,USD,22690000000,,,,,2836000000,1996000000,,190000000.0,,-310000000.0,-30433000000,,,,,3710000000.0,3710000000.0,,,,,-23205000000.0,,2964000000.0,,,23636000000,AAPL,Quarterly,cashflow
2024-06-30,USD,28858000000,,,,,2850000000,2151000000,,-12000000.0,,-127000000.0,-36017000000,,,,,3895000000.0,3895000000.0,,,,,-26522000000.0,,2869000000.0,,,21448000000,AAPL,Quarterly,cashflow
2024-09-30,USD,118254000000,,,,,11445000000,9447000000,,-1046000000.0,,2935000000.0,-121983000000,,,,,15234000000.0,15234000000.0,,,,,-94949000000.0,,11688000000.0,,,93736000000,AAPL,Annual,cashflow
2024-09-30,USD,26811000000,,,,,2911000000,2908000000,,-1087000000.0,,1445000000.0,-24948000000,,,,,3804000000.0,3804000000.0,,,,,-25083000000.0,,2858000000.0,,,14736000000,AAPL,Quarterly,cashflow
2024-12-31,USD,29935000000,,,,,3080000000,2940000000,,215000000.0,,9792000000.0,-39371000000,,,,,3856000000.0,3856000000.0,,,,,-23606000000.0,,3286000000.0,,,36330000000,AAPL,Quarterly,cashflow
2025-03-31,USD,23952000000,,,,,2661000000,3071000000,,643000000.0,,2917000000.0,-29006000000,,,,,3758000000.0,3758000000.0,,,,,-25898000000.0,,3226000000.0,,,24780000000,AAPL,Quarterly,cashflow
2025-06-30,USD,27867000000,,,,,2830000000,3462000000,,365000000.0,,5073000000.0,-24833000000,,,,,3945000000.0,3945000000.0,,,,,-21075000000.0,,3168000000.0,,,23434000000,AAPL,Quarterly,cashflow
2025-09-30,USD,111482000000,,,,,11698000000,12715000000,,1400000000.0,,15195000000.0,-120686000000,,,,,15421000000.0,15421000000.0,,,,,-90711000000.0,,12863000000.0,,,112010000000,AAPL,Annual,cashflow
2025-09-30,USD,29728000000,,,,,3127000000,3242000000,,177000000.0,,-2587000000.0,-27476000000,,,,,3862000000.0,3862000000.0,,,,,-20132000000.0,,3183000000.0,,,27466000000,AAPL,Quarterly,cashflow
2025-12-31,USD,53925000000,,,,,3214000000,2373000000,,-211000000.0,,-4886000000.0,-39656000000,,,,,3921000000.0,3921000000.0,,,,,-24701000000.0,,3594000000.0,,,42097000000,AAPL,Quarterly,cashflow
2026-03-31,USD,28702000000,,,,,3439000000,1971000000,,-873000000.0,,-6168000000.0,-22279000000,,,,,3822000000.0,3822000000.0,,,,,-12288000000.0,,3528000000.0,,,29578000000,AAPL,Quarterly,cashflow
2026-06-30,USD,34369000000,,,,,3320000000,2455000000,,-4377000000.0,,-7757000000.0,-32640000000,,,,,4035000000.0,4035000000.0,,,,,-25105000000.0,,3401000000.0,,,29789000000,AAPL,Quarterly,cashflow
2006-06-30,USD,130000000,,,,,43000000,58000000,,30000000.0,,-41000000.0,73000000,,,,,,,,,,,6000000.0,,30000000.0,,,22000000,AMZN,Quarterly,cashflow
2006-09-30,USD,130000000,,,,,63000000,62000000,,-218000000.0,,147000000.0,-268000000,,,,,294000000.0,294000000.0,,,,,-252000000.0,,30000000.0,,,19000000,AMZN,Quarterly,cashflow
2006-12-31,USD,702000000,,,,,205000000,216000000,,-282000000.0,,-333000000.0,-400000000,,,,,,,,,,,-252000000.0,,101000000.0,,,190000000,AMZN,Annual,cashflow
2006-12-31,USD,744000000,,,,,59000000,50000000,,-127000000.0,,-523000000.0,92000000,,,,,,,,,,,18000000.0,,30000000.0,,,97000000,AMZN,Quarterly,cashflow
2007-03-31,USD,-279000000,,,,,62000000,34000000,,126000000.0,,235000000.0,-232000000,,,,,17000000.0,17000000.0,,,,,-248000000.0,,34000000.0,,,111000000,AMZN,Quarterly,cashflow
2007-06-30,USD,299000000,,,,,60000000,47000000,,25000000.0,,-88000000.0,41000000,,,,,,,,,,,35000000.0,,46000000.0,,,78000000,AMZN,Quarterly,cashflow
2007-09-30,USD,237000000,,,,,61000000,69000000,,-223000000.0,,34000000.0,73000000,,,,,,,,,,,35000000.0,,51000000.0,,,80000000,AMZN,Quarterly,cashflow
2007-12-31,USD,1405000000,,,,,246000000,224000000,,-303000000.0,,42000000.0,50000000,,,,,,,,,,,-248000000.0,,185000000.0,,,476000000,AMZN,Annual,cashflow
2007-12-31,USD,1148000000,,,,,63000000,73000000,,-231000000.0,,-139000000.0,168000000,,,,,,,,,,,12000000.0,,55000000.0,,,207000000,AMZN,Quarterly,cashflow
2008-03-31,USD,-645000000,,,,,65000000,61000000,,148000000.0,,-527000000.0,92000000,,,,,,,,,,,2000000.0,,54000000.0,,,143000000,AMZN,Quarterly,cashflow
2008-06-30,USD,347000000,,,,,70000000,69000000,,-35000000.0,,-301000000.0,14000000,,,,,,,,,,,6000000.0,,73000000.0,,,158000000,AMZN,Quarterly,cashflow
2008-09-30,USD,424000000,,,,,76000000,102000000,,-243000000.0,,-6000000.0,-240000000,,,,,,,,,,,2000000.0,,70000000.0,,,118000000,AMZN,Quarterly,cashflow
2008-12-31,USD,1697000000,,,,,287000000,333000000,,-232000000.0,,-1199000000.0,-198000000,,,,,,,,,,,-100000000.0,,275000000.0,,,645000000,AMZN,Annual,cashflow
2008-12-31,USD,1571000000,,,,,77000000,102000000,,-102000000.0,,-364000000.0,-65000000,,,,,,,,,,,-100000000.0,,78000000.0,,,225000000,AMZN,Quarterly,cashflow
2009-03-31,USD,-585000000,,,,,87000000,55000000,,107000000.0,,-147000000.0,-291000000,,,,,,,,,,,3000000.0,,67000000.0,,,177000000,AMZN,Quarterly,cashflow
2009-06-30,USD,468000000,,,,,84000000,78000000,,-23000000.0,,-279000000.0,-3000000,,,,,0.0,0.0,,,,,-3000000.0,,85000000.0,,,142000000,AMZN,Quarterly,cashflow
2009-09-30,USD,799000000,,,,,96000000,103000000,,-276000000.0,,-302000000.0,64000000,,,,,0.0,0.0,,,,,0.0,,90000000.0,,,199000000,AMZN,Quarterly,cashflow
2009-12-31,USD,3293000000,,,,,378000000,373000000,-481000000.0,-531000000.0,,-2337000000.0,-280000000,,,,,0.0,0.0,,,,,0.0,,341000000.0,675000000.0,-1000000.0,902000000,AMZN,Annual,cashflow
2009-12-31,USD,2611000000,,,,,112000000,137000000,,-339000000.0,,-1608000000.0,-51000000,,,,,0.0,0.0,,,,,-100000000.0,,99000000.0,,,384000000,AMZN,Quarterly,cashflow
2010-03-31,USD,-1098000000,,,,,119000000,140000000,454000000.0,321000000.0,,-542000000.0,87000000,,,,,0.0,0.0,,,,,0.0,,87000000.0,-1600000000.0,-47000000.0,299000000,AMZN,Quarterly,cashflow
2010-06-30,USD,250000000,,,,,129000000,196000000,-42000000.0,-141000000.0,,-475000000.0,43000000,,,,,0.0,0.0,,,,,0.0,,111000000.0,-215000000.0,-33000000.0,207000000,AMZN,Quarterly,cashflow
2010-09-30,USD,855000000,,,,,150000000,315000000,-64000000.0,-505000000.0,,-1128000000.0,93000000,,,,,0.0,0.0,,,,,0.0,,107000000.0,-90000000.0,89000000.0,231000000,AMZN,Quarterly,cashflow
2010-12-31,USD,3495000000,,,,,568000000,979000000,-295000000.0,-1019000000.0,,-3360000000.0,181000000,,,,,0.0,0.0,,,,,0.0,,424000000.0,333000000.0,17000000.0,1152000000,AMZN,Annual,cashflow
2010-12-31,USD,3488000000,,,,,170000000,328000000,-643000000.0,-693000000.0,,-1215000000.0,-43000000,,,,,0.0,0.0,,,,,0.0,,120000000.0,2238000000.0,8000000.0,416000000,AMZN,Quarterly,cashflow
2011-03-31,USD,-1586000000,,,,,202000000,298000000,359000000.0,343000000.0,,390000000.0,24000000,,,,,0.0,0.0,,,,,0.0,,110000000.0,-1136000000.0,36000000.0,201000000,AMZN,Quarterly,cashflow
2011-06-30,USD,423000000,,,,,244000000,433000000,-73000000.0,-274000000.0,,-951000000.0,-91000000,,,,,0.0,0.0,,,,,0.0,,144000000.0,-594000000.0,25000000.0,191000000,AMZN,Quarterly,cashflow
2011-09-30,USD,797000000,,,,,278000000,529000000,-75000000.0,-587000000.0,,100000000.0,-82000000,,,,,0.0,0.0,,,,,0.0,,144000000.0,776000000.0,-39000000.0,63000000,AMZN,Quarterly,cashflow
2011-12-31,USD,3903000000,,,,,1083000000,1811000000,-866000000.0,-1777000000.0,,-1930000000.0,-482000000,,,,,0.0,0.0,,,,,-277000000.0,,557000000.0,1492000000.0,1000000.0,631000000,AMZN,Annual,cashflow
2011-12-31,USD,4269000000,,,,,359000000,550000000,-1077000000.0,-1260000000.0,,-1469000000.0,-333000000,,,,,0.0,0.0,,,,,-277000000.0,,160000000.0,2446000000.0,-21000000.0,177000000,AMZN,Quarterly,cashflow
2012-03-31,USD,-2438000000,,,,,457000000,386000000,746000000.0,747000000.0,,450000000.0,-1005000000,,,,,0.0,0.0,,,,,-960000000.0,,160000000.0,-2981000000.0,12000000.0,130000000,AMZN,Quarterly,cashflow
2012-06-30,USD,594000000,,,,,485000000,657000000,-166000000.0,-124000000.0,,-595000000.0,67000000,,,,,0.0,0.0,,,,,0.0,,221000000.0,47000000.0,-20000000.0,7000000,AMZN,Quarterly,cashflow
2012-09-30,USD,943000000,,,,,554000000,716000000,-416000000.0,-647000000.0,,-369000000.0,31000000,,,,,0.0,0.0,,,,,0.0,,217000000.0,645000000.0,40000000.0,-274000000,AMZN,Quarterly,cashflow
2012-12-31,USD,4180000000,,,,,2159000000,3785000000,-861000000.0,-999000000.0,,-3595000000.0,2259000000,,,,,0.0,0.0,,,,,-960000000.0,,833000000.0,2815000000.0,-29000000.0,-39000000,AMZN,Annual,cashflow
2012-12-31,USD,5081000000,,,,,662000000,2026000000,-1025000000.0,-974000000.0,,-3082000000.0,3166000000,,,,,0.0,0.0,,,,,0.0,,236000000.0,5104000000.0,-61000000.0,97000000,AMZN,Quarterly,cashflow
2013-03-31,USD,-2372000000,,,,,700000000,670000000,729000000.0,535000000.0,,-950000000.0,-157000000,,,,,0.0,0.0,,,,,0.0,,229000000.0,-3603000000.0,-124000000.0,82000000,AMZN,Quarterly,cashflow
2013-06-30,USD,880000000,,,,,756000000,855000000,-211000000.0,-30000000.0,,-1420000000.0,-209000000,,,,,0.0,0.0,,,,,0.0,,298000000.0,-777000000.0,-29000000.0,-7000000,AMZN,Quarterly,cashflow
2013-09-30,USD,1388000000,,,,,834000000,1038000000,-125000000.0,-586000000.0,,-1063000000.0,-230000000,,,,,0.0,0.0,,,,,0.0,,281000000.0,168000000.0,72000000.0,-41000000,AMZN,Quarterly,cashflow
2013-12-31,USD,5475000000,,,,,3253000000,3444000000,-846000000.0,-1410000000.0,,-4276000000.0,-539000000,,,,,0.0,0.0,,,,,0.0,,1134000000.0,574000000.0,-86000000.0,274000000,AMZN,Annual,cashflow
2013-12-31,USD,5578000000,,,,,963000000,879000000,-1239000000.0,-1330000000.0,,-844000000.0,57000000,,,,,0.0,0.0,,,,,0.0,,326000000.0,4786000000.0,-5000000.0,239000000,AMZN,Quarterly,cashflow
2014-03-31,USD,-2502000000,,,,,1010000000,1080000000,727000000.0,699000000.0,,-924000000.0,-175000000,,,,,0.0,0.0,,,,,0.0,,321000000.0,-3584000000.0,17000000.0,108000000,AMZN,Quarterly,cashflow
2014-06-30,USD,862000000,,,,,1109000000,1290000000,-299000000.0,92000000.0,,-731000000.0,-189000000,,,,,0.0,0.0,,,,,0.0,,391000000.0,-17000000.0,40000000.0,-126000000,AMZN,Quarterly,cashflow
2014-09-30,USD,1766000000,,,,,1247000000,1378000000,-362000000.0,-845000000.0,,-946000000.0,-412000000,,,,,0.0,0.0,,,,,0.0,,377000000.0,201000000.0,-207000000.0,-437000000,AMZN,Quarterly,cashflow
2014-12-31,USD,6842000000,,,,,4746000000,4893000000,-1039000000.0,-1193000000.0,,-5065000000.0,4432000000,,,,,0.0,0.0,,,,,0.0,,1497000000.0,5899000000.0,-310000000.0,-241000000,AMZN,Annual,cashflow
2014-12-31,USD,6715000000,,,,,1379000000,1145000000,-1105000000.0,-1139000000.0,,-2465000000.0,5209000000,,,,,0.0,0.0,,,,,0.0,,408000000.0,9299000000.0,-160000000.0,214000000,AMZN,Quarterly,cashflow
2015-03-31,USD,-1499000000,,,,,1426000000,871000000,441000000.0,721000000.0,,-1847000000.0,-652000000,,,,,0.0,0.0,,,,,0.0,,407000000.0,-4320000000.0,-322000000.0,-57000000,AMZN,Quarterly,cashflow
2015-06-30,USD,1997000000,,,,,1504000000,1213000000,-430000000.0,-27000000.0,,-1376000000.0,-691000000,,,,,0.0,0.0,,,,,0.0,,563000000.0,32000000.0,103000000.0,92000000,AMZN,Quarterly,cashflow
2015-09-30,USD,2610000000,,,,,1599000000,1195000000,-588000000.0,-1537000000.0,,-1377000000.0,-730000000,,,,,0.0,0.0,,,,,0.0,,544000000.0,440000000.0,-64000000.0,79000000,AMZN,Quarterly,cashflow
2015-12-31,USD,12039000000,,,,,6281000000,5387000000,-1755000000.0,-2187000000.0,,-6450000000.0,-3882000000,,,,,0.0,0.0,,,,,0.0,,2119000000.0,1333000000.0,-374000000.0,596000000,AMZN,Annual,cashflow
2015-12-31,USD,8812000000,,,,,1752000000,1309000000,-1178000000.0,-1343000000.0,,-1850000000.0,-1690000000,,,,,0.0,0.0,,,,,0.0,,606000000.0,5181000000.0,-91000000.0,482000000,AMZN,Quarterly,cashflow
2016-03-31,USD,-1953000000,,,,,1827000000,1179000000,412000000.0,769000000.0,,-693000000.0,-996000000,,,,,0.0,0.0,,,,,0.0,,544000000.0,-3420000000.0,222000000.0,513000000,AMZN,Quarterly,cashflow
2016-06-30,USD,3578000000,,,,,1909000000,1711000000,-1184000000.0,-57000000.0,,-2439000000.0,-1152000000,,,,,0.0,0.0,,,,,0.0,,768000000.0,51000000.0,64000000.0,857000000,AMZN,Quarterly,cashflow
2016-09-30,USD,4659000000,,,,,2084000000,1841000000,-671000000.0,-1095000000.0,,-2570000000.0,-1000000000,,,,,0.0,0.0,,,,,0.0,,776000000.0,1135000000.0,46000000.0,252000000,AMZN,Quarterly,cashflow
2016-12-31,USD,17203000000,,,,,8116000000,7804000000,-3367000000.0,-1426000000.0,,-9516000000.0,-3716000000,,,,,0.0,0.0,,,,,0.0,,2975000000.0,3444000000.0,-212000000.0,2371000000,AMZN,Annual,cashflow
2016-12-31,USD,10652000000,,,,,2297000000,2006000000,-1924000000.0,-1043000000.0,,-4174000000.0,-256000000,,,,,0.0,0.0,,,,,0.0,,887000000.0,5678000000.0,-544000000.0,749000000,AMZN,Quarterly,cashflow
2017-03-31,USD,-1619000000,,,,,2435000000,2148000000,994000000.0,947000000.0,,-1350000000.0,-888000000,,,,,0.0,0.0,,,,,0.0,,792000000.0,-3894000000.0,226000000.0,724000000,AMZN,Quarterly,cashflow
2017-06-30,USD,3850000000,,,,,2633000000,3113000000,-1242000000.0,-682000000.0,,-5274000000.0,-1274000000,,,,,0.0,0.0,,,,,0.0,,1158000000.0,-2237000000.0,248000000.0,197000000,AMZN,Quarterly,cashflow
2017-09-30,USD,3777000000,,,,,2912000000,3074000000,-1757000000.0,-1593000000.0,,-18478000000.0,14662000000,,,,,0.0,0.0,,,,,0.0,,1085000000.0,-436000000.0,149000000.0,256000000,AMZN,Quarterly,cashflow
2017-12-31,USD,18365000000,,,,,11478000000,11955000000,-4786000000.0,-3583000000.0,,-27084000000.0,9928000000,,,,,0.0,0.0,,,,,0.0,,4215000000.0,1188000000.0,713000000.0,3033000000,AMZN,Annual,cashflow
2017-12-31,USD,12344000000,,,,,3498000000,4933000000,-2781000000.0,-2255000000.0,,-2032000000.0,-2647000000,,,,,0.0,0.0,,,,,0.0,,1179000000.0,7755000000.0,90000000.0,1857000000,AMZN,Quarterly,cashflow
2018-03-31,USD,-1791000000,,,,,3671000000,3098000000,1029000000.0,2220000000.0,,-533000000.0,-2164000000,,,,,0.0,0.0,,,,,0.0,,1182000000.0,-4240000000.0,248000000.0,1629000000,AMZN,Quarterly,cashflow
2018-06-30,USD,7449000000,,,,,3630000000,3243000000,-1365000000.0,-1090000000.0,,-2692000000.0,-1394000000,,,,,0.0,0.0,,,,,0.0,,1468000000.0,2920000000.0,-445000000.0,2534000000,AMZN,Quarterly,cashflow
2018-09-30,USD,8588000000,,,,,3778000000,3352000000,-2884000000.0,-1094000000.0,,-5572000000.0,-2369000000,,,,,0.0,0.0,,,,,0.0,,1350000000.0,496000000.0,-151000000.0,2883000000,AMZN,Quarterly,cashflow
2018-12-31,USD,30723000000,,,,,15341000000,13427000000,-4615000000.0,-1314000000.0,,-12369000000.0,-7686000000,,,,,,,,,,,,,5418000000.0,10317000000.0,-351000000.0,10073000000,AMZN,Annual,cashflow
2018-12-31,USD,16477000000,,,,,4262000000,3734000000,-1395000000.0,-1350000000.0,,-3572000000.0,-1761000000,,,,,,,,,,,,,1417000000.0,11141000000.0,-3000000.0,3027000000,AMZN,Quarterly,cashflow
2019-03-31,USD,1846000000,,,,,4854000000,3290000000,-401000000.0,719000000.0,,-8123000000.0,-2377000000,,,,,,,,,,,,,1274000000.0,-8666000000.0,-12000000.0,3561000000,AMZN,Quarterly,cashflow
2019-06-30,USD,9118000000,,,,,5202000000,3562000000,-2193000000.0,-2100000000.0,,-7549000000.0,-2158000000,,,,,,,,,,,,,1971000000.0,-542000000.0,48000000.0,2625000000,AMZN,Quarterly,cashflow
2019-09-30,USD,7892000000,,,,,5563000000,4697000000,-1182000000.0,-381000000.0,,-5074000000.0,-1960000000,,,,,,,,,,,,,1779000000.0,589000000.0,-270000000.0,2134000000,AMZN,Quarterly,cashflow
2019-12-31,USD,38514000000,,,,,21789000000,16861000000,-7681000000.0,-3278000000.0,,-24281000000.0,-10066000000,,,,,,,,,,,,,6864000000.0,4237000000.0,70000000.0,11588000000,AMZN,Annual,cashflow
2019-12-31,USD,19659000000,,,,,6170000000,5312000000,-3905000000.0,-1516000000.0,,-3536000000.0,-3571000000,,,,,,,,,,,,,1840000000.0,12856000000.0,304000000.0,3268000000,AMZN,Quarterly,cashflow
2020-03-31,USD,3064000000,,,,,5362000000,6795000000,1262000000.0,1392000000.0,,-8894000000.0,-2591000000,,,,,,,,,,,,,1757000000.0,-8905000000.0,-484000000.0,2535000000,AMZN,Quarterly,cashflow
2020-06-30,USD,20606000000,,,,,5748000000,7459000000,-2854000000.0,-672000000.0,,-17804000000.0,7408000000,,,,,,,,,,,,,2601000000.0,10337000000.0,128000000.0,5243000000,AMZN,Quarterly,cashflow
2020-09-30,USD,11964000000,,,,,6523000000,11063000000,-2016000000.0,-3899000000.0,,-15876000000.0,-4105000000,,,,,,,,,,,,,2288000000.0,-7640000000.0,377000000.0,6331000000,AMZN,Quarterly,cashflow
2020-12-31,USD,66064000000,,,,,25251000000,40140000000,-8169000000.0,-2849000000.0,,-59611000000.0,-1104000000,,,,,,,,,,,0.0,,9208000000.0,5967000000.0,618000000.0,21331000000,AMZN,Annual,cashflow
2020-12-31,USD,30431000000,,,,,7618000000,14823000000,-4561000000.0,329000000.0,,-17037000000.0,-1816000000,,,,,,,,,,,,,2562000000.0,12175000000.0,597000000.0,7222000000,AMZN,Quarterly,cashflow
2021-03-31,USD,4213000000,,,,,7508000000,12082000000,-2255000000.0,-304000000.0,,-8666000000.0,-3476000000,,,,,,,,,,,,,2306000000.0,-8222000000.0,-293000000.0,8107000000,AMZN,Quarterly,cashflow
2021-06-30,USD,12715000000,,,,,8038000000,14288000000,-4462000000.0,-209000000.0,,-22080000000.0,15643000000,,,,,,,,,,,,,3591000000.0,6512000000.0,234000000.0,7778000000,AMZN,Quarterly,cashflow
2021-09-30,USD,7313000000,,,,,8948000000,15748000000,-4890000000.0,-7059000000.0,,-14828000000.0,-2776000000,,,,,,,,,,,,,3180000000.0,-10490000000.0,-199000000.0,3156000000,AMZN,Quarterly,cashflow
2021-12-31,USD,46327000000,,,,,34296000000,61053000000,-18163000000.0,-9487000000.0,,-58154000000.0,6291000000,,,,,,,,,,,0.0,,12757000000.0,-5900000000.0,-364000000.0,33364000000,AMZN,Annual,cashflow
2021-12-31,USD,22086000000,,,,,9802000000,18935000000,-6556000000.0,-1915000000.0,,-12580000000.0,-3100000000,,,,,,,,,,,,,3680000000.0,6300000000.0,-106000000.0,14323000000,AMZN,Quarterly,cashflow
2022-03-31,USD,-2790000000,,,,,8978000000,14951000000,-1516000000.0,-2614000000.0,,906000000.0,1990000000,,,,,,,,,,,-2666000000.0,,3250000000.0,106000000.0,,-3844000000,AMZN,Quarterly,cashflow
2022-06-30,USD,8965000000,,,,,9594000000,15724000000,-6799000000.0,-3890000000.0,,-12078000000.0,4626000000,,,,,,,,,,,-3334000000.0,,5209000000.0,1513000000.0,,-2028000000,AMZN,Quarterly,cashflow
2022-09-30,USD,11404000000,,,,,10204000000,16378000000,-4794000000.0,732000000.0,,-15608000000.0,3016000000,,,,,,,,,,,-6000000000.0,,5556000000.0,-1188000000.0,,2872000000,AMZN,Quarterly,cashflow
2022-12-31,USD,46752000000,,,,,41921000000,63645000000,-21897000000.0,-2592000000.0,,-37601000000.0,9718000000,,,,,,,,,,,-6000000000.0,,19621000000.0,18869000000.0,,-2722000000,AMZN,Annual,cashflow
2022-12-31,USD,29173000000,,,,,12685000000,16592000000,-8788000000.0,3180000000.0,,-10821000000.0,86000000,,,,,,,,,,,6000000000.0,,5606000000.0,18438000000.0,,278000000,AMZN,Quarterly,cashflow
2023-03-31,USD,4788000000,,,,,11123000000,14207000000,1521000000.0,371000000.0,,-15806000000.0,6354000000,,,,,,,,,,,0.0,,4748000000.0,-4664000000.0,,3172000000,AMZN,Quarterly,cashflow
2023-06-30,USD,16476000000,,,,,11589000000,11455000000,-5167000000.0,-2373000000.0,,-9673000000.0,-6539000000,,,,,,,,,,,0.0,,7127000000.0,264000000.0,,6750000000,AMZN,Quarterly,cashflow
2023-09-30,USD,21217000000,,,,,12131000000,12479000000,,808000000.0,,-11753000000.0,-8948000000,,,,,,,,,,,0.0,,5829000000.0,,,9879000000,AMZN,Quarterly,cashflow
2023-12-31,USD,84946000000,,,,,48663000000,52729000000,,1449000000.0,,-49833000000.0,-15879000000,,,,,,,,,,,0.0,,24023000000.0,,,30425000000,AMZN,Annual,cashflow
2023-12-31,USD,42465000000,,,,,13820000000,14588000000,,2643000000.0,,-12601000000.0,-6746000000,,,,,,,,,,,0.0,,6319000000.0,,,10624000000,AMZN,Quarterly,cashflow
2024-03-31,USD,18989000000,,,,,11684000000,14925000000,,1776000000.0,,-17862000000.0,-1256000000,,,,,,,,,,,0.0,,4961000000.0,,,10431000000,AMZN,Quarterly,cashflow
2024-06-30,USD,25281000000,,,,,12038000000,17620000000,,-3085000000.0,,-22138000000.0,-4490000000,,,,,,,,,,,,,6722000000.0,,,13485000000,AMZN,Quarterly,cashflow
2024-09-30,USD,25971000000,,,,,13442000000,22620000000,,-1509000000.0,,-16899000000.0,-2758000000,,,,,,,,,,,,,5333000000.0,,,15328000000,AMZN,Quarterly,cashflow
2024-12-31,USD,115877000000,,,,,52795000000,82999000000,,-1884000000.0,,-94342000000.0,-11812000000,,,,,,,,,,,0.0,,22011000000.0,,,59248000000,AMZN,Annual,cashflow
2024-12-31,USD,45636000000,,,,,15631000000,27834000000,,934000000.0,,-37443000000.0,-3308000000,,,,,,,,,,,0.0,,4995000000.0,,,20004000000,AMZN,Quarterly,cashflow
2025-03-31,USD,17015000000,,,,,14262000000,25019000000,,-1222000000.0,,-29803000000.0,-47000000,,,,,,,,,,,,,3689000000.0,,,17127000000,AMZN,Quarterly,cashflow
2025-06-30,USD,32515000000,,,,,15227000000,32183000000,,-4054000000.0,,-39424000000.0,-2539000000,,,,,,,,,,,,,6534000000.0,,,18164000000,AMZN,Quarterly,cashflow
2025-09-30,USD,35525000000,,,,,16796000000,35095000000,,-827000000.0,,-26073000000.0,-44000000,,,,,,,,,,,,,4847000000.0,,,21187000000,AMZN,Quarterly,cashflow
2025-12-31,USD,139514000000,,,,,65756000000,131819000000,,-3002000000.0,,-142545000000.0,9661000000,,,,,,,,,,,,,19467000000.0,,,77670000000,AMZN,Annual,cashflow
2025-12-31,USD,54459000000,,,,,19471000000,39522000000,,3101000000.0,,-47245000000.0,12291000000,,,,,,,,,,,,,4397000000.0,,,21192000000,AMZN,Quarterly,cashflow
2026-03-31,USD,26032000000,,,,,18945000000,44203000000,,1622000000.0,,-64212000000.0,52767000000,,,,,,,,,,,,,4032000000.0,,,30255000000,AMZN,Quarterly,cashflow
2026-06-30,None,45387000000,,,,,19988000000,54208000000,,-1818000000.0,,-79245000000.0,10146000000,,,,,,,,,,,,,6038000000.0,,,62647000000,AMZN,Quarterly,cashflow
2006-06-30,USD,2564000000,,,,,1247000000,1126000000,,,,-963000000.0,-3693000000,,,,,463000000.0,463000000.0,,,,,,,209000000.0,,,2022000000,IBM,Quarterly,cashflow
2006-09-30,USD,4006000000,,,,,1228000000,1259000000,,,,-945000000.0,-1655000000,,,,,455000000.0,455000000.0,,,,,-1627000000.0,,212000000.0,,,2222000000,IBM,Quarterly,cashflow
2006-12-31,USD,15019000000,,,,,4983000000,5166000000,,112000000.0,,-11549000000.0,-8204000000,,,,,1683000000.0,1683000000.0,,,,,-8100000000.0,,846000000.0,,,9492000000,IBM,Annual,cashflow
2006-12-31,USD,5343000000,,,,,1300000000,1805000000,,112000000.0,,-5633000000.0,-303000000,,,,,452000000.0,452000000.0,,,,,,,225000000.0,,,3540000000,IBM,Quarterly,cashflow
2007-03-31,USD,3013000000,,,,,1240000000,1132000000,,,,-2418000000.0,-1717000000,,,,,452000000.0,452000000.0,,,,,-3398000000.0,,178000000.0,,,1844000000,IBM,Quarterly,cashflow
2007-06-30,USD,3446000000,,,,,1284000000,1110000000,,,,-151000000.0,-3291000000,,,,,592000000.0,592000000.0,,,,,-14807000000.0,,183000000.0,,,2261000000,IBM,Quarterly,cashflow
2007-09-30,USD,4484000000,,,,,1340000000,1297000000,,,,-3204000000.0,889000000,,,,,549000000.0,549000000.0,,,,,-152000000.0,,178000000.0,,,2362000000,IBM,Quarterly,cashflow
2007-12-31,USD,16089000000,,,,,5201000000,5505000000,,182000000.0,,-4675000000.0,-4740000000,,,,,2147000000.0,2147000000.0,,,,,-18828000000.0,,713000000.0,,,10418000000,IBM,Annual,cashflow
2007-12-31,USD,5160000000,,,,,1337000000,1966000000,,182000000.0,,1098000000.0,-621000000,,,,,554000000.0,554000000.0,,,,,-471000000.0,,174000000.0,,,3951000000,IBM,Quarterly,cashflow
2008-03-31,USD,4202000000,,,,,1347000000,1212000000,,,,-5778000000.0,-2796000000,,,,,554000000.0,554000000.0,,,,,-2427000000.0,,171000000.0,,,2319000000,IBM,Quarterly,cashflow
2008-06-30,USD,4251000000,,,,,1403000000,1168000000,,,,-1131000000.0,-4287000000,,,,,685000000.0,685000000.0,,,,,-4737000000.0,,169000000.0,,,2765000000,IBM,Quarterly,cashflow
2008-09-30,USD,3738000000,,,,,1379000000,1126000000,,,,-1496000000.0,-1881000000,,,,,677000000.0,677000000.0,,,,,-2674000000.0,,161000000.0,,,2823000000,IBM,Quarterly,cashflow
2008-12-31,USD,18812000000,,,,,5450000000,4887000000,,-102000000.0,,-9285000000.0,-11834000000,,,,,2585000000.0,2585000000.0,,,,,-10578000000.0,,659000000.0,,,12334000000,IBM,Annual,cashflow
2008-12-31,USD,6621000000,,,,,1321000000,1381000000,,,,-880000000.0,-2870000000,,,,,669000000.0,669000000.0,,,,,-740000000.0,,158000000.0,,,4427000000,IBM,Quarterly,cashflow
2009-03-31,USD,4386000000,,,,,1229000000,760000000,,,,-48000000.0,-4583000000,,,,,675000000.0,675000000.0,,,,,-1765000000.0,,137000000.0,,,2295000000,IBM,Quarterly,cashflow
2009-06-30,USD,4741000000,,,,,1242000000,863000000,,0.0,,-1849000000.0,-3743000000,,,,,732000000.0,732000000.0,,,,,-1671000000.0,,132000000.0,,,3103000000,IBM,Quarterly,cashflow
2009-09-30,USD,5198000000,,,,,1258000000,974000000,,0.0,,-2337000000.0,-5168000000,,,,,726000000.0,726000000.0,,,,,-929000000.0,,147000000.0,,,3214000000,IBM,Quarterly,cashflow
2009-12-31,USD,20773000000,,,,,4994000000,4077000000,2131000000.0,263000000.0,,-6729000000.0,-14700000000,,,,,2860000000.0,2860000000.0,,,,,-7429000000.0,,558000000.0,-558000000.0,98000000.0,13425000000,IBM,Annual,cashflow
2009-12-31,USD,6448000000,,,,,1265000000,1480000000,,263000000.0,,-2495000000.0,-1206000000,,,,,727000000.0,727000000.0,,,,,-3064000000.0,,142000000.0,,,4813000000,IBM,Quarterly,cashflow
2010-03-31,USD,4437000000,,,,,1210000000,904000000,,0.0,,-699000000.0,-3368000000,,,,,718000000.0,718000000.0,,,,,-4017000000.0,,169000000.0,289000000.0,-81000000.0,2601000000,IBM,Quarterly,cashflow
2010-06-30,USD,3766000000,,,,,1183000000,969000000,,0.0,,-1946000000.0,-3746000000,,,,,833000000.0,833000000.0,,,,,-4104000000.0,,151000000.0,-2147000000.0,-220000000.0,3386000000,IBM,Quarterly,cashflow
2010-09-30,USD,4551000000,,,,,1203000000,1593000000,,0.0,,-1780000000.0,-3455000000,,,,,818000000.0,818000000.0,,,,,-3653000000.0,,154000000.0,-466000000.0,218000000.0,3589000000,IBM,Quarterly,cashflow
2010-12-31,USD,19549000000,,,,,4831000000,4754000000,-489000000.0,92000000.0,,-8507000000.0,-12429000000,,,,,3177000000.0,3177000000.0,,,,,-15375000000.0,,629000000.0,-1522000000.0,-135000000.0,14833000000,IBM,Annual,cashflow
2010-12-31,USD,6795000000,,,,,1235000000,1873000000,-489000000.0,92000000.0,,-4082000000.0,-1859000000,,,,,808000000.0,808000000.0,,,,,-3601000000.0,,155000000.0,802000000.0,-52000000.0,5257000000,IBM,Quarterly,cashflow
2011-03-31,USD,3792000000,,,,,1228000000,1145000000,,0.0,,498000000.0,-2314000000,,,,,795000000.0,795000000.0,,,,,-4045000000.0,,170000000.0,2102000000.0,126000000.0,2863000000,IBM,Quarterly,cashflow
2011-06-30,USD,4279000000,,,,,1207000000,1201000000,,0.0,,-600000000.0,-4903000000,,,,,900000000.0,900000000.0,,,,,-4000000000.0,,162000000.0,-1048000000.0,159000000.0,3663000000,IBM,Quarterly,cashflow
2011-09-30,USD,4679000000,,,,,1192000000,1135000000,,0.0,,-805000000.0,-3669000000,,,,,893000000.0,893000000.0,,,,,-3444000000.0,,166000000.0,-411000000.0,-615000000.0,3839000000,IBM,Quarterly,cashflow
2011-12-31,USD,19846000000,,,,,4815000000,4667000000,-1279000000.0,-163000000.0,,-4396000000.0,-13696000000,,,,,3473000000.0,3473000000.0,,,,,-15046000000.0,,697000000.0,1261000000.0,-493000000.0,15855000000,IBM,Annual,cashflow
2011-12-31,USD,7096000000,,,,,1188000000,1186000000,-1279000000.0,-163000000.0,,-3505000000.0,-2810000000,,,,,880000000.0,880000000.0,,,,,-3581000000.0,,199000000.0,618000000.0,-163000000.0,5490000000,IBM,Quarterly,cashflow
2012-03-31,USD,4291000000,,,,,1157000000,1097000000,,0.0,,-2230000000.0,-2316000000,,,,,870000000.0,870000000.0,,,,,-3015000000.0,,168000000.0,-88000000.0,167000000.0,3066000000,IBM,Quarterly,cashflow
2012-06-30,USD,4435000000,,,,,1176000000,1358000000,,0.0,,-1683000000.0,-3362000000,,,,,978000000.0,978000000.0,,,,,-2987000000.0,,160000000.0,-970000000.0,-360000000.0,3882000000,IBM,Quarterly,cashflow
2012-09-30,USD,4514000000,,,,,1191000000,1103000000,,0.0,,-1000000000.0,-2507000000,,,,,1000000000.0,1000000000.0,,,,,-2986000000.0,,182000000.0,1045000000.0,37000000.0,3823000000,IBM,Quarterly,cashflow
2012-12-31,USD,19586000000,,,,,4676000000,4717000000,-2230000000.0,280000000.0,,-9000000000.0,-11976000000,,,,,3773000000.0,3773000000.0,,,,,-11995000000.0,,688000000.0,-1510000000.0,-116000000.0,16604000000,IBM,Annual,cashflow
2012-12-31,USD,6346000000,,,,,1152000000,1159000000,-2230000000.0,280000000.0,,-4100000000.0,-3791000000,,,,,957000000.0,957000000.0,,,,,-3000000000.0,,178000000.0,-1497000000.0,40000000.0,5833000000,IBM,Quarterly,cashflow
2013-03-31,USD,4023000000,,,,,1153000000,853000000,,0.0,,-1000000000.0,-2716000000,,,,,900000000.0,900000000.0,,,,,-2593000000.0,,144000000.0,174000000.0,-121000000.0,3032000000,IBM,Quarterly,cashflow
2013-06-30,USD,3174000000,,,,,1136000000,996000000,,0.0,,-900000000.0,-3327000000,,,,,1000000000.0,1000000000.0,,,,,-3552000000.0,,161000000.0,-1029000000.0,-12000000.0,3226000000,IBM,Quarterly,cashflow
2013-09-30,USD,3760000000,,,,,1175000000,1116000000,,0.0,,-2500000000.0,-827000000,,,,,1000000000.0,1000000000.0,,,,,-1900000000.0,,150000000.0,515000000.0,129000000.0,4041000000,IBM,Quarterly,cashflow
2013-12-31,USD,17485000000,,,,,4678000000,4140000000,-1407000000.0,-57000000.0,,-7300000000.0,-9883000000,,,,,4100000000.0,4100000000.0,,,,,-13859000000.0,,614000000.0,304000000.0,28000000.0,16483000000,IBM,Annual,cashflow
2013-12-31,USD,6528000000,,,,,1214000000,1175000000,-1407000000.0,-57000000.0,,-2900000000.0,-3013000000,,,,,1000000000.0,1000000000.0,,,,,-5797000000.0,,159000000.0,644000000.0,32000000.0,6184000000,IBM,Quarterly,cashflow
2014-03-31,USD,3326000000,,,,,1141000000,961000000,,0.0,,35000000.0,-4673000000,,,,,1000000000.0,1000000000.0,,,,,-8166000000.0,,124000000.0,-1307000000.0,5000000.0,2384000000,IBM,Quarterly,cashflow
2014-06-30,USD,3579000000,,,,,1166000000,1018000000,,0.0,,-1000000000.0,-2260000000,,,,,1100000000.0,1100000000.0,,,,,-3662000000.0,,142000000.0,307000000.0,-13000000.0,4137000000,IBM,Quarterly,cashflow
2014-09-30,USD,3904000000,,,,,1139000000,1150000000,,0.0,,-800000000.0,-2820000000,,,,,1090000000.0,1090000000.0,,,,,-1719000000.0,,150000000.0,-155000000.0,-439000000.0,18000000,IBM,Quarterly,cashflow
2014-12-31,USD,16868000000,,,,,4492000000,4183000000,1270000000.0,-39000000.0,,-3000000000.0,-15452000000,,,,,4300000000.0,4300000000.0,,,,,-13679000000.0,,512000000.0,-2240000000.0,-655000000.0,12022000000,IBM,Annual,cashflow
2014-12-31,USD,6059000000,,,,,1046000000,1054000000,1270000000.0,-39000000.0,,-1200000000.0,-5699000000,,,,,1100000000.0,1100000000.0,,,,,-132000000.0,,96000000.0,-1085000000.0,-208000000.0,5483000000,IBM,Quarterly,cashflow
2015-03-31,USD,3610000000,,,,,968000000,970000000,,0.0,,600000000.0,-3402000000,,,,,1100000000.0,1100000000.0,,,,,-1165000000.0,,127000000.0,319000000.0,-449000000.0,2328000000,IBM,Quarterly,cashflow
2015-06-30,USD,3884000000,,,,,961000000,1042000000,,0.0,,-1900000000.0,-2568000000,,,,,1300000000.0,1300000000.0,,,,,-1138000000.0,,130000000.0,-402000000.0,213000000.0,3449000000,IBM,Quarterly,cashflow
2015-09-30,USD,4235000000,,,,,936000000,1065000000,,0.0,,-1300000000.0,-1848000000,,,,,1300000000.0,1300000000.0,,,,,-1543000000.0,,112000000.0,1087000000.0,42000000.0,2950000000,IBM,Quarterly,cashflow
2015-12-31,USD,17255000000,,,,,3855000000,4151000000,812000000.0,133000000.0,,-8200000000.0,-9413000000,,,,,4900000000.0,4900000000.0,,,,,-4857000000.0,,468000000.0,-790000000.0,-473000000.0,13190000000,IBM,Annual,cashflow
2015-12-31,USD,5279000000,,,,,990000000,1074000000,812000000.0,133000000.0,,-5400000000.0,-1348000000,,,,,1300000000.0,1300000000.0,,,,,-763000000.0,,99000000.0,-1794000000.0,-279000000.0,4463000000,IBM,Quarterly,cashflow
2016-03-31,USD,5530000000,,,,,1024000000,1100000000,,0.0,,-2000000000.0,2806000000,,,,,1200000000.0,1200000000.0,,,,,-966000000.0,,133000000.0,6668000000.0,217000000.0,2014000000,IBM,Quarterly,cashflow
2016-06-30,USD,3458000000,,,,,1103000000,1021000000,,0.0,,-4522000000.0,-3240000000,,,,,1340000000.0,1340000000.0,,,,,-921000000.0,,128000000.0,-4338000000.0,-103000000.0,2504000000,IBM,Quarterly,cashflow
2016-09-30,USD,4117000000,,,,,1127000000,914000000,,0.0,,-1050000000.0,-4185000000,,,,,1337000000.0,1337000000.0,,,,,-860000000.0,,142000000.0,-978000000.0,41000000.0,2853000000,IBM,Quarterly,cashflow
2016-12-31,USD,17084000000,,,,,4381000000,4150000000,712000000.0,-14000000.0,,-10536000000.0,-5917000000,,,,,5256000000.0,5256000000.0,,,,,-3628000000.0,,544000000.0,140000000.0,-51000000.0,11872000000,IBM,Annual,cashflow
2016-12-31,USD,3657000000,,,,,1127000000,1115000000,712000000.0,-14000000.0,,-2936000000.0,-1287000000,,,,,1329000000.0,1329000000.0,,,,,-870000000.0,,141000000.0,-1212000000.0,-206000000.0,4501000000,IBM,Quarterly,cashflow
2017-03-31,USD,3955000000,,,,,1099000000,877000000,,0.0,,350000000.0,-2134000000,,,,,1321000000.0,1321000000.0,,,,,-1343000000.0,,129000000.0,2270000000.0,100000000.0,1750000000,IBM,Quarterly,cashflow
2017-06-30,USD,3466000000,,,,,1117000000,826000000,,0.0,,-1705000000.0,-609000000,,,,,1403000000.0,1403000000.0,,,,,-1529000000.0,,136000000.0,1600000000.0,447000000.0,2332000000,IBM,Quarterly,cashflow
2017-09-30,USD,3570000000,,,,,1176000000,981000000,,0.0,,-1923000000.0,-2756000000,,,,,1396000000.0,1396000000.0,,,,,-955000000.0,,123000000.0,-781000000.0,328000000.0,2725000000,IBM,Quarterly,cashflow
2017-12-31,USD,16724000000,,,,,4541000000,3773000000,1297000000.0,18000000.0,,-7096000000.0,-6418000000,,,,,5506000000.0,5506000000.0,,,,,-4533000000.0,,534000000.0,4146000000.0,937000000.0,5753000000,IBM,Annual,cashflow
2017-12-31,USD,5733000000,,,,,1149000000,1089000000,1297000000.0,18000000.0,,-3818000000.0,-919000000,,,,,1387000000.0,1387000000.0,,,,,-706000000.0,,146000000.0,1057000000.0,62000000.0,-1054000000,IBM,Quarterly,cashflow
2018-03-31,USD,4602000000,,,,,1114000000,996000000,,-127000000.0,,-1764000000.0,-2909000000,,,,,1382000000.0,1382000000.0,,,,,-830000000.0,,116000000.0,-71000000.0,,1679000000,IBM,Quarterly,cashflow
2018-06-30,USD,2294000000,,,,,1116000000,1080000000,,-127000000.0,,-634000000.0,-2519000000,,,,,1437000000.0,1437000000.0,,,,,-1080000000.0,,126000000.0,-860000000.0,,2404000000,IBM,Quarterly,cashflow
2018-09-30,USD,4232000000,,,,,1138000000,955000000,,-127000000.0,,-2969000000.0,-436000000,,,,,1431000000.0,1431000000.0,,,,,-631000000.0,,129000000.0,827000000.0,,2694000000,IBM,Quarterly,cashflow
2018-12-31,USD,15247000000,,,,,4480000000,3964000000,1006000000.0,-127000000.0,,-4913000000.0,-10469000000,,,,,5666000000.0,5666000000.0,,,,,-4614000000.0,,510000000.0,-135000000.0,,8728000000,IBM,Annual,cashflow
2018-12-31,USD,4119000000,,,,,1112000000,933000000,1006000000.0,-127000000.0,,455000000.0,-4605000000,,,,,1416000000.0,1416000000.0,,,,,-2073000000.0,,139000000.0,-31000000.0,,1951000000,IBM,Quarterly,cashflow
2019-03-31,USD,4759000000,,,,,1446000000,695000000,,67000000.0,,-853000000.0,1863000000,,,,,1397000000.0,1397000000.0,,,,,-981000000.0,,113000000.0,5769000000.0,,1591000000,IBM,Quarterly,cashflow
2019-06-30,USD,2941000000,,,,,1294000000,732000000,,67000000.0,,4162000000.0,21031000000,,,,,1436000000.0,1436000000.0,,,,,-407000000.0,,135000000.0,,,2498000000,IBM,Quarterly,cashflow
2019-09-30,USD,3619000000,,,,,1669000000,751000000,,67000000.0,,-30373000000.0,-8177000000,,,,,1436000000.0,1436000000.0,,,,,-159000000.0,,220000000.0,,,1672000000,IBM,Quarterly,cashflow
2019-12-31,USD,14770000000,,,,,6059000000,2907000000,502000000.0,67000000.0,,-26936000000.0,9042000000,,,,,5707000000.0,5707000000.0,,,,,-1633000000.0,,679000000.0,-3124000000.0,,9431000000,IBM,Annual,cashflow
2019-12-31,USD,3451000000,,,,,1650000000,729000000,,67000000.0,,127000000.0,-5675000000,,,,,1438000000.0,1438000000.0,,,,,-86000000.0,,211000000.0,,,3670000000,IBM,Quarterly,cashflow
2020-03-31,USD,4476000000,,,,,1634000000,783000000,,-209000000.0,,-902000000.0,-115000000,,,,,1440000000.0,1440000000.0,,,,,-44000000.0,,189000000.0,3459000000.0,,1175000000,IBM,Quarterly,cashflow
2020-06-30,USD,3576000000,,,,,1679000000,733000000,,-209000000.0,,-1236000000.0,-1624000000,,,,,1450000000.0,1450000000.0,,,,,-167000000.0,,247000000.0,716000000.0,,1361000000,IBM,Quarterly,cashflow
2020-09-30,USD,4285000000,,,,,1683000000,893000000,,-209000000.0,,-332000000.0,-1689000000,,,,,1453000000.0,1453000000.0,,,,,-14000000.0,,222000000.0,2264000000.0,,1698000000,IBM,Quarterly,cashflow
2020-12-31,USD,18197000000,,,,,6695000000,3042000000,5297000000.0,-209000000.0,,-3028000000.0,-9721000000,,,,,5797000000.0,5797000000.0,,,,,-210000000.0,,937000000.0,5448000000.0,,5590000000,IBM,Annual,cashflow
2020-12-31,USD,5860000000,,,,,1699000000,821000000,5297000000.0,-209000000.0,,-558000000.0,-6293000000,,,,,1454000000.0,1454000000.0,,,,,-77000000.0,,279000000.0,-991000000.0,,1356000000,IBM,Quarterly,cashflow
2021-03-31,USD,4914000000,,,,,1672000000,669000000,,138000000.0,,-2000000000.0,-5783000000,,,,,1457000000.0,1457000000.0,,,,,-41000000.0,,213000000.0,-2869000000.0,,955000000,IBM,Quarterly,cashflow
2021-06-30,USD,2625000000,,,,,1680000000,764000000,,138000000.0,,-2671000000.0,-3131000000,,,,,1467000000.0,1467000000.0,,,,,-193000000.0,,244000000.0,-3177000000.0,,1325000000,IBM,Quarterly,cashflow
2021-09-30,USD,2713000000,,,,,1684000000,734000000,,138000000.0,,-629000000.0,-1748000000,,,,,1471000000.0,1471000000.0,,,,,-18000000.0,,262000000.0,336000000.0,,1130000000,IBM,Quarterly,cashflow
2021-12-31,USD,12796000000,,,,,6416000000,2381000000,1372000000.0,138000000.0,,-5975000000.0,-13354000000,,,,,5869000000.0,5869000000.0,,,,,-319000000.0,,982000000.0,-6533000000.0,,5743000000,IBM,Annual,cashflow
2021-12-31,USD,2544000000,,,,,1381000000,601000000,1372000000.0,138000000.0,,-675000000.0,-2692000000,,,,,1474000000.0,1474000000.0,,,,,-67000000.0,,263000000.0,-823000000.0,,2333000000,IBM,Quarterly,cashflow
2022-03-31,USD,3248000000,,,,,1256000000,450000000,,,,-1358000000.0,1377000000,,,,,1475000000.0,1475000000.0,,,,,-80000000.0,,234000000.0,3267000000.0,,733000000,IBM,Quarterly,cashflow
2022-06-30,USD,1321000000,,,,,1246000000,511000000,,,,172000000.0,-4196000000,,,,,1488000000.0,1488000000.0,,,,,-235000000.0,,254000000.0,-2703000000.0,,1392000000,IBM,Quarterly,cashflow
2022-09-30,USD,1901000000,,,,,1163000000,455000000,,71000000.0,,-1697000000.0,713000000,,,,,1491000000.0,1491000000.0,,,,,-14000000.0,,251000000.0,917000000.0,,-3196000000,IBM,Quarterly,cashflow
2022-12-31,USD,10435000000,,,,,4802000000,1860000000,,71000000.0,,-4202000000.0,-4958000000,,,,,5948000000.0,5948000000.0,,,,,-407000000.0,,987000000.0,,,1639000000,IBM,Annual,cashflow
2022-12-31,USD,3965000000,,,,,1137000000,544000000,,71000000.0,,-4202000000.0,-2852000000,,,,,1494000000.0,1494000000.0,,,,,-78000000.0,,248000000.0,,,2711000000,IBM,Quarterly,cashflow
2023-03-31,USD,3774000000,,,,,1074000000,457000000,,,,-7960000000.0,5708000000,,,,,1497000000.0,1497000000.0,,,,,-96000000.0,,268000000.0,1522000000.0,,927000000,IBM,Quarterly,cashflow
2023-06-30,USD,2638000000,,,,,1076000000,487000000,,,,-7953000000.0,-2731000000,,,,,1510000000.0,1510000000.0,,,,,-144000000.0,,288000000.0,-85000000.0,,1583000000,IBM,Quarterly,cashflow
2023-09-30,USD,3055000000,,,,,1093000000,282000000,,,,-9906000000.0,-3132000000,,,,,1515000000.0,1515000000.0,,,,,-98000000.0,,286000000.0,,,1704000000,IBM,Quarterly,cashflow
2023-12-31,USD,13432000000,,,,,4381000000,1918000000,,390000000.0,,-7070000000.0,-6016000000,,,,,6016000000.0,6016000000.0,,,,,-416000000.0,,1091000000.0,,,6925000000,IBM,Annual,cashflow
2023-12-31,USD,4463000000,,,,,1152000000,448000000,,390000000.0,,2836000000.0,-1615000000,,,,,1518000000.0,1518000000.0,,,,,-64000000.0,,290000000.0,,,3288000000,IBM,Quarterly,cashflow
2024-03-31,USD,4168000000,,,,,1131000000,373000000,,,,-4210000000.0,1877000000,,,,,1522000000.0,1522000000.0,,,,,-199000000.0,,320000000.0,,,1605000000,IBM,Quarterly,cashflow
2024-06-30,USD,2066000000,,,,,1155000000,444000000,,,,2239000000.0,-4515000000,,,,,1536000000.0,1536000000.0,,,,,-151000000.0,,316000000.0,,,1834000000,IBM,Quarterly,cashflow
2024-09-30,USD,2881000000,,,,,1268000000,424000000,,,,-1587000000.0,-2765000000,,,,,1543000000.0,1543000000.0,,,,,-189000000.0,,330000000.0,,,-330000000,IBM,Quarterly,cashflow
2024-12-31,USD,13445000000,,,,,4667000000,1685000000,,-166000000.0,,-4937000000.0,-7079000000,,,,,6147000000.0,6147000000.0,,,,,-651000000.0,,1311000000.0,,,6023000000,IBM,Annual,cashflow
2024-12-31,USD,4330000000,,,,,1113000000,444000000,,,,-1379000000.0,-1676000000,,,,,1546000000.0,1546000000.0,,,,,-112000000.0,,345000000.0,,,2914000000,IBM,Quarterly,cashflow
2025-03-31,USD,4370000000,,,,,1177000000,395000000,,,,-12979000000.0,5443000000,,,,,1549000000.0,1549000000.0,,,,,-284000000.0,,401000000.0,,,1055000000,IBM,Quarterly,cashflow
2025-06-30,USD,1701000000,,,,,1265000000,210000000,,,,1698000000.0,-2854000000,,,,,1563000000.0,1563000000.0,,,,,-153000000.0,,441000000.0,,,2194000000,IBM,Quarterly,cashflow
2025-09-30,USD,3082000000,,,,,-2442000000,605000000,,,,-438000000.0,-3012000000,,,,,1569000000.0,1569000000.0,,,,,-414000000.0,,-842000000.0,,,-3249000000,IBM,Quarterly,cashflow
2025-12-31,USD,13192000000,,,,,5021000000,1617000000,,70000000.0,,-10302000000.0,-3829000000,,,,,6255000000.0,6255000000.0,,,,,-1018000000.0,,1715000000.0,,,10571000000,IBM,Annual,cashflow
2025-12-31,USD,4039000000,,,,,1297000000,908000000,,,,1417000000.0,-3406000000,,,,,1574000000.0,1574000000.0,,,,,-167000000.0,,430000000.0,,,5579000000,IBM,Quarterly,cashflow
2026-03-31,USD,5169000000,,,,,1274000000,391000000,,,,-10489000000.0,2719000000,,,,,1576000000.0,1576000000.0,,,,,-350000000.0,,506000000.0,,,1216000000,IBM,Quarterly,cashflow
2026-06-30,USD,2597000000,,,,,1350000000,391000000,,,,-481000000.0,-5728000000,,,,,1590000000.0,1590000000.0,,,,,-115000000.0,,498000000.0,,,2165000000,IBM,Quarterly,cashflow
2006-06-30,USD,-35572000000,,,,,883000000,0,,,,-38687000000.0,75619000000,,,,,1213000000.0,1213000000.0,,,,,,,396000000.0,,,3540000000,JPM,Quarterly,cashflow
2006-09-30,USD,18677000000,,,,,860000000,0,,1006000000.0,,-31461000000.0,10686000000,,,,,1209000000.0,1209000000.0,,,,,,,-121000000.0,,,3297000000,JPM,Quarterly,cashflow
2006-12-31,USD,-49579000000,,,,,3577000000,48799000000,,-7208000000.0,,-99627000000.0,152749000000,,,,,4846000000.0,4846000000.0,,,,,-4077000000.0,,2368000000.0,,,14444000000,JPM,Annual,cashflow
2006-12-31,USD,-14516000000,,,,,997000000,48799000000,,,,5995000000.0,12623000000,,,,,1209000000.0,1209000000.0,,,,,,,4334000000.0,,,4526000000,JPM,Quarterly,cashflow
2007-03-31,USD,-51518000000,,,,,876000000,0,,1840000000.0,,-11846000000.0,54743000000,,,,,1207000000.0,1207000000.0,,,,,,,-652000000.0,,,4787000000,JPM,Quarterly,cashflow
2007-06-30,USD,-14838000000,,,,,927000000,0,,7933000000.0,,-16471000000.0,34836000000,,,,,1197000000.0,1197000000.0,,,,,,,873000000.0,,,4234000000,JPM,Quarterly,cashflow
2007-09-30,USD,-14957000000,,,,,957000000,0,,,,-13004000000.0,25102000000,,,,,1331000000.0,1331000000.0,,,,,,,-237000000.0,,,3373000000,JPM,Quarterly,cashflow
2007-12-31,USD,-110560000000,,,,,3821000000,76245000000,,-21628000000.0,,-74188000000.0,182986000000,,,,,5051000000.0,5051000000.0,,,,,-8178000000.0,,2025000000.0,,,15365000000,JPM,Annual,cashflow
2007-12-31,USD,-29247000000,,,,,1061000000,0,,,,-31797000000.0,68305000000,,,,,1316000000.0,1316000000.0,,,,,,,8741000000.0,,,2971000000,JPM,Quarterly,cashflow
2008-03-31,USD,-2423000000,,,,,923000000,0,,,,-68493000000.0,77289000000,,,,,1319000000.0,1319000000.0,,,,,95763000000.0,,660000000.0,,,2373000000,JPM,Quarterly,cashflow
2008-06-30,USD,26396000000,,,,,1212000000,0,,1371000000.0,,14411000000.0,-55335000000,,,,,1344000000.0,1344000000.0,,,,,,,-647000000.0,,,2003000000,JPM,Quarterly,cashflow
2008-09-30,USD,8432000000,,,,,1115000000,0,,2645000000.0,,-165447000000.0,179731000000,,,,,1364000000.0,1364000000.0,,,,,,,697000000.0,,,527000000,JPM,Quarterly,cashflow
2008-12-31,USD,23098000000,,,,,4406000000,195118000000,,-33629000000.0,,-283671000000.0,250506000000,,,,,5911000000.0,5911000000.0,,,,,306920000000.0,,2637000000.0,,,5605000000,JPM,Annual,cashflow
2008-12-31,USD,-9307000000,,,,,1156000000,195118000000,,10221000000.0,,-66817000000.0,48821000000,,,,,1884000000.0,1884000000.0,,,,,,,21421000000.0,,,702000000,JPM,Quarterly,cashflow
2009-03-31,USD,50756000000,,,,,686000000,124329000000,,-29068000000.0,,3626000000.0,-54309000000,,,,,1832000000.0,1832000000.0,,,,,-313000000.0,,788000000.0,,,2141000000,JPM,Quarterly,cashflow
2009-06-30,USD,52503000000,,,,,1063000000,50712000000,,6362000000.0,,32639000000.0,-86939000000,,,,,849000000.0,849000000.0,,,,,-24687000000.0,,884000000.0,,,2721000000,JPM,Quarterly,cashflow
2009-09-30,USD,7625000000,,,,,997000000,7457000000,,9027000000.0,,1330000000.0,-13310000000,,,,,252000000.0,252000000.0,,,,,0.0,,763000000.0,,,3588000000,JPM,Quarterly,cashflow
2009-12-31,USD,121897000000,,,,,4358000000,163596000000,-6312000000.0,32182000000.0,,29355000000.0,-153079000000,,,,,3422000000.0,3422000000.0,,,,,-25000000000.0,,3355000000.0,-689000000.0,238000000.0,11728000000,JPM,Annual,cashflow
2009-12-31,USD,11013000000,,,,,1087000000,18902000000,,11485000000.0,,-8240000000.0,2379000000,,,,,489000000.0,489000000.0,,,,,0.0,,920000000.0,,,3278000000,JPM,Quarterly,cashflow
2010-03-31,USD,17394000000,,,,,1198000000,14996000000,16645000000.0,10281000000.0,,-13862000000.0,2023000000,,,,,253000000.0,253000000.0,,,,,0.0,,941000000.0,5216000000.0,-339000000.0,3326000000,JPM,Quarterly,cashflow
2010-06-30,USD,28423000000,,,,,1206000000,54507000000,-7375000000.0,4115000000.0,,87536000000.0,-114347000000,,,,,492000000.0,492000000.0,,,,,135000000.0,,833000000.0,1384000000.0,-138000000.0,4795000000,JPM,Quarterly,cashflow
2010-09-30,USD,-50590000000,,,,,1273000000,34206000000,-1920000000.0,4426000000.0,,-52953000000.0,93751000000,,,,,257000000.0,257000000.0,,,,,-217000000.0,,753000000.0,-8846000000.0,946000000.0,4418000000,JPM,Quarterly,cashflow
2010-12-31,USD,-3752000000,,,,,4965000000,27166000000,443000000.0,-12452000000.0,,54002000000.0,-49217000000,,,,,1486000000.0,1486000000.0,,,,,-3351000000.0,,3251000000.0,1361000000.0,328000000.0,17370000000,JPM,Annual,cashflow
2010-12-31,USD,1894000000,,,,,1288000000,21861000000,-6907000000.0,3070000000.0,,33281000000.0,-31427000000,,,,,484000000.0,484000000.0,,,,,-687000000.0,,724000000.0,3607000000.0,-141000000.0,4831000000,JPM,Quarterly,cashflow
2011-03-31,USD,-5979000000,,,,,1274000000,52353000000,-9051000000.0,-10206000000.0,,-65810000000.0,67328000000,,,,,246000000.0,246000000.0,,,,,-95000000.0,,830000000.0,-4098000000.0,363000000.0,5555000000,JPM,Quarterly,cashflow
2011-06-30,USD,64704000000,,,,,1278000000,100778000000,-1100000000.0,807000000.0,,-79997000000.0,21997000000,,,,,1319000000.0,1319000000.0,,,,,-3480000000.0,,727000000.0,6997000000.0,293000000.0,5431000000,JPM,Quarterly,cashflow
2011-09-30,USD,7793000000,,,,,1265000000,7038000000,8202000000.0,1934000000.0,,-23860000000.0,43040000000,,,,,1061000000.0,1061000000.0,,,,,-4425000000.0,,538000000.0,26300000000.0,-673000000.0,4262000000,JPM,Quarterly,cashflow
2011-12-31,USD,95932000000,,,,,5105000000,123969000000,8655000000.0,-15456000000.0,,-170752000000.0,107706000000,,,,,3895000000.0,3895000000.0,,,,,-8863000000.0,,2675000000.0,32035000000.0,-851000000.0,18976000000,JPM,Annual,cashflow
2011-12-31,USD,29414000000,,,,,1288000000,36200000000,10604000000.0,1531000000.0,,-1085000000.0,-24659000000,,,,,1269000000.0,1269000000.0,,,,,-863000000.0,,580000000.0,2836000000.0,-834000000.0,3728000000,JPM,Quarterly,cashflow
2012-03-31,USD,4266000000,,,,,1232000000,35143000000,-3100000000.0,3155000000.0,,-45362000000.0,35352000000,,,,,1024000000.0,1024000000.0,,,,,-216000000.0,,832000000.0,-4219000000.0,1525000000.0,4924000000,JPM,Quarterly,cashflow
2012-06-30,USD,41983000000,,,,,1217000000,46899000000,-2872000000.0,2159000000.0,,-20600000000.0,-30485000000,,,,,1469000000.0,1469000000.0,,,,,-1437000000.0,,609000000.0,-10517000000.0,-1415000000.0,4960000000,JPM,Quarterly,cashflow
2012-09-30,USD,-16659000000,,,,,1294000000,0,5289000000.0,1444000000.0,,-3759000000.0,28754000000,,,,,1223000000.0,1223000000.0,,,,,1234000000.0,,582000000.0,8477000000.0,141000000.0,5708000000,JPM,Quarterly,cashflow
2012-12-31,USD,25079000000,,,,,5147000000,121477000000,1732000000.0,-4683000000.0,,-119825000000.0,87707000000,,,,,5194000000.0,5194000000.0,,,,,-1653000000.0,,2545000000.0,-5879000000.0,1160000000.0,21284000000,JPM,Annual,cashflow
2012-12-31,USD,-4511000000,,,,,1404000000,0,2415000000.0,0.0,,-50104000000.0,54086000000,,,,,1478000000.0,1478000000.0,,,,,0.0,,522000000.0,380000000.0,909000000.0,5692000000,JPM,Quarterly,cashflow
2013-03-31,USD,19964000000,,,,,974000000,54795000000,-12687000000.0,-1955000000.0,,-55455000000.0,28180000000,,,,,1242000000.0,1242000000.0,,,,,-2578000000.0,,641000000.0,-8199000000.0,-888000000.0,6529000000,JPM,Quarterly,cashflow
2013-06-30,USD,68520000000,,,,,1435000000,89102000000,-6796000000.0,-5295000000.0,,-86790000000.0,1928000000,,,,,1485000000.0,1485000000.0,,,,,-1172000000.0,,586000000.0,-16310000000.0,32000000.0,6496000000,JPM,Quarterly,cashflow
2013-09-30,USD,26383000000,,,,,1651000000,48446000000,15996000000.0,1188000000.0,,-46856000000.0,21135000000,,,,,1547000000.0,1547000000.0,,,,,-740000000.0,,507000000.0,1450000000.0,788000000.0,-380000000,JPM,Quarterly,cashflow
2013-12-31,USD,107953000000,,,,,5306000000,158325000000,-2340000000.0,526000000.0,,-150501000000.0,28324000000,,,,,6056000000.0,6056000000.0,,,,,-6589000000.0,,2219000000.0,-13952000000.0,272000000.0,17886000000,JPM,Annual,cashflow
2013-12-31,USD,-7108000000,,,,,1246000000,34018000000,1147000000.0,6588000000.0,,38600000000.0,-22725000000,,,,,1782000000.0,1782000000.0,,,,,-299000000.0,,485000000.0,9107000000.0,340000000.0,5278000000,JPM,Quarterly,cashflow
2014-03-31,USD,14667000000,,,,,1208000000,0,-7599000000.0,11652000000.0,,-68410000000.0,40318000000,,,,,1554000000.0,1554000000.0,,,,,-386000000.0,,618000000.0,-13450000000.0,-25000000.0,5269000000,JPM,Quarterly,cashflow
2014-06-30,USD,-4371000000,,,,,1218000000,22409000000,-3621000000.0,5562000000.0,,-29528000000.0,35118000000,,,,,1806000000.0,1806000000.0,,,,,-1375000000.0,,524000000.0,1202000000.0,-17000000.0,5980000000,JPM,Quarterly,cashflow
2014-09-30,USD,-2449000000,,,,,1147000000,13378000000,3427000000.0,-7372000000.0,,2308000000.0,-1375000000,,,,,1718000000.0,1718000000.0,,,,,-1489000000.0,,539000000.0,-2151000000.0,-635000000.0,5565000000,JPM,Quarterly,cashflow
2014-12-31,USD,36593000000,,,,,4759000000,169212000000,-3637000000.0,-9166000000.0,,-165636000000.0,118228000000,,,,,6990000000.0,6990000000.0,,,,,-4760000000.0,,2190000000.0,-11940000000.0,-1125000000.0,21745000000,JPM,Annual,cashflow
2014-12-31,USD,28746000000,,,,,1186000000,87745000000,4156000000.0,-19008000000.0,,-70006000000.0,44167000000,,,,,1912000000.0,1912000000.0,,,,,-1510000000.0,,509000000.0,2459000000.0,-448000000.0,4931000000,JPM,Quarterly,cashflow
2015-03-31,USD,14879000000,,,,,1181000000,36481000000,-27000000.0,-10199000000.0,,-24150000000.0,4337000000,,,,,1770000000.0,1770000000.0,,,,,-1900000000.0,,565000000.0,-5010000000.0,-76000000.0,5914000000,JPM,Quarterly,cashflow
2015-06-30,USD,17296000000,,,,,1238000000,89790000000,181000000.0,10917000000.0,,101621000000.0,-117766000000,,,,,1964000000.0,1964000000.0,,,,,-1249000000.0,,510000000.0,1274000000.0,123000000.0,6290000000,JPM,Quarterly,cashflow
2015-09-30,USD,25124000000,,,,,1248000000,8911000000,11262000000.0,-6947000000.0,,2251000000.0,-30084000000,,,,,1944000000.0,1944000000.0,,,,,-1248000000.0,,464000000.0,-2837000000.0,-128000000.0,6804000000,JPM,Quarterly,cashflow
2015-12-31,USD,73466000000,,,,,4940000000,0,22664000000.0,-3701000000.0,,106980000000.0,-187511000000,,,,,7873000000.0,7873000000.0,,,,,-5616000000.0,,1987000000.0,-7341000000.0,-276000000.0,24442000000,JPM,Annual,cashflow
2015-12-31,USD,16167000000,,,,,1273000000,0,11248000000.0,2528000000.0,,27258000000.0,-43998000000,,,,,2195000000.0,2195000000.0,,,,,-1219000000.0,,448000000.0,-768000000.0,-195000000.0,5434000000,JPM,Quarterly,cashflow
2016-03-31,USD,-21383000000,,,,,1289000000,0,-11115000000.0,-7464000000.0,,-34581000000.0,53584000000,,,,,1946000000.0,1946000000.0,,,,,-1696000000.0,,519000000.0,-2278000000.0,102000000.0,5520000000,JPM,Quarterly,cashflow
2016-06-30,USD,-1524000000,,,,,1336000000,0,-7292000000.0,-3300000000.0,,-17483000000.0,20575000000,,,,,2174000000.0,2174000000.0,,,,,-2840000000.0,,554000000.0,1498000000.0,-70000000.0,6200000000,JPM,Quarterly,cashflow
2016-09-30,USD,4192000000,,,,,1407000000,0,676000000.0,4336000000.0,,-60038000000.0,57540000000,,,,,2069000000.0,2069000000.0,,,,,-2295000000.0,,487000000.0,1680000000.0,-14000000.0,6286000000,JPM,Quarterly,cashflow
2016-12-31,USD,21884000000,,,,,5478000000,0,-5815000000.0,-4517000000.0,,-89202000000.0,98271000000,,,,,8476000000.0,8476000000.0,,,,,-9082000000.0,,1940000000.0,3383000000.0,-135000000.0,24733000000,JPM,Annual,cashflow
2016-12-31,USD,38911000000,,,,,1446000000,0,11916000000.0,1911000000.0,,-2847000000.0,-33428000000,,,,,2287000000.0,2287000000.0,,,,,-2251000000.0,,380000000.0,2483000000.0,-153000000.0,6727000000,JPM,Quarterly,cashflow
2017-03-31,USD,-22559000000,,,,,1464000000,0,-7767000000.0,11854000000.0,,47112000000.0,43605000000,,,,,2045000000.0,2045000000.0,,,,,-2832000000.0,,601000000.0,-3389000000.0,79000000.0,6448000000,JPM,Quarterly,cashflow
2017-06-30,USD,4073000000,,,,,1504000000,0,-4173000000.0,-488000000.0,,-22573000000.0,4306000000,,,,,2341000000.0,2341000000.0,,,,,-3007000000.0,,525000000.0,1297000000.0,21000000.0,7029000000,JPM,Quarterly,cashflow
2017-09-30,USD,-4895000000,,,,,1579000000,0,2145000000.0,7469000000.0,,23167000000.0,-11506000000,,,,,2092000000.0,2092000000.0,,,,,-4763000000.0,,491000000.0,213000000.0,-4000000.0,6732000000,JPM,Quarterly,cashflow
2017-12-31,USD,-10827000000,,,,,6179000000,0,-15868000000.0,4318000000.0,,28249000000.0,14642000000,,,,,8993000000.0,8993000000.0,,,,,-16668000000.0,,2070000000.0,1954000000.0,96000000.0,24441000000,JPM,Annual,cashflow
2017-12-31,USD,13537000000,,,,,1632000000,0,-6073000000.0,-14517000000.0,,12059000000.0,-21763000000,,,,,2515000000.0,2515000000.0,,,,,-6066000000.0,,453000000.0,3833000000.0,,4232000000,JPM,Quarterly,cashflow
2018-03-31,USD,-35109000000,,,,,1797000000,0,-5009000000.0,-3929000000.0,,-45021000000.0,60589000000,,,,,2236000000.0,2236000000.0,,,,,-4671000000.0,,706000000.0,-16492000000.0,3049000000.0,8712000000,JPM,Quarterly,cashflow
2018-06-30,USD,35685000000,,,,,1927000000,0,-3074000000.0,3213000000.0,,6047000000.0,-46823000000,,,,,2480000000.0,2480000000.0,,,,,-4968000000.0,,580000000.0,-9632000000.0,-4541000000.0,8316000000,JPM,Quarterly,cashflow
2018-09-30,USD,13189000000,,,,,1992000000,0,-3252000000.0,3625000000.0,,-15125000000.0,2553000000,,,,,2273000000.0,2273000000.0,,,,,-4416000000.0,,522000000.0,13917000000.0,-1017000000.0,8380000000,JPM,Quarterly,cashflow
2018-12-31,USD,15614000000,,,,,7791000000,0,-5849000000.0,-8833000000.0,,-199420000000.0,34158000000,,,,,10109000000.0,10109000000.0,,,,,-21679000000.0,,2322000000.0,-152511000000.0,-2863000000.0,32474000000,JPM,Annual,cashflow
2018-12-31,USD,422000000,,,,,2075000000,0,5486000000.0,-11742000000.0,,-158211000000.0,17839000000,,,,,3120000000.0,3120000000.0,,,,,-7624000000.0,,514000000.0,-140304000000.0,-354000000.0,7066000000,JPM,Quarterly,cashflow
2019-03-31,USD,-80880000000,,,,,2038000000,0,869000000.0,2292000000.0,,36301000000.0,69435000000,,,,,3033000000.0,3033000000.0,,,,,-6016000000.0,,653000000.0,24856000000.0,,9179000000,JPM,Quarterly,cashflow
2019-06-30,USD,-13854000000,,,,,2046000000,0,-16285000000.0,-12438000000.0,,-3637000000.0,-12966000000,,,,,3048000000.0,3048000000.0,,,,,-5210000000.0,,570000000.0,-35697000000.0,,9652000000,JPM,Quarterly,cashflow
2019-09-30,USD,16015000000,,,,,2145000000,0,-673000000.0,-11035000000.0,,-63925000000.0,39537000000,,,,,2975000000.0,2975000000.0,,,,,-7829000000.0,,559000000.0,-8373000000.0,,9080000000,JPM,Quarterly,cashflow
2019-12-31,USD,4092000000,,,,,8368000000,0,-78000000.0,-17949000000.0,,-52059000000.0,32987000000,,,,,12343000000.0,12343000000.0,,,,,-28076000000.0,,2256000000.0,-14980000000.0,,36431000000,JPM,Annual,cashflow
2019-12-31,USD,83085000000,,,,,2139000000,0,16011000000.0,3232000000.0,,-15832000000.0,-63019000000,,,,,3287000000.0,3287000000.0,,,,,-9021000000.0,,474000000.0,4234000000.0,,8520000000,JPM,Quarterly,cashflow
2020-03-31,USD,-120089000000,,,,,2197000000,11985000000,-49323000000.0,-61893000000.0,,-135833000000.0,362305000000,,,,,3188000000.0,3188000000.0,,,,,-7947000000.0,,644000000.0,106383000000.0,,2865000000,JPM,Quarterly,cashflow
2020-06-30,USD,82919000000,,,,,2149000000,3787000000,49697000000.0,37736000000.0,,-47646000000.0,89131000000,,,,,3154000000.0,3154000000.0,,,,,-3447000000.0,,802000000.0,124404000000.0,,4687000000,JPM,Quarterly,cashflow
2020-09-30,USD,-14688000000,,,,,2141000000,0,-4772000000.0,-4391000000.0,,-14727000000.0,19251000000,,,,,3209000000.0,3209000000.0,,,,,-3447000000.0,,521000000.0,-10164000000.0,,9396000000,JPM,Quarterly,cashflow
2020-12-31,USD,-79910000000,,,,,8614000000,0,-18012000000.0,-42434000000.0,,-261912000000.0,596645000000,,,,,12690000000.0,12690000000.0,,,,,-7947000000.0,,2451000000.0,254823000000.0,,29131000000,JPM,Annual,cashflow
2020-12-31,USD,-28052000000,,,,,2127000000,0,-13614000000.0,-13886000000.0,,-63706000000.0,125958000000,,,,,3139000000.0,3139000000.0,,,,,7947000000.0,,484000000.0,34200000000.0,,12136000000,JPM,Quarterly,cashflow
2021-03-31,USD,-43872000000,,,,,2070000000,0,-24323000000.0,7131000000.0,,15391000000.0,218911000000,,,,,3193000000.0,3193000000.0,,,,,-4806000000.0,,904000000.0,190430000000.0,,14300000000,JPM,Quarterly,cashflow
2021-06-30,USD,13530000000,,,,,2003000000,0,-10606000000.0,-4422000000.0,,17698000000.0,-37943000000,,,,,3121000000.0,3121000000.0,,,,,-8769000000.0,,743000000.0,-6715000000.0,,11948000000,JPM,Quarterly,cashflow
2021-09-30,USD,25617000000,,,,,1928000000,0,8781000000.0,-3067000000.0,,-64561000000.0,97047000000,,,,,3158000000.0,3158000000.0,,,,,-5286000000.0,,618000000.0,58103000000.0,,11687000000,JPM,Quarterly,cashflow
2021-12-31,USD,78084000000,,,,,7932000000,0,-12401000000.0,-11745000000.0,,-129344000000.0,275993000000,,,,,12858000000.0,12858000000.0,,,,,-20983000000.0,,2929000000.0,224733000000.0,,48334000000,JPM,Annual,cashflow
2021-12-31,USD,85095000000,,,,,1931000000,0,13747000000.0,-11387000000.0,,-100158000000.0,-2022000000,,,,,3386000000.0,3386000000.0,,,,,-2122000000.0,,664000000.0,-17085000000.0,,10399000000,JPM,Quarterly,cashflow
2022-03-31,USD,-41917000000,,,,,1820000000,0,-49719000000.0,14142000000.0,,-72608000000.0,132772000000,,,,,3430000000.0,3430000000.0,,,,,-4455000000.0,,806000000.0,18247000000.0,,8282000000,JPM,Quarterly,cashflow
2022-06-30,USD,66018000000,,,,,1789000000,0,6668000000.0,-43397000000.0,,-53203000000.0,-83802000000,,,,,3344000000.0,3344000000.0,,,,,-707000000.0,,819000000.0,-70987000000.0,,8649000000,JPM,Quarterly,cashflow
2022-09-30,USD,-18204000000,,,,,1771000000,0,1430000000.0,37117000000.0,,39522000000.0,-32883000000,,,,,3412000000.0,3412000000.0,,,,,2000000000.0,,684000000.0,-11565000000.0,,9737000000,JPM,Quarterly,cashflow
2022-12-31,USD,107119000000,,,,,7051000000,0,-22970000000.0,-55656000000.0,,-137819000000.0,-126257000000,,,,,13562000000.0,13562000000.0,,,,,-10596000000.0,,2794000000.0,-156957000000.0,,37676000000,JPM,Annual,cashflow
2022-12-31,USD,101222000000,,,,,1671000000,0,18651000000.0,-63518000000.0,,-51530000000.0,-142344000000,,,,,3376000000.0,3376000000.0,,,,,-5434000000.0,,485000000.0,-92652000000.0,,11008000000,JPM,Quarterly,cashflow
2023-03-31,USD,-111241000000,,,,,1649000000,0,9823000000.0,138045000000.0,,23794000000.0,64557000000,,,,,3374000000.0,3374000000.0,,,,,-2690000000.0,,870000000.0,-22890000000.0,,12622000000,JPM,Quarterly,cashflow
2023-06-30,USD,18865000000,,,,,507000000,9920000000,6284000000.0,30470000000.0,,-18243000000.0,-49915000000,,,,,3277000000.0,3277000000.0,,,,,-2477000000.0,,834000000.0,-49293000000.0,,14472000000,JPM,Quarterly,cashflow
2023-09-30,USD,45119000000,,,,,2019000000,0,,-51169000000.0,,-12239000000.0,-4316000000,,,,,3386000000.0,3386000000.0,,,,,-2382000000.0,,782000000.0,,,13151000000,JPM,Quarterly,cashflow
2023-12-31,USD,12974000000,,,,,7512000000,1291000000,,32970000000.0,,67643000000.0,-25571000000,,,,,13463000000.0,13463000000.0,,,,,-9824000000.0,,3117000000.0,,,49552000000,JPM,Annual,cashflow
2023-12-31,USD,60231000000,,,,,3337000000,0,,-6401000000.0,,79882000000.0,-35897000000,,,,,3426000000.0,3426000000.0,,,,,-2275000000.0,,631000000.0,,,9307000000,JPM,Quarterly,cashflow
2024-03-31,USD,-154158000000,,,,,2004000000,0,,,,-43379000000.0,141168000000,,,,,3493000000.0,3493000000.0,,,,,-2832000000.0,,938000000.0,,,13419000000,JPM,Quarterly,cashflow
2024-06-30,USD,38469000000,,,,,2002000000,0,,,,-94239000000.0,27238000000,,,,,3777000000.0,3777000000.0,,,,,-11336000000.0,,944000000.0,,,18149000000,JPM,Quarterly,cashflow
2024-09-30,USD,-74081000000,,,,,1967000000,0,,,,-43405000000.0,10746000000,,,,,3655000000.0,3655000000.0,,,,,-8611000000.0,,-1882000000.0,,,12898000000,JPM,Quarterly,cashflow
2024-12-31,USD,-42012000000,,,,,7938000000,0,,,,-163403000000.0,63447000000,,,,,14783000000.0,14783000000.0,,,,,-28680000000.0,,,,,58471000000,JPM,Annual,cashflow
2024-12-31,USD,147758000000,,,,,1965000000,0,,,,17620000000.0,-115705000000,,,,,3858000000.0,3858000000.0,,,,,-5901000000.0,,,,,14005000000,JPM,Quarterly,cashflow
2025-03-31,USD,-251839000000,,,,,2030000000,0,,,,-118076000000.0,318059000000,,,,,3823000000.0,3823000000.0,,,,,-10528000000.0,,,,,14643000000,JPM,Quarterly,cashflow
2025-06-30,USD,29547000000,,,,,2210000000,0,,,,-173060000000.0,122804000000,,,,,4205000000.0,4205000000.0,,,,,-7506000000.0,,,,,14987000000,JPM,Quarterly,cashflow
2025-09-30,USD,-45214000000,,,,,2269000000,0,,,,-21311000000.0,-47773000000,,,,,4180000000.0,4180000000.0,,,,,-8293000000.0,,,,,14393000000,JPM,Quarterly,cashflow
2025-12-31,USD,100867000000,,,,,8821000000,0,,,,-514214000000.0,269533000000,,,,,16625000000.0,16625000000.0,,,,,-34591000000.0,,,,,56780000000,JPM,Annual,cashflow
2025-12-31,USD,368373000000,,,,,2312000000,0,,,,-201767000000.0,-123557000000,,,,,4417000000.0,4417000000.0,,,,,-8264000000.0,,,,,12757000000,JPM,Quarterly,cashflow
2026-03-31,USD,-211761000000,,,,,2364000000,0,,,,-217769000000.0,400677000000,,,,,4374000000.0,4374000000.0,,,,,-8325000000.0,,,,,16494000000,JPM,Quarterly,cashflow
2026-06-30,USD,-25283000000,,,,,2317000000,0,,,,6393000000.0,18802000000,,,,,4342000000.0,4342000000.0,,,,,-6788000000.0,,,,,21155000000,JPM,Quarterly,cashflow
2006-06-30,USD,3281000000,,,,,261000000,745000000,,,,3739000000.0,-4684000000,,,,,917000000.0,917000000.0,,,,,-3981000000.0,,-1352000000.0,,,2828000000,MSFT,Quarterly,cashflow
2006-09-30,USD,4061000000,,,,,249000000,411000000,,,,6461000000.0,-8175000000,,,,,897000000.0,897000000.0,,,,,-7683000000.0,,456000000.0,,,3478000000,MSFT,Quarterly,cashflow
2006-12-31,USD,2042000000,,,,,365000000,572000000,,,,-1958000000.0,-2323000000,,,,,980000000.0,980000000.0,,,,,-5797000000.0,,437000000.0,,,2626000000,MSFT,Quarterly,cashflow
2007-03-31,USD,7291000000,,,,,445000000,461000000,,,,511000000.0,-7063000000,,,,,976000000.0,976000000.0,,,,,-6878000000.0,,321000000.0,,,4926000000,MSFT,Quarterly,cashflow
2007-06-30,USD,17796000000,,,,,1440000000,2264000000,,,,6089000000.0,-24544000000,,,,,3805000000.0,3805000000.0,,,,,-27575000000.0,,-292000000.0,,,14065000000,MSFT,Annual,cashflow
2007-06-30,USD,4402000000,,,,,381000000,820000000,,,,1075000000.0,-6983000000,,,,,952000000.0,952000000.0,,,,,-7217000000.0,,-1214000000.0,,,3035000000,MSFT,Quarterly,cashflow
2007-09-30,USD,5878000000,,,,,435000000,510000000,,,,-2257000000.0,-3153000000,,,,,938000000.0,938000000.0,,,,,-2930000000.0,,333000000.0,,,4289000000,MSFT,Quarterly,cashflow
2007-12-31,USD,4567000000,,,,,481000000,695000000,,,,-1049000000.0,-2723000000,,,,,1034000000.0,1034000000.0,,,,,-4057000000.0,,360000000.0,,,4707000000,MSFT,Quarterly,cashflow
2008-03-31,USD,7082000000,,,,,532000000,759000000,,,,-778000000.0,-1986000000,,,,,1023000000.0,1023000000.0,,,,,-1240000000.0,,373000000.0,,,4388000000,MSFT,Quarterly,cashflow
2008-06-30,USD,21612000000,,,,,2056000000,3182000000,,,,-4587000000.0,-12934000000,,,,,4015000000.0,4015000000.0,,,,,-12533000000.0,,1479000000.0,,,17681000000,MSFT,Annual,cashflow
2008-06-30,USD,4085000000,,,,,608000000,1218000000,,,,-503000000.0,-5072000000,,,,,1020000000.0,1020000000.0,,,,,-4306000000.0,,-1066000000.0,,,4297000000,MSFT,Quarterly,cashflow
2008-09-30,USD,3370000000,,,,,585000000,778000000,,,,595000000.0,-5244000000,,,,,998000000.0,998000000.0,,,,,-6493000000.0,,443000000.0,,,4373000000,MSFT,Quarterly,cashflow
2008-12-31,USD,5782000000,,,,,632000000,842000000,,,,-2499000000.0,-3858000000,,,,,1157000000.0,1157000000.0,,,,,-2820000000.0,,417000000.0,,,4174000000,MSFT,Quarterly,cashflow
2009-03-31,USD,6044000000,,,,,664000000,632000000,,,,-6009000000.0,-1060000000,,,,,1155000000.0,1155000000.0,,,,,-18000000.0,,432000000.0,,,2977000000,MSFT,Quarterly,cashflow
2009-06-30,USD,19037000000,,,,,2562000000,3119000000,,,,-15770000000.0,-7463000000,,,,,4468000000.0,4468000000.0,,,,,-9353000000.0,,1708000000.0,,,14569000000,MSFT,Annual,cashflow
2009-06-30,USD,3841000000,,,,,681000000,867000000,,-558000000.0,,-7857000000.0,2699000000,,,,,1158000000.0,1158000000.0,,,,,-22000000.0,,416000000.0,,,3045000000,MSFT,Quarterly,cashflow
2009-09-30,USD,6107000000,,,,,646000000,435000000,2748000000.0,0.0,,-1199000000.0,-2190000000,,,,,1157000000.0,1157000000.0,,,,,-1540000000.0,,443000000.0,2747000000.0,29000000.0,3574000000,MSFT,Quarterly,cashflow
2009-12-31,USD,4969000000,,,,,615000000,376000000,-2789000000.0,558000000.0,,-92000000.0,-4277000000,,,,,1152000000.0,1152000000.0,,,,,-3867000000.0,,485000000.0,599000000.0,-1000000.0,6662000000,MSFT,Quarterly,cashflow
2010-03-31,USD,7393000000,,,,,694000000,408000000,1947000000.0,0.0,,-5904000000.0,-2726000000,,,,,1139000000.0,1139000000.0,,,,,-2023000000.0,,481000000.0,-1267000000.0,-30000000.0,4006000000,MSFT,Quarterly,cashflow
2010-06-30,USD,24073000000,,,,,2673000000,1977000000,-2238000000.0,0.0,,-11314000000.0,-13291000000,,,,,4578000000.0,4578000000.0,,,,,-11269000000.0,,1891000000.0,-571000000.0,-39000000.0,18760000000,MSFT,Annual,cashflow
2010-06-30,USD,5604000000,,,,,718000000,758000000,-4144000000.0,-558000000.0,,-4119000000.0,-4098000000,,,,,1130000000.0,1130000000.0,,,,,-3839000000.0,,482000000.0,-2650000000.0,-37000000.0,4518000000,MSFT,Quarterly,cashflow
2010-09-30,USD,8194000000,,,,,694000000,564000000,3674000000.0,-468000000.0,,-4957000000.0,-639000000,,,,,1118000000.0,1118000000.0,,,,,-4399000000.0,,528000000.0,2656000000.0,58000000.0,5410000000,MSFT,Quarterly,cashflow
2010-12-31,USD,4186000000,,,,,663000000,491000000,-3270000000.0,380000000.0,,-1570000000.0,-6751000000,,,,,1363000000.0,1363000000.0,,,,,-5052000000.0,,553000000.0,-4138000000.0,-3000000.0,6634000000,MSFT,Quarterly,cashflow
2011-03-31,USD,8672000000,,,,,720000000,658000000,3031000000.0,-170000000.0,,-7139000000.0,1437000000,,,,,1349000000.0,1349000000.0,,,,,-848000000.0,,541000000.0,2998000000.0,28000000.0,5232000000,MSFT,Quarterly,cashflow
2011-06-30,USD,26994000000,,,,,2766000000,2355000000,-1451000000.0,-561000000.0,,-14616000000.0,-8376000000,,,,,5180000000.0,5180000000.0,,,,,-11555000000.0,,2166000000.0,4105000000.0,103000000.0,23150000000,MSFT,Annual,cashflow
2011-06-30,USD,5942000000,,,,,689000000,642000000,-4886000000.0,-303000000.0,,-950000000.0,-2423000000,,,,,1350000000.0,1350000000.0,,,,,-1256000000.0,,544000000.0,2589000000.0,20000000.0,5874000000,MSFT,Quarterly,cashflow
2011-09-30,USD,8493000000,,,,,726000000,436000000,4733000000.0,-920000000.0,,-2315000000.0,-2869000000,,,,,1341000000.0,1341000000.0,,,,,-1934000000.0,,558000000.0,3271000000.0,-38000000.0,5738000000,MSFT,Quarterly,cashflow
2011-12-31,USD,5862000000,,,,,678000000,498000000,-3652000000.0,891000000.0,,-5568000000.0,-2513000000,,,,,1683000000.0,1683000000.0,,,,,-1042000000.0,,575000000.0,-2271000000.0,-52000000.0,6624000000,MSFT,Quarterly,cashflow
2012-03-31,USD,9594000000,,,,,766000000,749000000,2770000000.0,-50000000.0,,-12241000000.0,-1605000000,,,,,1683000000.0,1683000000.0,,,,,-1023000000.0,,591000000.0,-4222000000.0,30000000.0,5108000000,MSFT,Quarterly,cashflow
2012-06-30,USD,31626000000,,,,,2967000000,2305000000,-1156000000.0,184000000.0,,-24786000000.0,-9408000000,,,,,6385000000.0,6385000000.0,,,,,-5029000000.0,,2244000000.0,-2672000000.0,-104000000.0,16978000000,MSFT,Annual,cashflow
2012-06-30,USD,7677000000,,,,,797000000,622000000,-5007000000.0,263000000.0,,-4662000000.0,-2421000000,,,,,1678000000.0,1678000000.0,,,,,-1030000000.0,,520000000.0,550000000.0,-44000000.0,-492000000,MSFT,Quarterly,cashflow
2012-09-30,USD,8484000000,,,,,710000000,603000000,6156000000.0,-473000000.0,,-7719000000.0,-2714000000,,,,,1676000000.0,1676000000.0,,,,,-1632000000.0,,603000000.0,-1902000000.0,47000000.0,4466000000,MSFT,Quarterly,cashflow
2012-12-31,USD,4780000000,,,,,1009000000,930000000,-4488000000.0,-33000000.0,,-2593000000.0,-1221000000,,,,,1933000000.0,1933000000.0,,,,,-1658000000.0,,603000000.0,981000000.0,15000000.0,6377000000,MSFT,Quarterly,cashflow
2013-03-31,USD,9666000000,,,,,1053000000,930000000,2191000000.0,-483000000.0,,-7660000000.0,-2744000000,,,,,1925000000.0,1925000000.0,,,,,-1028000000.0,,599000000.0,-777000000.0,-39000000.0,6055000000,MSFT,Quarterly,cashflow
2013-06-30,USD,28833000000,,,,,3755000000,4257000000,-1807000000.0,-802000000.0,,-23811000000.0,-8148000000,,,,,7455000000.0,7455000000.0,,,,,-5360000000.0,,2406000000.0,-3134000000.0,-8000000.0,21863000000,MSFT,Annual,cashflow
2013-06-30,USD,5903000000,,,,,983000000,1794000000,-5666000000.0,187000000.0,,-5839000000.0,-1469000000,,,,,1921000000.0,1921000000.0,,,,,-1042000000.0,,601000000.0,-1436000000.0,-31000000.0,4965000000,MSFT,Quarterly,cashflow
2013-09-30,USD,8205000000,,,,,954000000,1231000000,6617000000.0,-667000000.0,,-4614000000.0,-3396000000,,,,,1916000000.0,1916000000.0,,,,,-2188000000.0,,635000000.0,219000000.0,24000000.0,5244000000,MSFT,Quarterly,cashflow
2013-12-31,USD,4413000000,,,,,1261000000,1732000000,-4875000000.0,1029000000.0,,-1025000000.0,2615000000,,,,,2332000000.0,2332000000.0,,,,,-2113000000.0,,591000000.0,6036000000.0,33000000.0,6558000000,MSFT,Quarterly,cashflow
2014-03-31,USD,10099000000,,,,,1255000000,1192000000,2501000000.0,-324000000.0,,-4284000000.0,-4304000000,,,,,2322000000.0,2322000000.0,,,,,-1845000000.0,,602000000.0,1513000000.0,2000000.0,5660000000,MSFT,Quarterly,cashflow
2014-06-30,USD,32502000000,,,,,5212000000,5485000000,-1120000000.0,-161000000.0,,-18833000000.0,-8665000000,,,,,8879000000.0,8879000000.0,,,,,-7316000000.0,,2446000000.0,4865000000.0,-139000000.0,22074000000,MSFT,Annual,cashflow
2014-06-30,USD,9514000000,,,,,1742000000,1330000000,-5363000000.0,-199000000.0,,-8910000000.0,-3309000000,,,,,2309000000.0,2309000000.0,,,,,-1170000000.0,,618000000.0,-2903000000.0,-198000000.0,4612000000,MSFT,Quarterly,cashflow
2014-09-30,USD,8354000000,,,,,1428000000,1282000000,6627000000.0,-483000000.0,,-7737000000.0,-2978000000,,,,,2307000000.0,2307000000.0,,,,,-2888000000.0,,646000000.0,-2367000000.0,-6000000.0,4540000000,MSFT,Quarterly,cashflow
2014-12-31,USD,4340000000,,,,,1521000000,1490000000,-3378000000.0,1070000000.0,,-4716000000.0,534000000,,,,,2547000000.0,2547000000.0,,,,,-2145000000.0,,633000000.0,124000000.0,-34000000.0,5863000000,MSFT,Quarterly,cashflow
2015-03-31,USD,9601000000,,,,,1515000000,1391000000,3655000000.0,-430000000.0,,-5481000000.0,-3096000000,,,,,2532000000.0,2532000000.0,,,,,-5131000000.0,,641000000.0,988000000.0,-36000000.0,4985000000,MSFT,Quarterly,cashflow
2015-06-30,USD,29668000000,,,,,5957000000,5944000000,1456000000.0,-272000000.0,,-23001000000.0,-9668000000,,,,,9882000000.0,9882000000.0,,,,,-14443000000.0,,2574000000.0,-3074000000.0,-73000000.0,12193000000,MSFT,Annual,cashflow
2015-06-30,USD,6816000000,,,,,1493000000,1781000000,-5448000000.0,-429000000.0,,-5067000000.0,-3571000000,,,,,2496000000.0,2496000000.0,,,,,-4279000000.0,,654000000.0,-1819000000.0,3000000.0,-3195000000,MSFT,Quarterly,cashflow
2015-09-30,USD,8876000000,,,,,1461000000,1356000000,6376000000.0,-937000000.0,,-5066000000.0,-3930000000,,,,,2475000000.0,2475000000.0,,,,,-4757000000.0,,674000000.0,-164000000.0,-44000000.0,4902000000,MSFT,Quarterly,cashflow
2015-12-31,USD,5618000000,,,,,1544000000,2024000000,-3118000000.0,1104000000.0,,-3328000000.0,-518000000,,,,,2868000000.0,2868000000.0,,,,,-3678000000.0,,658000000.0,1754000000.0,-18000000.0,5018000000,MSFT,Quarterly,cashflow
2016-03-31,USD,10367000000,,,,,1707000000,2308000000,2288000000.0,241000000.0,,-5483000000.0,-4916000000,,,,,2842000000.0,2842000000.0,,,,,-3857000000.0,,672000000.0,-15000000.0,17000000.0,3756000000,MSFT,Quarterly,cashflow
2016-06-30,USD,33325000000,,,,,6622000000,8343000000,-530000000.0,600000000.0,,-23950000000.0,-8393000000,,,,,11006000000.0,11006000000.0,,,,,-15969000000.0,,2668000000.0,915000000.0,-67000000.0,20539000000,MSFT,Annual,cashflow
2016-06-30,USD,8464000000,,,,,1910000000,2655000000,-6076000000.0,192000000.0,,-10073000000.0,971000000,,,,,2821000000.0,2821000000.0,,,,,-3677000000.0,,664000000.0,-660000000.0,-22000000.0,3122000000,MSFT,Quarterly,cashflow
2016-09-30,USD,11549000000,,,,,1816000000,2163000000,7174000000.0,-867000000.0,,-18470000000.0,14329000000,,,,,2800000000.0,2800000000.0,,,,,-4362000000.0,,703000000.0,7418000000.0,10000000.0,5667000000,MSFT,Quarterly,cashflow
2016-12-31,USD,6293000000,,,,,2166000000,1988000000,-2711000000.0,1132000000.0,,-14751000000.0,3016000000,,,,,3024000000.0,3024000000.0,,,,,-3599000000.0,,767000000.0,-5460000000.0,-18000000.0,6267000000,MSFT,Quarterly,cashflow
2017-03-31,USD,10660000000,,,,,2453000000,1695000000,1487000000.0,-16000000.0,,-6191000000.0,-6236000000,,,,,3012000000.0,3012000000.0,,,,,-2062000000.0,,883000000.0,-1755000000.0,12000000.0,5486000000,MSFT,Quarterly,cashflow
2017-06-30,USD,39507000000,,,,,8778000000,8129000000,-925000000.0,50000000.0,,-46781000000.0,8408000000,,,,,11845000000.0,11845000000.0,,,,,-11788000000.0,,3266000000.0,1153000000.0,19000000.0,25489000000,MSFT,Annual,cashflow
2017-06-30,USD,11005000000,,,,,2343000000,2283000000,-6875000000.0,-199000000.0,,-7369000000.0,-2701000000,,,,,3009000000.0,3009000000.0,,,,,-1765000000.0,,913000000.0,950000000.0,15000000.0,6513000000,MSFT,Quarterly,cashflow
2017-09-30,USD,12440000000,,,,,2499000000,2132000000,7949000000.0,-1023000000.0,,-6904000000.0,-6341000000,,,,,3003000000.0,3003000000.0,,,,,-2570000000.0,,973000000.0,-779000000.0,26000000.0,6576000000,MSFT,Quarterly,cashflow
2017-12-31,USD,7875000000,,,,,2536000000,2586000000,-3908000000.0,1205000000.0,,-331000000.0,-1552000000,,,,,3238000000.0,3238000000.0,,,,,-2008000000.0,,986000000.0,5975000000.0,-17000000.0,-6302000000,MSFT,Quarterly,cashflow
2018-03-31,USD,12151000000,,,,,2710000000,2934000000,1285000000.0,-75000000.0,,3844000000.0,-19658000000,,,,,3232000000.0,3232000000.0,,,,,-3781000000.0,,969000000.0,-3638000000.0,25000000.0,7424000000,MSFT,Quarterly,cashflow
2018-06-30,USD,43884000000,,,,,10261000000,11632000000,-3862000000.0,-465000000.0,,-6061000000.0,-33590000000,,,,,12699000000.0,12699000000.0,,,,,-10721000000.0,,3940000000.0,4283000000.0,50000000.0,16571000000,MSFT,Annual,cashflow
2018-06-30,USD,11418000000,,,,,2516000000,3980000000,-9188000000.0,-572000000.0,,-2670000000.0,-6039000000,,,,,3226000000.0,3226000000.0,,,,,-2362000000.0,,1012000000.0,2725000000.0,16000000.0,8873000000,MSFT,Quarterly,cashflow
2018-09-30,USD,13657000000,,,,,2837000000,3602000000,9194000000.0,-956000000.0,,-2953000000.0,-7384000000,,,,,3220000000.0,3220000000.0,,,,,-3744000000.0,,1107000000.0,3191000000.0,-129000000.0,8824000000,MSFT,Quarterly,cashflow
2018-12-31,USD,8900000000,,,,,2995000000,3707000000,-2396000000.0,1654000000.0,,-4200000000.0,-13216000000,,,,,3544000000.0,3544000000.0,,,,,-6413000000.0,,1183000000.0,-8499000000.0,17000000.0,8420000000,MSFT,Quarterly,cashflow
2019-03-31,USD,13520000000,,,,,2926000000,2565000000,460000000.0,12000000.0,,-1363000000.0,-7601000000,,,,,3526000000.0,3526000000.0,,,,,-4753000000.0,,1172000000.0,4574000000.0,18000000.0,8809000000,MSFT,Quarterly,cashflow
2019-06-30,USD,52185000000,,,,,11682000000,13925000000,-2812000000.0,597000000.0,,-15773000000.0,-36887000000,,,,,13811000000.0,13811000000.0,,,,,-19543000000.0,,4652000000.0,-590000000.0,-115000000.0,39240000000,MSFT,Annual,cashflow
2019-06-30,USD,16108000000,,,,,2924000000,4051000000,-10070000000.0,-113000000.0,,-7257000000.0,-8686000000,,,,,3521000000.0,3521000000.0,,,,,-4633000000.0,,1190000000.0,144000000.0,-21000000.0,13187000000,MSFT,Quarterly,cashflow
2019-09-30,USD,13818000000,,,,,2971000000,3385000000,10090000000.0,-561000000.0,,-1776000000.0,-10209000000,,,,,3510000000.0,3510000000.0,,,,,-4912000000.0,,1262000000.0,1761000000.0,-72000000.0,10678000000,MSFT,Quarterly,cashflow
2019-12-31,USD,10680000000,,,,,3203000000,3545000000,-4203000000.0,799000000.0,,-6036000000.0,-8915000000,,,,,3886000000.0,3886000000.0,,,,,-5206000000.0,,1340000000.0,-4253000000.0,18000000.0,11649000000,MSFT,Quarterly,cashflow
2020-03-31,USD,17504000000,,,,,3118000000,3767000000,891000000.0,181000000.0,,51000000.0,-14645000000,,,,,3876000000.0,3876000000.0,,,,,-7059000000.0,,1338000000.0,2846000000.0,-64000000.0,10752000000,MSFT,Quarterly,cashflow
2020-06-30,USD,60675000000,,,,,12796000000,15441000000,-2577000000.0,168000000.0,,-12223000000.0,-46031000000,,,,,15137000000.0,15137000000.0,,,,,-22968000000.0,,5289000000.0,2220000000.0,-201000000.0,44281000000,MSFT,Annual,cashflow
2020-06-30,USD,18673000000,,,,,3504000000,4744000000,-9355000000.0,-251000000.0,,-4462000000.0,-12262000000,,,,,3865000000.0,3865000000.0,,,,,-5791000000.0,,1349000000.0,1866000000.0,-83000000.0,11202000000,MSFT,Quarterly,cashflow
2020-09-30,USD,19335000000,,,,,2645000000,4907000000,8843000000.0,-808000000.0,,-5371000000.0,-10289000000,,,,,3856000000.0,3856000000.0,,,,,-6743000000.0,,1456000000.0,3629000000.0,-46000000.0,13893000000,MSFT,Quarterly,cashflow
2020-12-31,USD,12516000000,,,,,2761000000,4174000000,-4008000000.0,788000000.0,,-1669000000.0,-13634000000,,,,,4230000000.0,4230000000.0,,,,,-6535000000.0,,1566000000.0,-2773000000.0,14000000.0,15463000000,MSFT,Quarterly,cashflow
2021-03-31,USD,22179000000,,,,,2936000000,5089000000,290000000.0,-329000000.0,,-9684000000.0,-13192000000,,,,,4221000000.0,4221000000.0,,,,,-6930000000.0,,1525000000.0,-730000000.0,-33000000.0,15457000000,MSFT,Quarterly,cashflow
2021-06-30,USD,76740000000,,,,,11686000000,20622000000,-6481000000.0,-737000000.0,,-27577000000.0,-48486000000,,,,,16521000000.0,16521000000.0,,,,,-27385000000.0,,6118000000.0,648000000.0,-29000000.0,61271000000,MSFT,Annual,cashflow
2021-06-30,USD,22710000000,,,,,3344000000,6452000000,-11606000000.0,-388000000.0,,-10853000000.0,-11371000000,,,,,4214000000.0,4214000000.0,,,,,-7177000000.0,,1571000000.0,522000000.0,36000000.0,16458000000,MSFT,Quarterly,cashflow
2021-09-30,USD,24540000000,,,,,3212000000,5810000000,10486000000.0,-777000000.0,,-3250000000.0,-16276000000,,,,,4206000000.0,4206000000.0,,,,,-7684000000.0,,1702000000.0,4941000000.0,-73000000.0,20505000000,MSFT,Quarterly,cashflow
2021-12-31,USD,14480000000,,,,,3496000000,5865000000,-5543000000.0,394000000.0,,-1161000000.0,-11986000000,,,,,4652000000.0,4652000000.0,,,,,-7433000000.0,,1897000000.0,1439000000.0,106000000.0,18765000000,MSFT,Quarterly,cashflow
2022-03-31,USD,25386000000,,,,,3773000000,5340000000,857000000.0,-279000000.0,,-16171000000.0,-17345000000,,,,,4645000000.0,4645000000.0,,,,,-8822000000.0,,1906000000.0,-8106000000.0,24000000.0,16728000000,MSFT,Quarterly,cashflow
2022-06-30,USD,89035000000,,,,,14460000000,23886000000,-6834000000.0,-1123000000.0,,-30311000000.0,-58876000000,,,,,18135000000.0,18135000000.0,,,,,-32696000000.0,,7502000000.0,-152000000.0,,72738000000,MSFT,Annual,cashflow
2022-06-30,USD,24629000000,,,,,3979000000,6871000000,-12634000000.0,-461000000.0,,-9729000000.0,-13269000000,,,,,4632000000.0,4632000000.0,,,,,-8757000000.0,,1997000000.0,1574000000.0,,16740000000,MSFT,Quarterly,cashflow
2022-09-30,USD,23198000000,,,,,2790000000,6283000000,11729000000.0,-543000000.0,,-3132000000.0,-10883000000,,,,,4621000000.0,4621000000.0,,,,,-5573000000.0,,2192000000.0,9183000000.0,,17556000000,MSFT,Quarterly,cashflow
2022-12-31,USD,11173000000,,,,,3648000000,6274000000,-3164000000.0,1305000000.0,,-7150000000.0,-11349000000,,,,,5066000000.0,5066000000.0,,,,,-5459000000.0,,2538000000.0,-7326000000.0,,16425000000,MSFT,Quarterly,cashflow
2023-03-31,USD,24441000000,,,,,3549000000,6607000000,-1408000000.0,106000000.0,,-3264000000.0,-10290000000,,,,,5059000000.0,5059000000.0,,,,,-5509000000.0,,2465000000.0,10887000000.0,,18299000000,MSFT,Quarterly,cashflow
2023-06-30,USD,87582000000,,,,,13861000000,28107000000,,1242000000.0,,-22680000000.0,-43935000000,,,,,19800000000.0,19800000000.0,,,,,-22245000000.0,,9611000000.0,,,72361000000,MSFT,Annual,cashflow
2023-06-30,USD,28770000000,,,,,3874000000,8943000000,,374000000.0,,-22680000000.0,-11413000000,,,,,5054000000.0,5054000000.0,,,,,-5704000000.0,,2416000000.0,,,20081000000,MSFT,Quarterly,cashflow
2023-09-30,USD,30583000000,,,,,3921000000,9917000000,,-505000000.0,,503000000.0,14761000000,,,,,5051000000.0,5051000000.0,,,,,-4831000000.0,,2507000000.0,,,22291000000,MSFT,Quarterly,cashflow
2023-12-31,USD,18853000000,,,,,5959000000,9735000000,,1474000000.0,,-71925000000.0,-10147000000,,,,,5574000000.0,5574000000.0,,,,,-4000000000.0,,2828000000.0,,,21870000000,MSFT,Quarterly,cashflow
2024-03-31,USD,31917000000,,,,,6027000000,10952000000,,260000000.0,,-10700000000.0,-18808000000,,,,,5572000000.0,5572000000.0,,,,,-4213000000.0,,2703000000.0,,,21939000000,MSFT,Quarterly,cashflow
2024-06-30,USD,118548000000,,,,,22287000000,44477000000,,1284000000.0,,-96970000000.0,-37757000000,,,,,21771000000.0,21771000000.0,,,,,-17254000000.0,,10734000000.0,,,88136000000,MSFT,Annual,cashflow
2024-06-30,USD,37195000000,,,,,6380000000,13873000000,,55000000.0,,-14848000000.0,-23563000000,,,,,5574000000.0,5574000000.0,,,,,-4210000000.0,,2696000000.0,,,22036000000,MSFT,Quarterly,cashflow
2024-09-30,USD,34180000000,,,,,7383000000,14923000000,,-373000000.0,,-15201000000.0,-16576000000,,,,,5574000000.0,5574000000.0,,,,,-4107000000.0,,2832000000.0,,,24667000000,MSFT,Quarterly,cashflow
2024-12-31,USD,22291000000,,,,,6827000000,15804000000,,711000000.0,,,-11243000000,,,,,6170000000.0,6170000000.0,,,,,-4986000000.0,,3089000000.0,,,24108000000,MSFT,Quarterly,cashflow
2025-03-31,USD,37044000000,,,,,8740000000,16745000000,,52000000.0,,-12714000000.0,-13036000000,,,,,6169000000.0,6169000000.0,,,,,-4781000000.0,,2980000000.0,,,25824000000,MSFT,Quarterly,cashflow
2025-06-30,USD,136162000000,,,,,34153000000,64551000000,,309000000.0,,-72599000000.0,-51699000000,,,,,24082000000.0,24082000000.0,,,,,-18420000000.0,,11974000000.0,,,101832000000,MSFT,Annual,cashflow
2025-06-30,USD,42647000000,,,,,11203000000,17079000000,,-81000000.0,,-30572000000.0,-10844000000,,,,,6169000000.0,6169000000.0,,,,,-4546000000.0,,3073000000.0,,,27233000000,MSFT,Quarterly,cashflow
2025-09-30,USD,45057000000,,,,,13061000000,19394000000,,-192000000.0,,-34559000000.0,-11799000000,,,,,6169000000.0,6169000000.0,,,,,-5650000000.0,,2983000000.0,,,27747000000,MSFT,Quarterly,cashflow
2025-12-31,USD,35758000000,,,,,9198000000,29876000000,,70000000.0,,-22705000000.0,-17617000000,,,,,6762000000.0,6762000000.0,,,,,-7415000000.0,,3219000000.0,,,38458000000,MSFT,Quarterly,cashflow
2026-03-31,USD,46679000000,,,,,10167000000,30876000000,,-161000000.0,,-27405000000.0,-11351000000,,,,,6756000000.0,6756000000.0,,,,,-4627000000.0,,3081000000.0,,,31778000000,MSFT,Quarterly,cashflow
2026-06-30,USD,182935000000,,,,,38534000000,115948000000,,-461000000.0,,-139500000000.0,-52546000000,,,,,26445000000.0,26445000000.0,,,,,-22271000000.0,,12405000000.0,,,133749000000,MSFT,Annual,cashflow
2026-06-30,USD,55441000000,,,,,6108000000,35802000000,,-178000000.0,,-54831000000.0,-11779000000,,,,,6758000000.0,6758000000.0,,,,,-4579000000.0,,3122000000.0,,,35766000000,MSFT,Quarterly,cashflow
