fiscalDateEnding,reportedCurrency,grossProfit,totalRevenue,costOfRevenue,costofGoodsAndServicesSold,operatingIncome,sellingGeneralAndAdministrative,researchAndDevelopment,operatingExpenses,investmentIncomeNet,netInterestIncome,interestIncome,interestExpense,nonInterestIncome,otherNonOperatingIncome,depreciation,depreciationAndAmortization,incomeBeforeTax,incomeTaxExpense,interestAndDebtExpense,netIncomeFromContinuingOperations,comprehensiveIncomeNetOfTax,ebit,ebitda,netIncome,symbol,period_type,statement_type
2006-06-30,USD,1325000000,4370000000,3045000000,3045000000,566000000,584000000,175000000.0,759000000,,,,0.0,,,,57000000.0,661000000,189000000,,0.0,,566000000.0,623000000,472000000,AAPL,Quarterly,income
2006-09-30,USD,5598000000,19315000000,13717000000,13717000000,2453000000,2433000000,712000000.0,3145000000,,,,365000000.0,,,,225000000.0,2818000000,829000000,,,,2453000000.0,2678000000,1989000000,AAPL,Annual,income
2006-09-30,USD,1412000000,4370000000,3425000000,3425000000,608000000,584000000,179000000.0,804000000,,,,252000000.0,,,,66000000.0,721000000,179000000,,0.0,,661000000.0,718000000,542000000,AAPL,Quarterly,income
2006-12-31,USD,2220000000,7115000000,4895000000,4895000000,1322000000,714000000,184000000.0,898000000,,,,126000000.0,,,,74000000.0,1448000000,444000000,,0.0,,1322000000.0,1396000000,1004000000,AAPL,Quarterly,income
2007-03-31,USD,1849000000,5264000000,3415000000,3415000000,986000000,680000000,183000000.0,863000000,,,,148000000.0,,,,69000000.0,1134000000,364000000,,0.0,,986000000.0,1055000000,770000000,AAPL,Quarterly,income
2007-06-30,USD,1995000000,5410000000,3415000000,3415000000,1041000000,746000000,208000000.0,954000000,,,,155000000.0,,,,81000000.0,1196000000,378000000,,0.0,,1041000000.0,1122000000,818000000,AAPL,Quarterly,income
2007-09-30,USD,8154000000,24006000000,15852000000,15852000000,4409000000,2963000000,782000000.0,3745000000,,,,599000000.0,,,,317000000.0,5008000000,1512000000,,,,4407000000.0,4724000000,3495000000,AAPL,Annual,income
2007-09-30,USD,2090000000,6217000000,4127000000,4127000000,1060000000,823000000,207000000.0,1030000000,,,,170000000.0,,,,93000000.0,1230000000,326000000,,0.0,,1060000000.0,1153000000,904000000,AAPL,Quarterly,income
2007-12-31,USD,3332000000,9608000000,6276000000,6276000000,2126000000,960000000,246000000.0,1206000000,,,,200000000.0,,,,106000000.0,2326000000,745000000,,0.0,,2126000000.0,2232000000,1581000000,AAPL,Quarterly,income
2008-03-31,USD,2474000000,7512000000,5038000000,5038000000,1315000000,886000000,273000000.0,1159000000,,,,162000000.0,,,,116000000.0,1477000000,432000000,,0.0,,1315000000.0,1431000000,1045000000,AAPL,Quarterly,income
2008-06-30,USD,2600000000,7464000000,4864000000,4864000000,1392000000,916000000,292000000.0,1208000000,,,,118000000.0,,,,117000000.0,1510000000,438000000,,0.0,,1392000000.0,1509000000,1072000000,AAPL,Quarterly,income
2008-09-30,USD,11145000000,32479000000,21334000000,21334000000,6275000000,3761000000,1109000000.0,4870000000,,,,620000000.0,,,,409000000.0,6895000000,2061000000,,,,6895000000.0,7304000000,4834000000,AAPL,Annual,income
2008-09-30,USD,2739000000,7895000000,5156000000,5156000000,1442000000,999000000,298000000.0,1297000000,,,,140000000.0,,,,134000000.0,1582000000,446000000,,0.0,,1442000000.0,1576000000,1136000000,AAPL,Quarterly,income
2008-12-31,USD,4507000000,11880000000,7373000000,7373000000,3101000000,1091000000,315000000.0,1406000000,,,,158000000.0,,,,168000000.0,3259000000,1004000000,,0.0,,3101000000.0,3269000000,2255000000,AAPL,Quarterly,income
2009-03-31,USD,3627000000,9084000000,5457000000,5457000000,2323000000,985000000,319000000.0,1304000000,,,,63000000.0,,,,181000000.0,2386000000,766000000,,0.0,,2323000000.0,2504000000,1620000000,AAPL,Quarterly,income
2009-06-30,USD,3983000000,9734000000,5751000000,5751000000,2632000000,1010000000,341000000.0,1351000000,,,,236000000.0,,60000000.0,,182000000.0,2692000000,864000000,,1229000000.0,,2632000000.0,2814000000,1828000000,AAPL,Quarterly,income
2009-09-30,USD,16852000000,42603000000,25751000000,25751000000,11370000000,4149000000,1333000000.0,5482000000,,,,326000000.0,,326000000.0,,659000000.0,12066000000,3831000000,,8235000000.0,,11370000000.0,12029000000,8235000000,AAPL,Annual,income
2009-09-30,USD,3614000000,9870000000,6256000000,6256000000,2193000000,1063000000,358000000.0,1421000000,,,,45000000.0,,,,197000000.0,2238000000,573000000,,0.0,,2193000000.0,2390000000,1665000000,AAPL,Quarterly,income
2009-12-31,USD,6411000000,15683000000,9272000000,9272000000,4725000000,1288000000,398000000.0,1686000000,,,,33000000.0,,33000000.0,,209000000.0,4758000000,1380000000,,3378000000.0,,4725000000.0,4934000000,3378000000,AAPL,Quarterly,income
2010-03-31,USD,5625000000,13499000000,7874000000,7874000000,3979000000,1220000000,426000000.0,1646000000,,,,266000000.0,,50000000.0,,216000000.0,4029000000,955000000,,3074000000.0,,3979000000.0,4195000000,3074000000,AAPL,Quarterly,income
2010-06-30,USD,6136000000,15700000000,9564000000,9564000000,4234000000,1438000000,464000000.0,1902000000,,,,58000000.0,,58000000.0,,273000000.0,4292000000,1039000000,,3253000000.0,,4234000000.0,4507000000,3253000000,AAPL,Quarterly,income
2010-09-30,USD,25684000000,65225000000,39541000000,39541000000,18385000000,5517000000,1782000000.0,7299000000,,,,155000000.0,,155000000.0,,1027000000.0,18540000000,4527000000,,14013000000.0,,18385000000.0,19412000000,14013000000,AAPL,Annual,income
2010-09-30,USD,7512000000,20343000000,12831000000,12831000000,5447000000,1571000000,494000000.0,2065000000,,,,14000000.0,,14000000.0,,329000000.0,5461000000,1153000000,,4308000000.0,,5447000000.0,5776000000,4308000000,AAPL,Quarterly,income
2010-12-31,USD,10298000000,26741000000,16443000000,16443000000,7827000000,1896000000,575000000.0,2471000000,,,,136000000.0,,136000000.0,,356000000.0,7963000000,1959000000,,6004000000.0,,7827000000.0,8183000000,6004000000,AAPL,Quarterly,income
2011-03-31,USD,10218000000,24667000000,14449000000,14449000000,7874000000,1763000000,581000000.0,2344000000,,,,26000000.0,,26000000.0,,434000000.0,7900000000,1913000000,,5987000000.0,,7874000000.0,8308000000,5987000000,AAPL,Quarterly,income
2011-06-30,USD,11922000000,28571000000,16649000000,16649000000,9379000000,1915000000,628000000.0,2543000000,,,,172000000.0,,172000000.0,,481000000.0,9551000000,2243000000,,7308000000.0,,9379000000.0,9860000000,7308000000,AAPL,Quarterly,income
2011-09-30,USD,43818000000,108249000000,64431000000,64431000000,33790000000,7599000000,2429000000.0,10028000000,,,,415000000.0,,415000000.0,,1814000000.0,34205000000,8283000000,,25922000000.0,,34205000000.0,36019000000,25922000000,AAPL,Annual,income
2011-09-30,USD,11380000000,28270000000,16890000000,16890000000,8710000000,2025000000,645000000.0,2670000000,,,,81000000.0,,81000000.0,,543000000.0,8791000000,2168000000,,6623000000.0,,8710000000.0,9253000000,6623000000,AAPL,Quarterly,income
2011-12-31,USD,20703000000,46333000000,25630000000,25630000000,17340000000,2605000000,758000000.0,3363000000,,,,137000000.0,,137000000.0,,721000000.0,17477000000,4413000000,,13064000000.0,,17340000000.0,18061000000,13064000000,AAPL,Quarterly,income
2012-03-31,USD,18564000000,39186000000,20622000000,20622000000,15384000000,2339000000,841000000.0,3180000000,,,,148000000.0,,148000000.0,,740000000.0,15532000000,3910000000,,11622000000.0,,15384000000.0,16124000000,11622000000,AAPL,Quarterly,income
2012-06-30,USD,14994000000,35023000000,20029000000,20029000000,11573000000,2545000000,876000000.0,3421000000,,,,288000000.0,,288000000.0,,835000000.0,11861000000,3037000000,,8824000000.0,,11861000000.0,12696000000,8824000000,AAPL,Quarterly,income
2012-09-30,USD,68662000000,156508000000,87846000000,87846000000,55241000000,9040000000,3381000000.0,13421000000,,,,522000000.0,,522000000.0,,3277000000.0,55763000000,14030000000,,41733000000.0,,55763000000.0,59040000000,41733000000,AAPL,Annual,income
2012-09-30,USD,13871000000,37472000000,23601000000,23601000000,10030000000,1573000000,1168000000.0,3841000000,,,,83000000.0,,-51000000.0,,1783000000.0,10143000000,2631000000,,8223000000.0,,10226000000.0,12009000000,7512000000,AAPL,Quarterly,income
2012-12-31,USD,21060000000,54512000000,33452000000,33452000000,17210000000,2840000000,1010000000.0,3850000000,,,,462000000.0,,462000000.0,,1588000000.0,17672000000,4594000000,,13078000000.0,,17672000000.0,19260000000,13078000000,AAPL,Quarterly,income
2013-03-31,USD,16349000000,43603000000,27254000000,27254000000,12558000000,2672000000,1119000000.0,3791000000,,,,347000000.0,,347000000.0,,1692000000.0,12905000000,3358000000,,9547000000.0,,12905000000.0,14597000000,9547000000,AAPL,Quarterly,income
2013-06-30,USD,13024000000,35323000000,22299000000,22299000000,9201000000,2645000000,1178000000.0,3823000000,,,,53000000.0,,234000000.0,,1694000000.0,9435000000,2535000000,,6900000000.0,,9488000000.0,11182000000,6900000000,AAPL,Quarterly,income
2013-09-30,USD,64304000000,170910000000,106606000000,106606000000,48999000000,9730000000,4475000000.0,15305000000,,,,136000000.0,,1156000000.0,,6757000000.0,50155000000,13118000000,,37037000000.0,,50291000000.0,57048000000,37037000000,AAPL,Annual,income
2013-09-30,USD,13871000000,37472000000,23601000000,23601000000,10030000000,9730000000,1168000000.0,3841000000,,,,83000000.0,,113000000.0,,1783000000.0,10143000000,2631000000,,7512000000.0,,10226000000.0,12009000000,7512000000,AAPL,Quarterly,income
2013-12-31,USD,21846000000,57594000000,35748000000,35748000000,17463000000,3053000000,1330000000.0,4383000000,,,,84000000.0,,246000000.0,,2144000000.0,17709000000,4637000000,,13072000000.0,,17793000000.0,19937000000,13072000000,AAPL,Quarterly,income
2014-03-31,USD,17947000000,45646000000,27699000000,27699000000,13593000000,2932000000,1422000000.0,4354000000,,,,85000000.0,,225000000.0,,1887000000.0,13818000000,3595000000,,10223000000.0,,13903000000.0,15790000000,10223000000,AAPL,Quarterly,income
2014-06-30,USD,14735000000,37432000000,22697000000,22697000000,10282000000,2850000000,1603000000.0,4453000000,,,,100000000.0,,202000000.0,,1946000000.0,10484000000,2736000000,,7748000000.0,,10584000000.0,12530000000,7748000000,AAPL,Quarterly,income
2014-09-30,USD,70537000000,182795000000,112258000000,112258000000,52503000000,11993000000,6041000000.0,18034000000,,,,384000000.0,,980000000.0,,7946000000.0,53483000000,13973000000,,39510000000.0,,53867000000.0,61813000000,39510000000,AAPL,Annual,income
2014-09-30,USD,16009000000,42123000000,26114000000,26114000000,11165000000,1958000000,1686000000.0,4844000000,,,,115000000.0,,307000000.0,,1969000000.0,11472000000,3005000000,,8467000000.0,,11587000000.0,13556000000,8467000000,AAPL,Quarterly,income
2014-12-31,USD,29741000000,74599000000,44858000000,44858000000,24246000000,3600000000,1895000000.0,5495000000,,,,131000000.0,,170000000.0,,2575000000.0,24416000000,6392000000,,18024000000.0,,24547000000.0,27122000000,18024000000,AAPL,Quarterly,income
2015-03-31,USD,23656000000,58010000000,34354000000,34354000000,18278000000,3460000000,1918000000.0,5378000000,,,,163000000.0,,286000000.0,,2479000000.0,18564000000,4995000000,,13569000000.0,,18727000000.0,21206000000,13569000000,AAPL,Quarterly,income
2015-06-30,USD,19681000000,49605000000,29924000000,29924000000,14083000000,3564000000,2034000000.0,5598000000,,,,201000000.0,,390000000.0,,3084000000.0,14473000000,3796000000,,10677000000.0,,14674000000.0,17758000000,10677000000,AAPL,Quarterly,income
2015-09-30,USD,93626000000,233715000000,140089000000,140089000000,71230000000,14329000000,8067000000.0,22396000000,,,,733000000.0,,1285000000.0,,11257000000.0,72515000000,19121000000,,53394000000.0,,73248000000.0,84505000000,53394000000,AAPL,Annual,income
2015-09-30,USD,20548000000,51501000000,30953000000,30953000000,14623000000,3705000000,2220000000.0,5925000000,,,,238000000.0,,439000000.0,,3119000000.0,15062000000,3938000000,,11124000000.0,,15300000000.0,18419000000,11124000000,AAPL,Quarterly,income
2015-12-31,USD,30423000000,75872000000,45449000000,45449000000,24171000000,3848000000,2404000000.0,6252000000,,,,276000000.0,,402000000.0,,2954000000.0,24573000000,6212000000,,18361000000.0,,24849000000.0,27803000000,18361000000,AAPL,Quarterly,income
2016-03-31,USD,19921000000,50557000000,30636000000,30636000000,13987000000,3423000000,2511000000.0,5934000000,,,,321000000.0,,155000000.0,,2477000000.0,14142000000,3626000000,,10516000000.0,,14463000000.0,16940000000,10516000000,AAPL,Quarterly,income
2016-06-30,USD,16106000000,42358000000,26252000000,26252000000,10105000000,3441000000,2560000000.0,6001000000,,,,409000000.0,,364000000.0,,2526000000.0,10469000000,2673000000,,7796000000.0,,10878000000.0,13404000000,7796000000,AAPL,Quarterly,income
2016-09-30,USD,84263000000,215639000000,131376000000,131376000000,60024000000,14194000000,10045000000.0,24239000000,,2543000000.0,3999000000.0,1456000000.0,,1348000000.0,,10505000000.0,61372000000,15685000000,,45687000000.0,,62828000000.0,73333000000,45687000000,AAPL,Annual,income
2016-09-30,USD,17813000000,46852000000,29039000000,29039000000,11761000000,3482000000,2570000000.0,6052000000,,,,450000000.0,,427000000.0,,2548000000.0,12188000000,3174000000,,9014000000.0,,12638000000.0,15186000000,9014000000,AAPL,Quarterly,income
2016-12-31,USD,30176000000,78351000000,48175000000,48175000000,23359000000,3946000000,2871000000.0,6817000000,,,,525000000.0,,821000000.0,,2987000000.0,24180000000,6289000000,,17891000000.0,,24705000000.0,27692000000,17891000000,AAPL,Quarterly,income
2017-03-31,USD,20591000000,52896000000,32305000000,32305000000,14097000000,3718000000,2776000000.0,6494000000,,,,530000000.0,,587000000.0,,2332000000.0,14684000000,3655000000,,11029000000.0,,15214000000.0,17546000000,11029000000,AAPL,Quarterly,income
2017-06-30,USD,17488000000,45408000000,27920000000,27920000000,10768000000,3783000000,2937000000.0,6720000000,,,,602000000.0,,540000000.0,,2354000000.0,11308000000,2591000000,,8717000000.0,,11910000000.0,14264000000,8717000000,AAPL,Quarterly,income
2017-09-30,USD,88186000000,229234000000,141048000000,141048000000,61344000000,15261000000,11581000000.0,26842000000,,2878000000.0,5201000000.0,2323000000.0,,2745000000.0,,10157000000.0,64089000000,15738000000,,48351000000.0,,66412000000.0,76569000000,48351000000,AAPL,Annual,income
2017-09-30,USD,19931000000,52579000000,32648000000,32648000000,13120000000,3814000000,2997000000.0,6811000000,,,,666000000.0,,797000000.0,,2484000000.0,13917000000,3203000000,,10714000000.0,,14583000000.0,17067000000,10714000000,AAPL,Quarterly,income
2017-12-31,USD,33912000000,88293000000,54381000000,54381000000,26274000000,4231000000,3407000000.0,7638000000,,,,734000000.0,,756000000.0,,2745000000.0,27030000000,6965000000,,20065000000.0,,27764000000.0,30509000000,20065000000,AAPL,Quarterly,income
2018-03-31,USD,23422000000,61137000000,37715000000,37715000000,15894000000,4150000000,3378000000.0,7528000000,,,,792000000.0,,274000000.0,,2739000000.0,16168000000,2346000000,,13822000000.0,,16960000000.0,19699000000,13822000000,AAPL,Quarterly,income
2018-06-30,USD,20421000000,53265000000,32844000000,32844000000,12612000000,4108000000,3701000000.0,7809000000,,,,846000000.0,,672000000.0,,2665000000.0,13284000000,1765000000,,11519000000.0,,14130000000.0,16795000000,11519000000,AAPL,Quarterly,income
2018-09-30,USD,101839000000,265595000000,163756000000,163756000000,70898000000,16705000000,14236000000.0,30941000000,,2446000000.0,5686000000.0,3240000000.0,,2005000000.0,,10903000000.0,72903000000,13372000000,,59531000000.0,,76143000000.0,87046000000,59531000000,AAPL,Annual,income
2018-09-30,USD,24084000000,62900000000,38816000000,38816000000,16118000000,4216000000,3750000000.0,7966000000,,,,868000000.0,,303000000.0,,2754000000.0,16421000000,2296000000,,14125000000.0,,17289000000.0,20043000000,14125000000,AAPL,Quarterly,income
2018-12-31,USD,32031000000,84310000000,52279000000,52279000000,23346000000,4783000000,3902000000.0,8685000000,,,,890000000.0,,560000000.0,,3395000000.0,23906000000,3941000000,,19965000000.0,,24796000000.0,28191000000,19965000000,AAPL,Quarterly,income
2019-03-31,USD,21821000000,58015000000,36194000000,36194000000,13415000000,4458000000,3948000000.0,8406000000,,348000000.0,1358000000.0,1010000000.0,,378000000.0,,3040000000.0,13793000000,2232000000,,11561000000.0,,14803000000.0,17843000000,11561000000,AAPL,Quarterly,income
2019-06-30,USD,20227000000,53809000000,33582000000,33582000000,11544000000,4426000000,4257000000.0,8683000000,,324000000.0,1190000000.0,866000000.0,,367000000.0,,2933000000.0,11911000000,1867000000,,10044000000.0,,12777000000.0,15710000000,10044000000,AAPL,Quarterly,income
2019-09-30,USD,98392000000,260174000000,161782000000,161782000000,63930000000,18245000000,16217000000.0,34462000000,,1385000000.0,4961000000.0,3576000000.0,,1807000000.0,,12547000000.0,65737000000,10481000000,,55256000000.0,,69313000000.0,81860000000,55256000000,AAPL,Annual,income
2019-09-30,USD,24313000000,64040000000,39727000000,39727000000,15625000000,4578000000,4110000000.0,8688000000,,296000000.0,1106000000.0,810000000.0,,502000000.0,,3179000000.0,16127000000,2441000000,,13686000000.0,,16937000000.0,20116000000,13686000000,AAPL,Quarterly,income
2019-12-31,USD,35217000000,91819000000,56602000000,56602000000,25569000000,5197000000,4451000000.0,9648000000,,260000000.0,1045000000.0,785000000.0,,349000000.0,,2816000000.0,25918000000,3682000000,,22236000000.0,,26703000000.0,29519000000,22236000000,AAPL,Quarterly,income
2020-03-31,USD,22370000000,58313000000,35943000000,35943000000,12853000000,4952000000,4565000000.0,9517000000,,292000000.0,1049000000.0,757000000.0,,282000000.0,,2786000000.0,13135000000,1886000000,,11249000000.0,,13892000000.0,16678000000,11249000000,AAPL,Quarterly,income
2020-06-30,USD,22680000000,59685000000,37005000000,37005000000,13091000000,4831000000,4758000000.0,9589000000,,204000000.0,901000000.0,697000000.0,,46000000.0,,2752000000.0,13137000000,1884000000,,11253000000.0,,13834000000.0,16586000000,11253000000,AAPL,Quarterly,income
2020-09-30,USD,104956000000,274515000000,169559000000,169559000000,66288000000,19916000000,18752000000.0,38668000000,,890000000.0,3763000000.0,2873000000.0,,803000000.0,,11056000000.0,67091000000,9680000000,,57411000000.0,,69964000000.0,81020000000,57411000000,AAPL,Annual,income
2020-09-30,USD,24689000000,64698000000,40009000000,40009000000,14775000000,4936000000,4978000000.0,9914000000,,134000000.0,134000000.0,634000000.0,,126000000.0,,2702000000.0,14901000000,2228000000,,12673000000.0,,15535000000.0,18237000000,12673000000,AAPL,Quarterly,income
2020-12-31,USD,44328000000,111439000000,67111000000,67111000000,33534000000,5631000000,5163000000.0,10794000000,,109000000.0,747000000.0,638000000.0,,45000000.0,,2666000000.0,33579000000,4824000000,,28755000000.0,,34217000000.0,36883000000,28755000000,AAPL,Quarterly,income
2021-03-31,USD,38079000000,89584000000,51505000000,51505000000,27503000000,5314000000,5262000000.0,10576000000,,48000000.0,718000000.0,670000000.0,,508000000.0,,2797000000.0,28011000000,4381000000,,23630000000.0,,28681000000.0,31478000000,23630000000,AAPL,Quarterly,income
2021-06-30,USD,35255000000,81434000000,46179000000,46179000000,24126000000,5412000000,5717000000.0,11129000000,,54000000.0,719000000.0,665000000.0,,243000000.0,,2832000000.0,24369000000,2625000000,,21744000000.0,,25034000000.0,27866000000,21744000000,AAPL,Quarterly,income
2021-09-30,USD,152836000000,365817000000,212981000000,212981000000,108949000000,21973000000,21914000000.0,43887000000,,198000000.0,2843000000.0,2645000000.0,,258000000.0,,11284000000.0,109207000000,14527000000,,94680000000.0,,111852000000.0,123136000000,94680000000,AAPL,Annual,income
2021-09-30,USD,35174000000,83360000000,48186000000,48186000000,23786000000,5616000000,5772000000.0,11388000000,,-13000000.0,659000000.0,672000000.0,,538000000.0,,2989000000.0,23248000000,2697000000,,20551000000.0,,23920000000.0,26909000000,20551000000,AAPL,Quarterly,income
2021-12-31,USD,54243000000,123945000000,69702000000,69702000000,41488000000,6449000000,6306000000.0,12755000000,,-44000000.0,650000000.0,694000000.0,,247000000.0,,2697000000.0,41241000000,6611000000,,34630000000.0,,41935000000.0,44632000000,34630000000,AAPL,Quarterly,income
2022-03-31,USD,42559000000,97278000000,54719000000,54719000000,29979000000,6193000000,6387000000.0,12580000000,,9000000.0,700000000.0,691000000.0,,160000000.0,,2737000000.0,30139000000,5129000000,,25010000000.0,,30830000000.0,33567000000,25010000000,AAPL,Quarterly,income
2022-06-30,USD,35885000000,82959000000,47074000000,47074000000,23076000000,6012000000,6797000000.0,12809000000,,3000000.0,722000000.0,719000000.0,,10000000.0,,2805000000.0,23066000000,3624000000,,19442000000.0,,23785000000.0,26590000000,19442000000,AAPL,Quarterly,income
2022-09-30,USD,170782000000,394328000000,223546000000,223546000000,119437000000,25094000000,26251000000.0,51573000000,,-106000000.0,2825000000.0,2931000000.0,,334000000.0,,11104000000.0,119103000000,19300000000,,99803000000.0,,119437000000.0,130541000000,99803000000,AAPL,Annual,income
2022-09-30,USD,38095000000,90146000000,52051000000,52051000000,24894000000,6440000000,6761000000.0,13201000000,,-74000000.0,753000000.0,827000000.0,,237000000.0,,2865000000.0,24657000000,3936000000,,20721000000.0,,25484000000.0,28349000000,20721000000,AAPL,Quarterly,income
2022-12-31,USD,50332000000,117154000000,66822000000,66822000000,36016000000,6607000000,7709000000.0,14709000000,,-135000000.0,868000000.0,1003000000.0,,-393000000.0,,2916000000.0,35623000000,5625000000,,29998000000.0,,36016000000.0,38932000000,29998000000,AAPL,Quarterly,income
2023-03-31,USD,41976000000,94836000000,52860000000,52860000000,28318000000,6201000000,7457000000.0,13594000000,,-12000000.0,918000000.0,930000000.0,,64000000.0,,2898000000.0,28382000000,4222000000,,24160000000.0,,28318000000.0,31216000000,24160000000,AAPL,Quarterly,income
2023-06-30,USD,36413000000,81797000000,45384000000,45384000000,22998000000,5973000000,7442000000.0,13415000000,,-18000000.0,980000000.0,998000000.0,,-265000000.0,,3052000000.0,22733000000,2852000000,,19881000000.0,,22998000000.0,26050000000,19881000000,AAPL,Quarterly,income
2023-09-30,USD,169148000000,383285000000,214137000000,214137000000,114301000000,24932000000,29915000000.0,54847000000,,-183000000.0,3750000000.0,3933000000.0,,-382000000.0,,11519000000.0,113736000000,16741000000,,96995000000.0,,114301000000.0,125820000000,96995000000,AAPL,Annual,income
2023-09-30,USD,40427000000,89498000000,49071000000,49071000000,26969000000,6151000000,7307000000.0,13411000000,,-18000000.0,984000000.0,1002000000.0,,565000000.0,,2653000000.0,26998000000,4042000000,,22956000000.0,,26969000000.0,29622000000,22956000000,AAPL,Quarterly,income
2023-12-31,USD,54855000000,119575000000,64720000000,64720000000,40373000000,6786000000,7696000000.0,14532000000,,,,1002000000.0,,,,2848000000.0,40323000000,6407000000,,33916000000.0,,40373000000.0,43221000000,33916000000,AAPL,Quarterly,income
2024-03-31,USD,42271000000,90753000000,48482000000,48482000000,27900000000,6468000000,7903000000.0,14213000000,,,,,,,,2836000000.0,28058000000,4422000000,,23636000000.0,,27900000000.0,30736000000,23636000000,AAPL,Quarterly,income
2024-06-30,USD,39678000000,85777000000,46099000000,46099000000,25352000000,6320000000,8006000000.0,14326000000,,,,,,,,2850000000.0,25494000000,4046000000,,21448000000.0,,25352000000.0,28202000000,21448000000,AAPL,Quarterly,income
2024-09-30,USD,180683000000,391035000000,210352000000,210352000000,123216000000,26097000000,31370000000.0,57467000000,,0.0,0.0,0.0,,,,11445000000.0,123485000000,29749000000,,93736000000.0,,123216000000.0,134661000000,93736000000,AAPL,Annual,income
2024-09-30,USD,43879000000,94930000000,51051000000,51051000000,29591000000,6523000000,7765000000.0,14288000000,,,,,,,,2911000000.0,29610000000,14874000000,,14736000000.0,,29591000000.0,32502000000,14736000000,AAPL,Quarterly,income
2024-12-31,USD,58275000000,124300000000,66025000000,66025000000,42832000000,2074000000,8268000000.0,15443000000,,,,,,,,3080000000.0,42584000000,6254000000,,36330000000.0,,42584000000.0,45664000000,36330000000,AAPL,Quarterly,income
2025-03-31,USD,44867000000,95359000000,50492000000,50492000000,29589000000,6728000000,8550000000.0,15278000000,,,,,,,,2661000000.0,29310000000,4530000000,,24780000000.0,,29310000000.0,31971000000,24780000000,AAPL,Quarterly,income
2025-06-30,USD,43718000000,94036000000,50318000000,50318000000,28202000000,6650000000,8866000000.0,15516000000,,,,1000000.0,,,,2830000000.0,28031000000,4597000000,,23434000000.0,,28031000000.0,30861000000,23434000000,AAPL,Quarterly,income
2025-09-30,USD,195201000000,416161000000,220960000000,220960000000,133050000000,27601000000,34550000000.0,62151000000,,,,,,,,11698000000.0,132729000000,20719000000,,112010000000.0,,132729000000.0,144427000000,112010000000,AAPL,Annual,income
2025-09-30,USD,48341000000,102466000000,54125000000,54125000000,32427000000,7048000000,8866000000.0,15914000000,,,,,,,,3127000000.0,32804000000,5338000000,,27466000000.0,,32427000000.0,35554000000,27466000000,AAPL,Quarterly,income
2025-12-31,USD,69231000000,143756000000,74525000000,74525000000,50852000000,2095000000,10887000000.0,18379000000,,,,,,,,3214000000.0,51002000000,8905000000,,42097000000.0,,51002000000.0,54216000000,42097000000,AAPL,Quarterly,income
2026-03-31,USD,54781000000,111184000000,56403000000,56403000000,35885000000,7477000000,11419000000.0,18896000000,,,,,,,,3439000000.0,35833000000,6255000000,,29578000000.0,,35885000000.0,39324000000,29578000000,AAPL,Quarterly,income
2026-06-30,USD,54770000000,109417000000,54647000000,54647000000,35695000000,7346000000,11729000000.0,19075000000,,,,,,,,3320000000.0,36267000000,6478000000,,29789000000.0,,35695000000.0,39015000000,29789000000,AAPL,Quarterly,income
2006-06-30,USD,153000000,2139000000,1986000000,1986000000,47000000,50000000,167000000.0,2092000000,,,,19000000.0,,,,43000000.0,54000000,32000000,,0.0,,47000000.0,90000000,22000000,AMZN,Quarterly,income
2006-09-30,USD,160000000,2307000000,2147000000,2147000000,40000000,54000000,172000000.0,2267000000,,,,21000000.0,,,,63000000.0,38000000,19000000,,0.0,,40000000.0,103000000,19000000,AMZN,Quarterly,income
2006-12-31,USD,857000000,10711000000,9854000000,9854000000,389000000,195000000,662000000.0,10322000000,,,,78000000.0,,,,205000000.0,377000000,187000000,,,,389000000.0,594000000,190000000,AMZN,Annual,income
2006-12-31,USD,335000000,3986000000,3651000000,3651000000,197000000,45000000,177000000.0,3789000000,,,,20000000.0,,,,59000000.0,188000000,91000000,,0.0,,197000000.0,256000000,97000000,AMZN,Quarterly,income
2007-03-31,USD,273000000,3015000000,2742000000,2742000000,145000000,56000000,186000000.0,2870000000,,,,19000000.0,,,,62000000.0,144000000,33000000,,0.0,,145000000.0,207000000,111000000,AMZN,Quarterly,income
2007-06-30,USD,242000000,2886000000,2644000000,2644000000,116000000,58000000,201000000.0,2770000000,,,,19000000.0,,,,60000000.0,111000000,33000000,,0.0,,116000000.0,176000000,78000000,AMZN,Quarterly,income
2007-09-30,USD,257000000,3262000000,3005000000,3005000000,123000000,57000000,209000000.0,3139000000,,,,19000000.0,,,,61000000.0,124000000,44000000,,0.0,,123000000.0,184000000,80000000,AMZN,Quarterly,income
2007-12-31,USD,1243000000,14835000000,13592000000,13592000000,655000000,235000000,818000000.0,14180000000,,,,77000000.0,,,,246000000.0,660000000,184000000,,,,655000000.0,901000000,476000000,AMZN,Annual,income
2007-12-31,USD,471000000,5672000000,5201000000,5201000000,271000000,64000000,222000000.0,5401000000,,,,20000000.0,,,,63000000.0,281000000,74000000,,0.0,,271000000.0,334000000,207000000,AMZN,Quarterly,income
2008-03-31,USD,368000000,4135000000,3767000000,3767000000,198000000,61000000,234000000.0,3937000000,,,,22000000.0,,,,65000000.0,207000000,62000000,,0.0,,198000000.0,263000000,143000000,AMZN,Quarterly,income
2008-06-30,USD,348000000,4063000000,3715000000,3715000000,217000000,74000000,258000000.0,3846000000,,,,21000000.0,,,,70000000.0,208000000,46000000,,0.0,,217000000.0,287000000,158000000,AMZN,Quarterly,income
2008-09-30,USD,342000000,4264000000,3922000000,3922000000,154000000,73000000,264000000.0,4110000000,,,,17000000.0,,,,76000000.0,182000000,59000000,,0.0,,154000000.0,230000000,118000000,AMZN,Quarterly,income
2008-12-31,USD,1579000000,19166000000,17587000000,17587000000,842000000,279000000,1033000000.0,18324000000,,,,71000000.0,,,,287000000.0,901000000,247000000,,,,842000000.0,1129000000,645000000,AMZN,Annual,income
2008-12-31,USD,522000000,6704000000,6182000000,6182000000,273000000,71000000,277000000.0,6431000000,,,,11000000.0,,,,77000000.0,303000000,80000000,,0.0,,273000000.0,350000000,225000000,AMZN,Quarterly,income
2009-03-31,USD,451000000,4889000000,4438000000,4438000000,244000000,68000000,275000000.0,4645000000,,,,12000000.0,,,,87000000.0,248000000,69000000,,0.0,,244000000.0,331000000,177000000,AMZN,Quarterly,income
2009-06-30,USD,425000000,4651000000,4226000000,4226000000,159000000,77000000,299000000.0,4492000000,,,,7000000.0,,29000000.0,,84000000.0,179000000,39000000,,140000000.0,,159000000.0,243000000,142000000,AMZN,Quarterly,income
2009-09-30,USD,492000000,5449000000,4957000000,4957000000,251000000,83000000,315000000.0,5198000000,,,,7000000.0,,15000000.0,,96000000.0,262000000,60000000,,202000000.0,,251000000.0,347000000,199000000,AMZN,Quarterly,income
2009-12-31,USD,2239000000,24509000000,22270000000,22270000000,1129000000,328000000,1240000000.0,23380000000,,,,34000000.0,,60000000.0,,378000000.0,1161000000,253000000,,908000000.0,,1129000000.0,1507000000,902000000,AMZN,Annual,income
2009-12-31,USD,872000000,9520000000,8648000000,8648000000,476000000,100000000,1240000000.0,9044000000,,,,8000000.0,,,,112000000.0,471000000,85000000,,0.0,,476000000.0,588000000,384000000,AMZN,Quarterly,income
2010-03-31,USD,718000000,7131000000,6413000000,6413000000,394000000,97000000,366000000.0,6737000000,,,,7000000.0,,12000000.0,,119000000.0,401000000,100000000,,301000000.0,,394000000.0,513000000,299000000,AMZN,Quarterly,income
2010-06-30,USD,619000000,6566000000,5947000000,5947000000,270000000,113000000,408000000.0,6296000000,,,,9000000.0,,34000000.0,,129000000.0,297000000,88000000,,209000000.0,,270000000.0,399000000,207000000,AMZN,Quarterly,income
2010-09-30,USD,652000000,7560000000,6908000000,6908000000,268000000,117000000,442000000.0,7292000000,,,,11000000.0,,53000000.0,,150000000.0,292000000,79000000,,213000000.0,,268000000.0,418000000,231000000,AMZN,Quarterly,income
2010-12-31,USD,3011000000,34204000000,31193000000,31193000000,1406000000,470000000,1734000000.0,32798000000,,,,39000000.0,,137000000.0,,568000000.0,1497000000,352000000,,1145000000.0,,1406000000.0,1974000000,1152000000,AMZN,Annual,income
2010-12-31,USD,1021000000,12947000000,11926000000,11926000000,474000000,143000000,884000000.0,12473000000,,,,11000000.0,,38000000.0,,170000000.0,506000000,84000000,,422000000.0,,474000000.0,644000000,416000000,AMZN,Quarterly,income
2011-03-31,USD,815000000,9857000000,9042000000,9042000000,322000000,133000000,579000000.0,9535000000,,,,12000000.0,,-20000000.0,,202000000.0,307000000,89000000,,218000000.0,,322000000.0,524000000,201000000,AMZN,Quarterly,income
2011-06-30,USD,749000000,9913000000,9164000000,9164000000,201000000,166000000,698000000.0,9712000000,,,,15000000.0,,54000000.0,,244000000.0,225000000,49000000,,176000000.0,,201000000.0,445000000,191000000,AMZN,Quarterly,income
2011-09-30,USD,661000000,10876000000,10215000000,10215000000,79000000,175000000,769000000.0,10797000000,,,,17000000.0,,68000000.0,,278000000.0,130000000,67000000,,63000000.0,,79000000.0,357000000,63000000,AMZN,Quarterly,income
2011-12-31,USD,3304000000,48077000000,44773000000,44773000000,862000000,658000000,2909000000.0,47215000000,,,,65000000.0,,125000000.0,,1083000000.0,934000000,291000000,,643000000.0,,862000000.0,1945000000,631000000,AMZN,Annual,income
2011-12-31,USD,1080000000,17431000000,16351000000,16351000000,260000000,184000000,863000000.0,17171000000,,,,20000000.0,,23000000.0,,359000000.0,273000000,86000000,,186000000.0,,260000000.0,619000000,177000000,AMZN,Quarterly,income
2012-03-31,USD,918000000,13185000000,12267000000,12267000000,192000000,200000000,945000000.0,12993000000,,,,21000000.0,,2000000.0,,457000000.0,84000000,43000000,,41000000.0,,192000000.0,649000000,130000000,AMZN,Quarterly,income
2012-06-30,USD,908000000,12834000000,11926000000,11926000000,107000000,232000000,1082000000.0,12727000000,,,,21000000.0,,30000000.0,,485000000.0,146000000,109000000,,37000000.0,,107000000.0,592000000,7000000,AMZN,Quarterly,income
2012-09-30,USD,3487000000,13806000000,10319000000,10319000000,-28000000,230000000,85000000.0,13834000000,,,,22000000.0,,-141000000.0,,469000000.0,-191000000,83000000,,-105000000.0,,-28000000.0,441000000,-274000000,AMZN,Quarterly,income
2012-12-31,USD,4139000000,61093000000,56954000000,56954000000,676000000,896000000,4564000000.0,60417000000,,,,92000000.0,,-195000000.0,,2159000000.0,544000000,428000000,,116000000.0,,676000000.0,2835000000,-39000000,AMZN,Annual,income
2012-12-31,USD,5131000000,21268000000,16137000000,16137000000,405000000,235000000,94000000.0,20863000000,,,,28000000.0,,-86000000.0,,568000000.0,292000000,194000000,,143000000.0,,405000000.0,973000000,98000000,AMZN,Quarterly,income
2013-03-31,USD,4269000000,16070000000,11801000000,11801000000,181000000,246000000,101000000.0,15889000000,,,,33000000.0,,-84000000.0,,599000000.0,64000000,18000000,,99000000.0,,181000000.0,780000000,82000000,AMZN,Quarterly,income
2013-06-30,USD,4495000000,15704000000,11209000000,11209000000,79000000,286000000,107000000.0,15625000000,,,,33000000.0,,-40000000.0,,649000000.0,6000000,13000000,,4000000.0,,79000000.0,728000000,-7000000,AMZN,Quarterly,income
2013-09-30,USD,4726000000,17092000000,12366000000,12366000000,-25000000,278000000,117000000.0,17117000000,,,,36000000.0,,8000000.0,,717000000.0,-53000000,12000000,,-31000000.0,,-25000000.0,692000000,-41000000,AMZN,Quarterly,income
2013-12-31,USD,5121000000,74452000000,69331000000,69331000000,745000000,1129000000,6565000000.0,73707000000,,,,141000000.0,,-169000000.0,,3253000000.0,506000000,161000000,,345000000.0,,745000000.0,3998000000,274000000,AMZN,Annual,income
2013-12-31,USD,6781000000,25587000000,18806000000,18806000000,510000000,318000000,125000000.0,25077000000,,,,39000000.0,,-53000000.0,,837000000.0,419000000,179000000,,273000000.0,,510000000.0,1347000000,240000000,AMZN,Quarterly,income
2014-03-31,USD,5686000000,19741000000,14055000000,14055000000,146000000,327000000,133000000.0,19595000000,,,,42000000.0,,77000000.0,,877000000.0,181000000,73000000,,47000000.0,,146000000.0,1023000000,108000000,AMZN,Quarterly,income
2014-06-30,USD,5941000000,19340000000,13399000000,13399000000,-15000000,377000000,139000000.0,19355000000,,,,45000000.0,,28000000.0,,970000000.0,-32000000,94000000,,-121000000.0,,-15000000.0,955000000,-126000000,AMZN,Quarterly,income
2014-09-30,USD,5952000000,20579000000,14627000000,14627000000,-544000000,406000000,138000000.0,21123000000,,,,49000000.0,,-49000000.0,,1109000000.0,-642000000,205000000,,-429000000.0,,-544000000.0,565000000,-437000000,AMZN,Quarterly,income
2014-12-31,USD,6195000000,88988000000,82793000000,82793000000,178000000,1552000000,9275000000.0,88810000000,,,,210000000.0,,-42000000.0,,4746000000.0,-111000000,167000000,,-278000000.0,,178000000.0,4924000000,-241000000,AMZN,Annual,income
2014-12-31,USD,8657000000,29329000000,20672000000,20672000000,590000000,442000000,148000000.0,28739000000,,,,74000000.0,,-98000000.0,,1232000000.0,419000000,205000000,,225000000.0,,590000000.0,1822000000,214000000,AMZN,Quarterly,income
2015-03-31,USD,7322000000,22717000000,15395000000,15395000000,255000000,427000000,152000000.0,22462000000,,,,115000000.0,,-126000000.0,,1274000000.0,14000000,71000000,,-50000000.0,,255000000.0,1529000000,-57000000,AMZN,Quarterly,income
2015-06-30,USD,8025000000,23185000000,15160000000,15160000000,464000000,467000000,157000000.0,22721000000,,,,114000000.0,,8000000.0,,1347000000.0,358000000,266000000,,96000000.0,,464000000.0,1811000000,92000000,AMZN,Quarterly,income
2015-09-30,USD,8603000000,25358000000,16755000000,16755000000,406000000,463000000,159000000.0,24952000000,,,,116000000.0,,-50000000.0,,1440000000.0,240000000,161000000,,86000000.0,,406000000.0,1846000000,79000000,AMZN,Quarterly,income
2015-12-31,USD,9405000000,107006000000,97601000000,97601000000,2233000000,1747000000,12540000000.0,104773000000,,,680000000.0,459000000.0,,-228000000.0,,6281000000.0,1568000000,950000000,,618000000.0,,2233000000.0,8514000000,596000000,AMZN,Annual,income
2015-12-31,USD,11406000000,35747000000,24341000000,24341000000,1109000000,390000000,167000000.0,34638000000,,,,115000000.0,,-60000000.0,,1585000000.0,934000000,452000000,,486000000.0,,1109000000.0,2694000000,482000000,AMZN,Quarterly,income
2016-03-31,USD,10262000000,29128000000,18866000000,18866000000,1071000000,497000000,161000000.0,28057000000,,,,117000000.0,,34000000.0,,1666000000.0,988000000,475000000,,581000000.0,,1071000000.0,2737000000,513000000,AMZN,Quarterly,income
2016-06-30,USD,11224000000,30404000000,19180000000,19180000000,1285000000,580000000,160000000.0,29119000000,,,,116000000.0,,-5000000.0,,1749000000.0,1164000000,307000000,,872000000.0,,1285000000.0,3034000000,857000000,AMZN,Quarterly,income
2016-09-30,USD,11454000000,32714000000,21260000000,21260000000,575000000,639000000,160000000.0,32139000000,,,,118000000.0,,24000000.0,,1924000000.0,481000000,229000000,,262000000.0,,575000000.0,2499000000,252000000,AMZN,Quarterly,income
2016-12-31,USD,14018000000,135987000000,121969000000,121969000000,4186000000,2432000000,16085000000.0,131801000000,,-384000000.0,100000000.0,484000000.0,,94000000.0,,8116000000.0,3892000000,1425000000,,2467000000.0,,4186000000.0,12302000000,2371000000,AMZN,Annual,income
2016-12-31,USD,-18922000000,43741000000,62663000000,62663000000,1255000000,717000000,999000000.0,42486000000,,,,133000000.0,,41000000.0,,2297000000.0,1166000000,414000000,,752000000.0,,1255000000.0,3552000000,749000000,AMZN,Quarterly,income
2017-03-31,USD,13274000000,35714000000,22440000000,22440000000,1005000000,795000000,4402000000.0,34709000000,,,,139000000.0,,87000000.0,,2285000000.0,953000000,229000000,,724000000.0,,1005000000.0,3290000000,724000000,AMZN,Quarterly,income
2017-06-30,USD,14504000000,37955000000,23451000000,23451000000,628000000,874000000,145000000.0,37327000000,,,,143000000.0,,179000000.0,,2488000000.0,664000000,467000000,,199000000.0,,628000000.0,3116000000,197000000,AMZN,Quarterly,income
2017-09-30,USD,16195000000,43744000000,27549000000,27549000000,347000000,960000000,128000000.0,43397000000,,,,228000000.0,,195000000.0,,2784000000.0,314000000,58000000,,258000000.0,,347000000.0,3131000000,256000000,AMZN,Quarterly,income
2017-12-31,USD,65932000000,177866000000,111934000000,111934000000,4106000000,3674000000,22620000000.0,173760000000,,-646000000.0,202000000.0,848000000.0,,544000000.0,,11478000000.0,3806000000,1558000000,,3037000000.0,,4106000000.0,15584000000,3033000000,AMZN,Annual,income
2017-12-31,USD,21959000000,60453000000,38494000000,38494000000,2127000000,1044000000,221000000.0,58326000000,,,,339000000.0,,83000000.0,,3498000000.0,1872000000,16000000,,1856000000.0,,2127000000.0,5625000000,1856000000,AMZN,Quarterly,income
2018-03-31,USD,20307000000,51042000000,30735000000,30735000000,1927000000,1067000000,5968000000.0,49115000000,,,,330000000.0,,319000000.0,,3671000000.0,1916000000,287000000,,1629000000.0,,1927000000.0,5598000000,1629000000,AMZN,Quarterly,income
2018-06-30,USD,22254000000,52886000000,30632000000,30632000000,2983000000,1111000000,6432000000.0,49903000000,,,,343000000.0,,-32000000.0,,3630000000.0,2608000000,74000000,,2531000000.0,,2983000000.0,6613000000,2534000000,AMZN,Quarterly,income
2018-09-30,USD,23573000000,56576000000,33003000000,33003000000,3724000000,1041000000,6303000000.0,52852000000,,,,358000000.0,,25000000.0,,3778000000.0,3391000000,508000000,,2882000000.0,,3724000000.0,7502000000,2883000000,AMZN,Quarterly,income
2018-12-31,USD,93731000000,232887000000,139156000000,139156000000,12421000000,4336000000,28837000000.0,220466000000,,-977000000.0,440000000.0,1417000000.0,,266000000.0,,15341000000.0,11261000000,1354000000,,10064000000.0,,12421000000.0,27762000000,10073000000,AMZN,Annual,income
2018-12-31,USD,27597000000,72383000000,44786000000,44786000000,3786000000,1117000000,1452000000.0,68597000000,,,,387000000.0,,-46000000.0,,4262000000.0,3350000000,327000000,,3022000000.0,,3786000000.0,8048000000,3027000000,AMZN,Quarterly,income
2019-03-31,USD,25780000000,59700000000,33920000000,33920000000,4420000000,1173000000,6841000000.0,55280000000,,-183000000.0,183000000.0,366000000.0,,343000000.0,,4854000000.0,4397000000,836000000,,3565000000.0,,4420000000.0,9274000000,3561000000,AMZN,Quarterly,income
2019-06-30,USD,27067000000,63404000000,36337000000,36337000000,3084000000,1270000000,7910000000.0,60320000000,,-168000000.0,215000000.0,383000000.0,,181000000.0,,5202000000.0,2882000000,257000000,,2632000000.0,,3084000000.0,8286000000,2625000000,AMZN,Quarterly,income
2019-09-30,USD,28679000000,69981000000,41302000000,41302000000,3020000000,1348000000,8022000000.0,66961000000,,-172000000.0,224000000.0,396000000.0,,-133000000.0,,5563000000.0,2628000000,494000000,,2138000000.0,,3020000000.0,8583000000,2134000000,AMZN,Quarterly,income
2019-12-31,USD,114986000000,280522000000,165536000000,165536000000,14541000000,5203000000,35931000000.0,265981000000,,-768000000.0,832000000.0,1600000000.0,,1021000000.0,,22824000000.0,13976000000,2374000000,,11602000000.0,,14541000000.0,37365000000,11588000000,AMZN,Annual,income
2019-12-31,USD,21267000000,87436000000,66169000000,66169000000,3880000000,7583000000,9740000000.0,17322000000,,-244000000.0,211000000.0,455000000.0,,630000000.0,,6170000000.0,4054000000,787000000,,3267000000.0,,3880000000.0,10050000000,3268000000,AMZN,Quarterly,income
2020-03-31,USD,31195000000,75452000000,44257000000,44257000000,3989000000,1452000000,7993000000.0,27134027000,,-200000000.0,202000000.0,402000000.0,,-308000000.0,,5362000000.0,3279000000,744000000,,2639000000.0,,3989000000.0,9351000000,2535000000,AMZN,Quarterly,income
2020-06-30,USD,36252000000,88912000000,52660000000,52660000000,5843000000,1580000000,8945000000.0,30326583000,,-268000000.0,135000000.0,403000000.0,,787000000.0,,5748000000.0,6227000000,984000000,,5237000000.0,,5843000000.0,11591000000,5243000000,AMZN,Quarterly,income
2020-09-30,USD,39039000000,96145000000,57106000000,57106000000,6194000000,1668000000,9334000000.0,32756065000,,-310000000.0,118000000.0,428000000.0,,1134000000.0,,6523000000.0,6900000000,569000000,,6240000000.0,,6194000000.0,12717000000,6331000000,AMZN,Quarterly,income
2020-12-31,USD,152757000000,386064000000,233307000000,233307000000,22899000000,6668000000,42740000000.0,363165000000,,-1092000000.0,555000000.0,1647000000.0,,2371000000.0,,25180000000.0,24178000000,2863000000,,21315000000.0,,22899000000.0,48079000000,21331000000,AMZN,Annual,income
2020-12-31,USD,46271000000,125555000000,79284000000,79284000000,6873000000,1968000000,5242000000.0,39386131800,,-314000000.0,100000000.0,414000000.0,,1329000000.0,,7618000000.0,7765000000,566000000,,7199000000.0,,6873000000.0,14491000000,7222000000,AMZN,Quarterly,income
2021-03-31,USD,46115000000,108518000000,62403000000,62403000000,8865000000,1987000000,10584000000.0,37152039000,,-294000000.0,105000000.0,399000000.0,,1797000000.0,,7508000000.0,10263000000,2156000000,,8107000000.0,,8865000000.0,16373000000,8107000000,AMZN,Quarterly,income
2021-06-30,USD,48904000000,113080000000,64176000000,64176000000,7702000000,2158000000,11794000000.0,41097895000,,-329000000.0,106000000.0,435000000.0,,1379000000.0,,8038000000.0,8646000000,868000000,,7778000000.0,,7702000000.0,15740000000,7778000000,AMZN,Quarterly,income
2021-09-30,USD,47882000000,110812000000,62930000000,62930000000,4852000000,2153000000,12097000000.0,42923873000,,-374000000.0,119000000.0,493000000.0,,-48000000.0,,8948000000.0,4311000000,1155000000,,3156000000.0,,4852000000.0,13800000000,3156000000,AMZN,Quarterly,income
2021-12-31,USD,197478000000,469822000000,272344000000,272344000000,24879000000,8823000000,56052000000.0,444943000000,,-1361000000.0,448000000.0,1809000000.0,,14633000000.0,,34433000000.0,38151000000,4791000000,,33360000000.0,,24879000000.0,59312000000,33364000000,AMZN,Annual,income
2021-12-31,USD,54577000000,137412000000,82835000000,82835000000,3460000000,2525000000,2001000000.0,50983048000,,-364000000.0,118000000.0,482000000.0,,11957000000.0,,9802000000.0,14934000000,612000000,,14322000000.0,,3460000000.0,13262000000,14323000000,AMZN,Quarterly,income
2022-03-31,USD,49945000000,116444000000,66499000000,66499000000,3669000000,2594000000,12270000000.0,46154654000,,-364000000.0,108000000.0,472000000.0,,-8463000000.0,,9193000000.0,-5266000000,-1422000000,,-3843000000.0,,3669000000.0,12862000000,-3844000000,AMZN,Quarterly,income
2022-06-30,USD,54810000000,121234000000,66424000000,66424000000,3317000000,2903000000,15468000000.0,51369526000,,-425000000.0,159000000.0,584000000.0,,-5398000000.0,,9716000000.0,-2665000000,637000000,,-2016000000.0,,3317000000.0,13033000000,-2028000000,AMZN,Quarterly,income
2022-09-30,USD,56833000000,127101000000,70268000000,70268000000,2525000000,3061000000,16787000000.0,54184180000,,-340000000.0,277000000.0,617000000.0,,1033000000.0,,10204000000.0,2941000000,69000000,,2875000000.0,,2525000000.0,12729000000,2872000000,AMZN,Quarterly,income
2022-12-31,USD,225152000000,513983000000,288831000000,288831000000,12248000000,11891000000,73213000000.0,501735000000,,-1378000000.0,989000000.0,2367000000.0,,-16806000000.0,,41921000000.0,-5936000000,-3217000000,,-2722000000.0,,12248000000.0,54169000000,-2722000000,AMZN,Annual,income
2022-12-31,USD,63564000000,149204000000,85640000000,85640000000,2547000000,3333000000,3653000000.0,60258000000,,-249000000.0,445000000.0,694000000.0,,-2992000000.0,,12685000000.0,-962000000,-1227000000,,265000000.0,,2547000000.0,15232000000,278000000,AMZN,Quarterly,income
2023-03-31,USD,59567000000,127358000000,67791000000,67791000000,4774000000,3043000000,17420000000.0,54570000000,,-212000000.0,611000000.0,823000000.0,,169000000.0,,11123000000.0,4120000000,948000000,,3171000000.0,,4774000000.0,15897000000,3172000000,AMZN,Quarterly,income
2023-06-30,USD,65010000000,134383000000,69373000000,69373000000,7681000000,3202000000,18829000000.0,57183000000,,-179000000.0,661000000.0,840000000.0,,713000000.0,,11589000000.0,7554000000,804000000,,6759000000.0,,7681000000.0,19270000000,6750000000,AMZN,Quarterly,income
2023-09-30,USD,68061000000,143083000000,75022000000,75022000000,11188000000,2561000000,21203000000.0,56629000000,,-30000000.0,1072000000.0,806000000.0,,,,12131000000.0,12189000000,2306000000,,9879000000.0,,11188000000.0,23319000000,9879000000,AMZN,Quarterly,income
2023-12-31,USD,270046000000,574785000000,304739000000,304739000000,36852000000,11816000000,85622000000.0,232427000000,,-670000000.0,2493000000.0,3182000000.0,,,,48663000000.0,37557000000,7120000000,,20079000000.0,,36852000000.0,85515000000,30425000000,AMZN,Annual,income
2023-12-31,USD,77408000000,169961000000,92553000000,92553000000,13209000000,3010000000,22038000000.0,64045000000,,188000000.0,901000000.0,713000000.0,,,,13820000000.0,13686000000,3062000000,,10624000000.0,,13209000000.0,27029000000,10624000000,AMZN,Quarterly,income
2024-03-31,USD,70680000000,143313000000,72633000000,72633000000,15307000000,2742000000,16960000000.0,55145000000,,349000000.0,993000000.0,644000000.0,,,,11684000000.0,12898000000,2467000000,,10431000000.0,,15307000000.0,26991000000,10431000000,AMZN,Quarterly,income
2024-06-30,USD,74192000000,147977000000,73785000000,73785000000,14769000000,3041000000,22304000000.0,59423000000,,,,589000000.0,,,,12038000000.0,15245000000,1767000000,,,,14769000000.0,26807000000,13485000000,AMZN,Quarterly,income
2024-09-30,USD,77900000000,158877000000,80977000000,80977000000,17411000000,2713000000,22245000000.0,60489000000,,653000000.0,1256000000.0,603000000.0,,,,13442000000.0,18034000000,2706000000,,15328000000.0,,18640000000.0,32082000000,15328000000,AMZN,Quarterly,income
2024-12-31,USD,311671000000,637959000000,326288000000,326288000000,68593000000,11359000000,88544000000.0,243078000000,,2271000000.0,4677000000.0,2406000000.0,,,,52795000000.0,68513000000,9265000000,,59248000000.0,,71020000000.0,123815000000,59248000000,AMZN,Annual,income
2024-12-31,USD,88899000000,187792000000,98893000000,98893000000,21203000000,2863000000,23571000000.0,67696000000,,678000000.0,1248000000.0,570000000.0,,,,15631000000.0,22329000000,2325000000,,20004000000.0,,22919000000.0,38550000000,20004000000,AMZN,Quarterly,income
2025-03-31,USD,78691000000,155667000000,76976000000,76976000000,18405000000,2628000000,22994000000.0,60286000000,,525000000.0,1066000000.0,541000000.0,,,,14262000000.0,21680000000,4553000000,,17127000000.0,,22220000000.0,36482000000,17127000000,AMZN,Quarterly,income
2025-06-30,USD,86893000000,167702000000,80809000000,80809000000,19171000000,2965000000,27166000000.0,67722000000,,569000000.0,569000000.0,516000000.0,,,,15227000000.0,20842000000,2678000000,,18164000000.0,,21373000000.0,36600000000,18164000000,AMZN,Quarterly,income
2025-09-30,USD,91499000000,180169000000,88670000000,88670000000,17422000000,2875000000,28962000000.0,74077000000,,562000000.0,1100000000.0,538000000.0,,,,16796000000.0,28097000000,6910000000,,21187000000.0,,28708000000.0,45504000000,21187000000,AMZN,Quarterly,income
2025-12-31,USD,360510000000,716924000000,356414000000,356414000000,79975000000,11172000000,108521000000.0,280535000000,,2107000000.0,2107000000.0,2274000000.0,,,,65756000000.0,96757000000,19087000000,,77670000000.0,,99585000000.0,165341000000,77670000000,AMZN,Annual,income
2025-12-31,USD,103427000000,213386000000,109959000000,109959000000,24977000000,2704000000,29399000000.0,78450000000,,451000000.0,451000000.0,679000000.0,,,,19471000000.0,26138000000,4946000000,,21192000000.0,,27284000000.0,46755000000,21192000000,AMZN,Quarterly,income
2026-03-31,USD,94056000000,181519000000,87463000000,87463000000,23852000000,2587000000,29567000000.0,70204000000,,335000000.0,1135000000.0,800000000.0,,,,18945000000.0,39834000000,9560000000,,30255000000.0,,40634000000.0,59579000000,30255000000,AMZN,Quarterly,income
2026-06-30,None,104828000000,200606000000,95778000000,95778000000,27461000000,2788000000,33158000000.0,77367000000,,,,1314000000.0,,,,19988000000.0,80857000000,18199000000,,,,82171000000.0,102159000000,62647000000,AMZN,Quarterly,income
2006-06-30,USD,8434000000,21310000000,12876000000,12876000000,1996000000,4916000000,1522000000.0,6438000000,,,,72000000.0,,,,1247000000.0,2889000000,867000000,,0.0,,2961000000.0,4208000000,2022000000,IBM,Quarterly,income
2006-09-30,USD,8901000000,22026000000,13126000000,13126000000,2236000000,5121000000,1543000000.0,6664000000,,,,70000000.0,,,,1228000000.0,3174000000,952000000,,0.0,,3244000000.0,4472000000,2222000000,IBM,Quarterly,income
2006-12-31,USD,38295000000,91424000000,53129000000,53129000000,11929000000,20259000000,6107000000.0,26366000000,,,,278000000.0,,,,4983000000.0,13317000000,3901000000,,,,13595000000.0,18578000000,9492000000,IBM,Annual,income
2006-12-31,USD,11701000000,26258000000,14556000000,14556000000,4495000000,5620000000,1587000000.0,7207000000,,,,71000000.0,,,,1300000000.0,4814000000,1350000000,,0.0,,4885000000.0,6185000000,3540000000,IBM,Quarterly,income
2007-03-31,USD,8245000000,21408000000,13163000000,13163000000,1647000000,5089000000,1509000000.0,6598000000,,,,73000000.0,,,,1240000000.0,2579000000,735000000,,0.0,,2652000000.0,3892000000,1844000000,IBM,Quarterly,income
2007-06-30,USD,9336000000,23170000000,13834000000,13834000000,2171000000,5631000000,1534000000.0,7165000000,,,,130000000.0,,,,1284000000.0,3142000000,881000000,,0.0,,3272000000.0,4556000000,2260000000,IBM,Quarterly,income
2007-09-30,USD,9956000000,24119000000,14163000000,14163000000,3108000000,5324000000,1524000000.0,6848000000,,,,193000000.0,,,,1340000000.0,3280000000,918000000,,0.0,,3473000000.0,4813000000,2361000000,IBM,Quarterly,income
2007-12-31,USD,41729000000,98786000000,57057000000,57057000000,13516000000,22060000000,6153000000.0,28213000000,,,,611000000.0,,,,5201000000.0,14489000000,4071000000,,,,15100000000.0,20301000000,10418000000,IBM,Annual,income
2007-12-31,USD,14821000000,30718000000,15897000000,15897000000,7220000000,6016000000,1585000000.0,7601000000,,,,215000000.0,,,,1337000000.0,5488000000,1537000000,,0.0,,5703000000.0,7040000000,3952000000,IBM,Quarterly,income
2008-03-31,USD,10166000000,24502000000,14336000000,14336000000,2977000000,5253000000,1569000000.0,7189000000,,,,178000000.0,,,,1347000000.0,3198000000,879000000,,0.0,,3376000000.0,4723000000,2319000000,IBM,Quarterly,income
2008-06-30,USD,11599000000,26820000000,15221000000,15221000000,3649000000,5814000000,1660000000.0,7950000000,,,,145000000.0,,,,1403000000.0,3814000000,1049000000,,0.0,,3959000000.0,5362000000,2765000000,IBM,Quarterly,income
2008-09-30,USD,10959000000,25302000000,14342000000,14342000000,3864000000,5126000000,1579000000.0,7096000000,,,,159000000.0,,,,1379000000.0,3895000000,1071000000,,0.0,,4054000000.0,5433000000,2824000000,IBM,Quarterly,income
2008-12-31,USD,45661000000,103630000000,57969000000,57969000000,15939000000,21514000000,6337000000.0,29722000000,,,,673000000.0,,,,5450000000.0,16715000000,4381000000,,,,17388000000.0,22838000000,12334000000,IBM,Annual,income
2008-12-31,USD,12936000000,27007000000,14071000000,14071000000,5575000000,5833000000,1528000000.0,7361000000,,,,191000000.0,,,,1321000000.0,5808000000,1382000000,,0.0,,5999000000.0,7320000000,4427000000,IBM,Quarterly,income
2009-03-31,USD,9431000000,21711000000,12280000000,12280000000,2688000000,4805000000,1480000000.0,6743000000,,,,136000000.0,,,,1229000000.0,3122000000,827000000,,0.0,,3258000000.0,4487000000,2295000000,IBM,Quarterly,income
2009-06-30,USD,10581000000,23250000000,12669000000,12669000000,4056000000,4716000000,1434000000.0,6525000000,,,,101000000.0,,,,1242000000.0,4262000000,1159000000,,0.0,,4363000000.0,5605000000,3103000000,IBM,Quarterly,income
2009-09-30,USD,10627000000,23566000000,12939000000,12939000000,4144000000,4641000000,1446000000.0,6483000000,,,,84000000.0,,,,1258000000.0,4373000000,1159000000,,0.0,,4457000000.0,5715000000,3214000000,IBM,Quarterly,income
2009-12-31,USD,43785000000,95758000000,51973000000,51973000000,17012000000,19269000000,5820000000.0,26773000000,,,,402000000.0,,351000000.0,,4994000000.0,18138000000,4713000000,,13425000000.0,,18540000000.0,23534000000,13425000000,IBM,Annual,income
2009-12-31,USD,13145000000,27230000000,14085000000,14085000000,6027000000,5103000000,1460000000.0,7118000000,,,,81000000.0,,,,1265000000.0,6381000000,1568000000,,0.0,,6462000000.0,7727000000,4813000000,IBM,Quarterly,income
2010-03-31,USD,9978000000,22858000000,12880000000,12880000000,2794000000,5309000000,1509000000.0,7184000000,,,,101000000.0,,545000000.0,,1210000000.0,3515000000,914000000,,2601000000.0,,3616000000.0,4826000000,2601000000,IBM,Quarterly,income
2010-06-30,USD,10808000000,23723000000,12915000000,12915000000,4271000000,4655000000,1475000000.0,6537000000,,,,90000000.0,,95000000.0,,1183000000.0,4575000000,1190000000,,3385000000.0,,4665000000.0,5848000000,3386000000,IBM,Quarterly,income
2010-09-30,USD,11001000000,24271000000,13270000000,13270000000,4389000000,4769000000,1464000000.0,6612000000,,,,95000000.0,,106000000.0,,1203000000.0,4677000000,1088000000,,3589000000.0,,4772000000.0,5975000000,3589000000,IBM,Quarterly,income
2010-12-31,USD,46014000000,99871000000,53857000000,53857000000,19985000000,20208000000,6026000000.0,26670000000,,,,368000000.0,,787000000.0,,4831000000.0,19723000000,4890000000,,14833000000.0,,20091000000.0,24922000000,14833000000,IBM,Annual,income
2010-12-31,USD,14227000000,29018000000,14792000000,14792000000,6687000000,5474000000,1578000000.0,7539000000,,,,101000000.0,,41000000.0,,1235000000.0,6955000000,1698000000,,5258000000.0,,7056000000.0,8291000000,5257000000,IBM,Quarterly,income
2011-03-31,USD,10858000000,24607000000,13749000000,13749000000,3433000000,5442000000,1587000000.0,7425000000,,,,93000000.0,,202000000.0,,1228000000.0,3817000000,954000000,,2863000000.0,,3910000000.0,5138000000,2863000000,IBM,Quarterly,income
2011-06-30,USD,12385000000,26667000000,14282000000,14282000000,4785000000,5585000000,1569000000.0,7600000000,,,,97000000.0,,-97000000.0,,1207000000.0,4885000000,1221000000,,3664000000.0,,4982000000.0,6189000000,3664000000,IBM,Quarterly,income
2011-09-30,USD,12173000000,26157000000,13984000000,13984000000,4966000000,5247000000,1546000000.0,7207000000,,,,107000000.0,,-128000000.0,,1192000000.0,5027000000,1188000000,,3839000000.0,,5134000000.0,6326000000,3839000000,IBM,Quarterly,income
2011-12-31,USD,50138000000,106916000000,56778000000,56778000000,21922000000,21844000000,6258000000.0,28656000000,,,,411000000.0,,20000000.0,,4815000000.0,21003000000,5148000000,,15855000000.0,,21414000000.0,26229000000,15855000000,IBM,Annual,income
2011-12-31,USD,14722000000,29486000000,14764000000,14764000000,7091000000,5570000000,1555000000.0,7631000000,,,,113000000.0,,43000000.0,,1188000000.0,7274000000,1784000000,,5489000000.0,,7387000000.0,8575000000,5490000000,IBM,Quarterly,income
2012-03-31,USD,11118000000,24673000000,13555000000,13555000000,3894000000,5484000000,1601000000.0,7224000000,,,,110000000.0,,58000000.0,,1157000000.0,3836000000,769000000,,3067000000.0,,3946000000.0,5103000000,3066000000,IBM,Quarterly,income
2012-06-30,USD,12281000000,25782000000,13502000000,13502000000,5149000000,5409000000,1587000000.0,7131000000,,,,117000000.0,,132000000.0,,1176000000.0,5161000000,1280000000,,3881000000.0,,5278000000.0,6454000000,3881000000,IBM,Quarterly,income
2012-09-30,USD,11732000000,24747000000,13016000000,13016000000,4608000000,5480000000,1534000000.0,7123000000,,,,124000000.0,,606000000.0,,1191000000.0,5074000000,1251000000,,3823000000.0,,5198000000.0,6389000000,3824000000,IBM,Quarterly,income
2012-12-31,USD,50361000000,102874000000,52513000000,52513000000,22990000000,21746000000,5816000000.0,28155000000,,,,459000000.0,,843000000.0,,4676000000.0,22540000000,5541000000,,16604000000.0,,22999000000.0,27675000000,16604000000,IBM,Annual,income
2012-12-31,USD,15167000000,29304000000,14137000000,14137000000,8790000000,5463000000,1580000000.0,6377000000,,,,109000000.0,,47000000.0,,1152000000.0,7831000000,1998000000,,5833000000.0,,7940000000.0,9092000000,5833000000,IBM,Quarterly,income
2013-03-31,USD,10678000000,23408000000,12730000000,12730000000,3662000000,5142000000,1644000000.0,7016000000,,,,94000000.0,,60000000.0,,1153000000.0,3606000000,574000000,,3032000000.0,,3700000000.0,4853000000,3032000000,IBM,Quarterly,income
2013-06-30,USD,12132000000,24924000000,12792000000,12792000000,4175000000,6220000000,1548000000.0,7957000000,,,,98000000.0,,91000000.0,,1136000000.0,4144000000,918000000,,3226000000.0,,4242000000.0,5378000000,3226000000,IBM,Quarterly,income
2013-09-30,USD,11429000000,23338000000,11908000000,11908000000,5034000000,4830000000,1356000000.0,6396000000,,,,97000000.0,,62000000.0,,1175000000.0,4972000000,832000000,,4040000000.0,,5069000000.0,6244000000,4041000000,IBM,Quarterly,income
2013-12-31,USD,48684000000,98368000000,49683000000,49683000000,21500000000,21630000000,5743000000.0,28216000000,,,,402000000.0,,327000000.0,,4678000000.0,20244000000,3363000000,,16483000000.0,,20646000000.0,25324000000,16483000000,IBM,Annual,income
2013-12-31,USD,14316000000,27699000000,13383000000,13383000000,7042000000,5494000000,1565000000.0,7274000000,,,,113000000.0,,114000000.0,,1214000000.0,6962000000,778000000,,6185000000.0,,7075000000.0,8289000000,6184000000,IBM,Quarterly,income
2014-03-31,USD,10627000000,22236000000,11608000000,11608000000,3215000000,5787000000,1402000000.0,7413000000,,,,105000000.0,,126000000.0,,1141000000.0,3183000000,653000000,,2384000000.0,,3288000000.0,4429000000,2384000000,IBM,Quarterly,income
2014-06-30,USD,12044000000,24047000000,12003000000,12003000000,5348000000,5085000000,1361000000.0,6696000000,,,,136000000.0,,201000000.0,,1166000000.0,5348000000,1096000000,,4137000000.0,,5484000000.0,6650000000,4136000000,IBM,Quarterly,income
2014-09-30,USD,10874000000,22397000000,11523000000,11523000000,4485000000,4778000000,1354000000.0,6389000000,,,,126000000.0,,103000000.0,,1139000000.0,4361000000,906000000,,3455000000.0,,4487000000.0,5626000000,18000000,IBM,Quarterly,income
2014-12-31,USD,46407000000,92793000000,46386000000,46386000000,20338000000,21165000000,5437000000.0,27541000000,,,,484000000.0,,1938000000.0,,4492000000.0,19986000000,4234000000,,15751000000.0,,20470000000.0,24962000000,12022000000,IBM,Annual,income
2014-12-31,USD,12862000000,24113000000,11251000000,11251000000,5817000000,5515000000,1320000000.0,7045000000,,,,117000000.0,,1508000000.0,,1046000000.0,7095000000,1579000000,,5775000000.0,,7212000000.0,8258000000,5483000000,IBM,Quarterly,income
2015-03-31,USD,9452000000,19590000000,10138000000,10138000000,3048000000,4887000000,1298000000.0,6404000000,,,,108000000.0,,143000000.0,,968000000.0,3001000000,585000000,,2415000000.0,,3109000000.0,4077000000,2327000000,IBM,Quarterly,income
2015-06-30,USD,10390000000,20814000000,10423000000,10423000000,4112000000,4693000000,1300000000.0,6279000000,,,,115000000.0,,301000000.0,,961000000.0,4224000000,698000000,,3526000000.0,,4339000000.0,5300000000,3449000000,IBM,Quarterly,income
2015-09-30,USD,9436000000,19280000000,9844000000,9844000000,3631000000,4318000000,1287000000.0,5805000000,,,,117000000.0,,133000000.0,,936000000.0,3621000000,659000000,,2962000000.0,,3738000000.0,4674000000,2950000000,IBM,Quarterly,income
2015-12-31,USD,40684000000,81742000000,41057000000,41057000000,16508000000,18604000000,5247000000.0,24764000000,,,,468000000.0,,724000000.0,,3855000000.0,15945000000,2581000000,,13364000000.0,,16413000000.0,20268000000,13190000000,IBM,Annual,income
2015-12-31,USD,11406000000,22060000000,10652000000,10652000000,5127000000,4708000000,1362000000.0,6281000000,,,,128000000.0,,147000000.0,,990000000.0,5099000000,638000000,,4461000000.0,,5227000000.0,6217000000,4462000000,IBM,Quarterly,income
2016-03-31,USD,8686000000,18684000000,9999000000,9999000000,1530000000,5468000000,1458000000.0,7155000000,,,,147000000.0,,-253000000.0,,1024000000.0,1034000000,-983000000,,2016000000.0,,1181000000.0,2205000000,2013000000,IBM,Quarterly,income
2016-06-30,USD,9702000000,20239000000,10536000000,10536000000,3279000000,4826000000,1465000000.0,6424000000,,,,167000000.0,,-37000000.0,,1103000000.0,3049000000,544000000,,2505000000.0,,3216000000.0,4319000000,2505000000,IBM,Quarterly,income
2016-09-30,USD,9013000000,19227000000,10213000000,10213000000,3380000000,4287000000,1397000000.0,5634000000,,,,158000000.0,,8000000.0,,1127000000.0,3263000000,409000000,,2854000000.0,,3421000000.0,4548000000,2853000000,IBM,Quarterly,income
2016-12-31,USD,38516000000,79920000000,41403000000,41403000000,14677000000,18952000000,5726000000.0,24878000000,,-522000000.0,108000000.0,630000000.0,,-145000000.0,,4381000000.0,12330000000,449000000,,11881000000.0,,12960000000.0,17341000000,11872000000,IBM,Annual,income
2016-12-31,USD,10893000000,21771000000,10877000000,10877000000,5004000000,4571000000,1431000000.0,5890000000,,,,157000000.0,,137000000.0,,1127000000.0,4985000000,480000000,,4506000000.0,,5142000000.0,6269000000,4501000000,IBM,Quarterly,income
2017-03-31,USD,7944000000,18155000000,10211000000,10211000000,1894000000,4518000000,1484000000.0,6050000000,,,,135000000.0,,28000000.0,,1099000000.0,1424000000,-329000000,,1753000000.0,,1559000000.0,2658000000,1750000000,IBM,Quarterly,income
2017-06-30,USD,8968000000,19289000000,10321000000,10321000000,2881000000,4499000000,1436000000.0,6087000000,,,,147000000.0,,76000000.0,,1117000000.0,2443000000,111000000,,2332000000.0,,2590000000.0,3707000000,2331000000,IBM,Quarterly,income
2017-09-30,USD,8981000000,19153000000,10172000000,10172000000,3399000000,4137000000,1291000000.0,5582000000,,,,168000000.0,,114000000.0,,1176000000.0,3065000000,339000000,,2726000000.0,,3233000000.0,4409000000,2726000000,IBM,Quarterly,income
2017-12-31,USD,36943000000,79139000000,42196000000,42196000000,13139000000,17911000000,5590000000.0,23804000000,,-471000000.0,144000000.0,663000000.0,,216000000.0,,4541000000.0,11400000000,5642000000,,5758000000.0,,12015000000.0,16556000000,5753000000,IBM,Annual,income
2017-12-31,USD,10862000000,22543000000,11681000000,11681000000,4652000000,4662000000,1427000000.0,6210000000,,,,164000000.0,,-2000000.0,,1149000000.0,4469000000,5522000000,,-1053000000.0,,4633000000.0,5782000000,-1055000000,IBM,Quarterly,income
2018-03-31,USD,8247000000,19071000000,10825000000,10825000000,1727000000,4921000000,1405000000.0,6519000000,,,,165000000.0,,-413000000.0,,1114000000.0,1136000000,-540000000,,1676000000.0,,1301000000.0,2415000000,1679000000,IBM,Quarterly,income
2018-06-30,USD,9199000000,20003000000,10804000000,10804000000,3268000000,4301000000,1364000000.0,5931000000,,,,173000000.0,,-280000000.0,,1116000000.0,2776000000,373000000,,2403000000.0,,2949000000.0,4065000000,2403000000,IBM,Quarterly,income
2018-09-30,USD,8803000000,18756000000,9953000000,9953000000,3467000000,3926000000,1252000000.0,5336000000,,,,191000000.0,,-275000000.0,,1138000000.0,2996000000,304000000,,2692000000.0,,3187000000.0,4325000000,2694000000,IBM,Quarterly,income
2018-12-31,USD,36936000000,79591000000,42655000000,42655000000,13217000000,17900000000,5379000000.0,23719000000,,-459000000.0,264000000.0,686000000.0,,-1152000000.0,,4480000000.0,11342000000,2619000000,,8723000000.0,,12065000000.0,16545000000,8728000000,IBM,Annual,income
2018-12-31,USD,10687000000,21760000000,11073000000,11073000000,4824000000,4248000000,1358000000.0,5863000000,,,,193000000.0,,-184000000.0,,1112000000.0,4434000000,2481000000,,1952000000.0,,4627000000.0,5739000000,1951000000,IBM,Quarterly,income
2019-03-31,USD,8043000000,18181000000,10139000000,10139000000,2021000000,4141000000,1433000000.0,6021000000,,-140000000.0,70000000.0,210000000.0,,73000000.0,,1446000000.0,1883000000,289000000,,1594000000.0,,2093000000.0,3539000000,1591000000,IBM,Quarterly,income
2019-06-30,USD,9010000000,19161000000,10151000000,10151000000,2369000000,4923000000,1407000000.0,6641000000,,-181000000.0,167000000.0,348000000.0,,,,1294000000.0,2768000000,269000000,,2499000000.0,,3116000000.0,4410000000,2498000000,IBM,Quarterly,income
2019-09-30,USD,8336000000,18027000000,9692000000,9692000000,1924000000,4354000000,1553000000.0,6411000000,,-369000000.0,63000000.0,432000000.0,,,,1669000000.0,1522000000,-151000000,,1673000000.0,,1954000000.0,3623000000,1672000000,IBM,Quarterly,income
2019-12-31,USD,31533000000,57714000000,26181000000,26181000000,7538000000,17215000000,5910000000.0,23995000000,,-995000000.0,349000000.0,1022000000.0,,968000000.0,,6059000000.0,7206000000,60000000,,9435000000.0,,8550000000.0,14609000000,9431000000,IBM,Annual,income
2019-12-31,USD,11100000000,21777000000,10677000000,10677000000,4266000000,4690000000,1596000000.0,6834000000,,-306000000.0,48000000.0,354000000.0,,,,1650000000.0,3993000000,324000000,,3669000000.0,,4347000000.0,5997000000,3670000000,IBM,Quarterly,income
2020-03-31,USD,7922000000,17570000000,9649000000,9649000000,1187000000,4458000000,1625000000.0,6734000000,,-275000000.0,51000000.0,326000000.0,,-182000000.0,,1634000000.0,-49000000,-1226000000,,1177000000.0,,277000000.0,1911000000,1175000000,IBM,Quarterly,income
2020-06-30,USD,8700000000,18123000000,9423000000,9423000000,2210000000,4394000000,1582000000.0,6490000000,,-300000000.0,23000000.0,323000000.0,,-179000000.0,,1679000000.0,1571000000,209000000,,1362000000.0,,1894000000.0,3573000000,1361000000,IBM,Quarterly,income
2020-09-30,USD,8430000000,17561000000,9130000000,9130000000,2409000000,4011000000,1515000000.0,6022000000,,-308000000.0,15000000.0,323000000.0,,-253000000.0,,1683000000.0,1827000000,129000000,,1699000000.0,,2150000000.0,3833000000,1697000000,IBM,Quarterly,income
2020-12-31,USD,35575000000,73621000000,38046000000,38046000000,6895000000,20308000000,6333000000.0,28680000000,,-1183000000.0,105000000.0,1288000000.0,,-861000000.0,,6695000000.0,4637000000,-864000000,,5501000000.0,,6014000000.0,12709000000,5590000000,IBM,Annual,income
2020-12-31,USD,10523000000,20368000000,9844000000,9844000000,3999000000,4541000000,1611000000.0,6525000000,,-317000000.0,15000000.0,317000000.0,,-247000000.0,,1699000000.0,1289000000,25000000,,1263000000.0,,1606000000.0,3305000000,1355000000,IBM,Quarterly,income
2021-03-31,USD,7027000000,13187000000,6160000000,6160000000,956000000,4005000000,1616000000.0,6071000000,,-280000000.0,14000000.0,280000000.0,,-362000000.0,,1672000000.0,244000000,-159000000,,956000000.0,,524000000.0,2196000000,955000000,IBM,Quarterly,income
2021-06-30,USD,7852000000,14218000000,6366000000,6366000000,1599000000,4095000000,1641000000.0,6253000000,,-270000000.0,11000000.0,281000000.0,,-315000000.0,,1680000000.0,911000000,101000000,,1325000000.0,,1193000000.0,2873000000,1325000000,IBM,Quarterly,income
2021-09-30,USD,7106000000,13251000000,6145000000,6145000000,1336000000,3697000000,1606000000.0,5770000000,,-291000000.0,14000000.0,290000000.0,,-234000000.0,,1684000000.0,813000000,-224000000,,1130000000.0,,1103000000.0,2787000000,1130000000,IBM,Quarterly,income
2021-12-31,USD,31486000000,57351000000,25865000000,25865000000,6832000000,17699000000,6488000000.0,24654000000,,-1103000000.0,52000000.0,1155000000.0,,-873000000.0,,6417000000.0,4837000000,124000000,,4712000000.0,,7021000000.0,13438000000,5742000000,IBM,Annual,income
2021-12-31,USD,9501000000,16695000000,7194000000,7194000000,2974000000,4308000000,1625000000.0,6527000000,,-303000000.0,13000000.0,304000000.0,,38000000.0,,1381000000.0,2869000000,406000000,,2462000000.0,,3172000000.0,4553000000,2332000000,IBM,Quarterly,income
2022-03-31,USD,7335000000,14197000000,6862000000,6862000000,1184000000,3960000000,1679000000.0,6151000000,,-311000000.0,17000000.0,311000000.0,,-246000000.0,,1256000000.0,623000000,-39000000,,662000000.0,,934000000.0,2190000000,733000000,IBM,Quarterly,income
2022-06-30,USD,8290000000,15535000000,7246000000,7246000000,1960000000,4149000000,1673000000.0,6329000000,,-297000000.0,28000000.0,297000000.0,,81000000.0,,1246000000.0,1722000000,257000000,,1465000000.0,,2019000000.0,3265000000,1392000000,IBM,Quarterly,income
2022-09-30,USD,7430000000,14106000000,6677000000,6677000000,1561000000,3819000000,1611000000.0,5868000000,,-295000000.0,53000000.0,295000000.0,,-5755000000.0,,1163000000.0,-4501000000,-1287000000,,-3214000000.0,,-4206000000.0,-3043000000,-3196000000,IBM,Quarterly,income
2022-12-31,USD,32687000000,60530000000,27842000000,27842000000,8174000000,16103000000,6567000000.0,24514000000,,-1216000000.0,162000000.0,1216000000.0,,,,4802000000.0,1156000000,-626000000,,1782000000.0,,2372000000.0,7174000000,1640000000,IBM,Annual,income
2022-12-31,USD,9632000000,16691000000,7058000000,7058000000,3499000000,4175000000,1604000000.0,6134000000,,-313000000.0,64000000.0,313000000.0,,,,1137000000.0,3312000000,444000000,,2869000000.0,,3625000000.0,4762000000,2711000000,IBM,Quarterly,income
2023-03-31,USD,7509000000,14252000000,6743000000,6743000000,1436000000,4035000000,1655000000.0,6073000000,,-367000000.0,170000000.0,367000000.0,,245000000.0,,1074000000.0,1058000000,124000000,,934000000.0,,1425000000.0,2499000000,927000000,IBM,Quarterly,income
2023-06-30,USD,8501000000,15475000000,6974000000,6974000000,2278000000,4159000000,1687000000.0,6223000000,,-423000000.0,201000000.0,423000000.0,,261000000.0,,1077000000.0,2000000000,419000000,,1581000000.0,,2423000000.0,3500000000,1583000000,IBM,Quarterly,income
2023-09-30,USD,8023000000,14752000000,6729000000,6729000000,2104000000,3878000000,1685000000.0,5919000000,,-412000000.0,156000000.0,412000000.0,,,,1093000000.0,1873000000,159000000,,1714000000.0,,2285000000.0,3378000000,1704000000,IBM,Quarterly,income
2023-12-31,USD,34300000000,61860000000,27560000000,27560000000,7514000000,17952000000,6631000000.0,26786000000,,-924000000.0,591000000.0,1607000000.0,,,,4395000000.0,8690000000,1176000000,,7099000000.0,,7514000000.0,7514000000,7502000000,IBM,Annual,income
2023-12-31,USD,10267000000,17380000000,7114000000,7114000000,3995000000,4250000000,1748000000.0,6271000000,,-262000000.0,143000000.0,405000000.0,,,,1152000000.0,3759000000,474000000,,3285000000.0,,4164000000.0,5316000000,3288000000,IBM,Quarterly,income
2024-03-31,USD,7742000000,14461000000,6719000000,6719000000,1563000000,4086000000,1796000000.0,6179000000,,-222000000.0,210000000.0,432000000.0,,,,1131000000.0,1074000000,-502000000,,1575000000.0,,1506000000.0,2637000000,1605000000,IBM,Quarterly,income
2024-06-30,USD,8950000000,15769000000,6820000000,6820000000,2434000000,4293000000,1840000000.0,6515000000,,-210000000.0,217000000.0,427000000.0,,,,1155000000.0,2219000000,389000000,,1830000000.0,,2646000000.0,3801000000,1834000000,IBM,Quarterly,income
2024-09-30,USD,8420000000,14967000000,6548000000,6548000000,2177000000,4032000000,1876000000.0,6242000000,,-259000000.0,170000000.0,429000000.0,,,,1268000000.0,-802000000,-485000000,,-317000000.0,,-373000000.0,895000000,-330000000,IBM,Quarterly,income
2024-12-31,USD,35551000000,62753000000,27201000000,27201000000,10074000000,16737000000,7479000000.0,25478000000,,-965000000.0,747000000.0,1712000000.0,,,,4667000000.0,5797000000,-218000000,,6015000000.0,,7509000000.0,12176000000,6023000000,IBM,Annual,income
2024-12-31,USD,10439000000,17553000000,7114000000,7114000000,3901000000,4325000000,1967000000.0,6538000000,,-274000000.0,150000000.0,424000000.0,,,,1113000000.0,3306000000,379000000,,2927000000.0,,3730000000.0,4843000000,2914000000,IBM,Quarterly,income
2025-03-31,USD,8031000000,14541000000,6510000000,6510000000,1765000000,4023000000,1950000000.0,6266000000,,-264000000.0,191000000.0,455000000.0,,,,1177000000.0,1158000000,103000000,,1054000000.0,,1613000000.0,2790000000,1055000000,IBM,Quarterly,income
2025-06-30,USD,9977000000,16977000000,7001000000,7001000000,3086000000,4322000000,2097000000.0,6890000000,,-338000000.0,172000000.0,510000000.0,,,,1265000000.0,2597000000,404000000,,2193000000.0,,3109000000.0,4374000000,2194000000,IBM,Quarterly,income
2025-09-30,USD,9591000000,16331000000,6740000000,6740000000,2660000000,4478000000,2082000000.0,6931000000,,-342000000.0,150000000.0,492000000.0,,,,1283000000.0,2430000000,686000000,,1744000000.0,,2922000000.0,4205000000,1744000000,IBM,Quarterly,income
2025-12-31,USD,39297000000,67536000000,28239000000,28239000000,12492000000,17012000000,8316000000.0,26805000000,,-1290000000.0,645000000.0,1935000000.0,,,,5021000000.0,10328000000,-242000000,,10571000000.0,,12263000000.0,17284000000,10593000000,IBM,Annual,income
2025-12-31,USD,11928000000,19687000000,7758000000,7758000000,4849000000,4561000000,2187000000.0,7080000000,,-346000000.0,132000000.0,478000000.0,,,,1296000000.0,4144000000,-1435000000,,5579000000.0,,4621000000.0,5917000000,5600000000,IBM,Quarterly,income
2026-03-31,USD,8950000000,15917000000,6967000000,6967000000,1360000000,5089000000,2173000000.0,7590000000,,-321000000.0,152000000.0,473000000.0,,,,1274000000.0,1387000000,172000000,,1216000000.0,,1860000000.0,3134000000,1216000000,IBM,Quarterly,income
2026-06-30,USD,9907000000,17162000000,7255000000,7255000000,2615000000,4981000000,2311000000.0,7292000000,,-400000000.0,86000000.0,486000000.0,,,,-1274000000.0,2479000000,313000000,,2166000000.0,,2963000000.0,2965000000,2165000000,IBM,Quarterly,income
2006-06-30,USD,14447000000,24379000000,9932000000,9932000000,5211000000,5268000000,0.0,9236000000,,,,9439000000.0,,,,883000000.0,5211000000,1727000000,,0.0,,5211000000.0,6094000000,3540000000,JPM,Quarterly,income
2006-09-30,USD,14733000000,25323000000,10590000000,10590000000,4937000000,5390000000,0.0,9796000000,,,,9778000000.0,,,,860000000.0,4937000000,1705000000,,0.0,,4937000000.0,5797000000,3297000000,JPM,Quarterly,income
2006-12-31,USD,58729000000,99864000000,41135000000,41135000000,19886000000,21191000000,,38843000000,,,,37865000000.0,,,,3577000000.0,19886000000,6237000000,,,,19886000000.0,23463000000,14444000000,JPM,Annual,income
2006-12-31,USD,14920000000,27055000000,12135000000,12135000000,5174000000,4985000000,0.0,9746000000,,,,11001000000.0,,,,997000000.0,5174000000,1268000000,,0.0,,5174000000.0,6171000000,4526000000,JPM,Quarterly,income
2007-03-31,USD,17960000000,29486000000,11526000000,11526000000,7332000000,6234000000,0.0,10628000000,,,,10518000000.0,,,,876000000.0,7332000000,2545000000,,0.0,,7332000000.0,8208000000,4787000000,JPM,Quarterly,income
2007-06-30,USD,17379000000,30082000000,12703000000,12703000000,6351000000,6309000000,0.0,11028000000,,,,11174000000.0,,,,927000000.0,6351000000,2117000000,,0.0,,6351000000.0,7278000000,4234000000,JPM,Quarterly,income
2007-09-30,USD,14327000000,28005000000,13678000000,13678000000,5000000000,4677000000,0.0,9327000000,,,,11893000000.0,,,,957000000.0,5000000000,1627000000,,0.0,,5000000000.0,5957000000,3373000000,JPM,Quarterly,income
2007-12-31,USD,64508000000,116353000000,51845000000,51845000000,22805000000,22689000000,,41703000000,,,,44981000000.0,,,,3821000000.0,22805000000,7440000000,,,,22805000000.0,26626000000,15365000000,JPM,Annual,income
2007-12-31,USD,14842000000,28780000000,13938000000,13938000000,4122000000,5469000000,0.0,10720000000,,,,11396000000.0,,,,1061000000.0,4122000000,1151000000,,0.0,,4122000000.0,5183000000,2971000000,JPM,Quarterly,income
2008-03-31,USD,12466000000,26763000000,14297000000,14297000000,3535000000,4951000000,0.0,8931000000,,,,9873000000.0,,,,923000000.0,3535000000,1162000000,,0.0,,3535000000.0,4458000000,2373000000,JPM,Quarterly,income
2008-06-30,USD,14944000000,26634000000,11690000000,11690000000,2767000000,7941000000,0.0,12177000000,,,,8235000000.0,,,,1212000000.0,2767000000,764000000,,0.0,,2767000000.0,3979000000,2003000000,JPM,Quarterly,income
2008-09-30,USD,8950000000,23069000000,14119000000,14119000000,-2187000000,6970000000,0.0,11137000000,,,,8332000000.0,,,,1115000000.0,-2187000000,-2133000000,,0.0,,-2187000000.0,-1072000000,527000000,JPM,Quarterly,income
2008-12-31,USD,46273000000,101491000000,55218000000,55218000000,2773000000,22746000000,,43500000000,,,,34239000000.0,,,,4528000000.0,2773000000,-926000000,,,,2773000000.0,7301000000,5605000000,JPM,Annual,income
2008-12-31,USD,9913000000,25025000000,15112000000,15112000000,-1342000000,5024000000,0.0,11255000000,,,,7799000000.0,,,,1156000000.0,-1342000000,-719000000,,0.0,,-1342000000.0,-186000000,702000000,JPM,Quarterly,income
2009-03-31,USD,16429000000,29584000000,13155000000,13155000000,3056000000,8734000000,0.0,13373000000,,,,4559000000.0,,,,686000000.0,3056000000,915000000,,0.0,,3056000000.0,3742000000,2141000000,JPM,Quarterly,income
2009-06-30,USD,17592000000,29502000000,11910000000,11910000000,4072000000,8073000000,0.0,13520000000,,,,3879000000.0,,,,1063000000.0,4072000000,1351000000,,2721000000.0,,4072000000.0,5135000000,2721000000,JPM,Quarterly,income
2009-09-30,USD,18518000000,30145000000,11627000000,11627000000,5063000000,8451000000,0.0,13455000000,,,,3523000000.0,,,,997000000.0,5063000000,1551000000,,3512000000.0,,5063000000.0,6060000000,3588000000,JPM,Quarterly,income
2009-12-31,USD,68419000000,115632000000,47213000000,47213000000,16067000000,26928000000,0.0,52352000000,,,,15198000000.0,,,,4358000000.0,16067000000,4415000000,,11652000000.0,,16067000000.0,20425000000,10025000000,JPM,Annual,income
2009-12-31,USD,15880000000,26401000000,10521000000,10521000000,3876000000,1670000000,0.0,12004000000,,,,3237000000.0,,,,1087000000.0,3876000000,598000000,,0.0,,3876000000.0,4963000000,3278000000,JPM,Quarterly,income
2010-03-31,USD,20661000000,30806000000,10145000000,10145000000,4537000000,8413000000,0.0,16124000000,,,,3135000000.0,,,,1204000000.0,4537000000,1211000000,,3326000000.0,,4537000000.0,5741000000,3326000000,JPM,Quarterly,income
2010-06-30,USD,21738000000,28133000000,6395000000,6395000000,7107000000,8781000000,0.0,14631000000,,,,3032000000.0,,,,1208000000.0,7107000000,2312000000,,4795000000.0,,7107000000.0,8315000000,4795000000,JPM,Quarterly,income
2010-09-30,USD,20601000000,26928000000,6327000000,6327000000,6203000000,7845000000,0.0,14398000000,,,,3104000000.0,,,,1273000000.0,6203000000,1785000000,,4418000000.0,,6203000000.0,7476000000,4418000000,JPM,Quarterly,income
2010-12-31,USD,86055000000,115475000000,29420000000,29420000000,24859000000,28124000000,0.0,61196000000,,,,12781000000.0,,,,4965000000.0,24859000000,7489000000,,17370000000.0,,24859000000.0,29824000000,16406000000,JPM,Annual,income
2010-12-31,USD,23055000000,29608000000,6553000000,6553000000,7012000000,3085000000,0.0,16043000000,,,,3510000000.0,,,,1288000000.0,7012000000,2181000000,,4831000000.0,,7012000000.0,8300000000,4831000000,JPM,Quarterly,income
2011-03-31,USD,24052000000,28763000000,4711000000,4711000000,8057000000,9463000000,0.0,15995000000,,,,3542000000.0,,,,1274000000.0,8057000000,2502000000,,5555000000.0,,8057000000.0,9331000000,5555000000,JPM,Quarterly,income
2011-06-30,USD,24969000000,30575000000,5606000000,5606000000,8127000000,8786000000,0.0,16842000000,,,,3796000000.0,,,,1278000000.0,8127000000,2696000000,,5431000000.0,,8127000000.0,9405000000,5431000000,JPM,Quarterly,income
2011-09-30,USD,21352000000,27106000000,5754000000,5754000000,5818000000,8156000000,0.0,15534000000,,,,3343000000.0,,,,1265000000.0,5818000000,1556000000,,4262000000.0,,5818000000.0,7083000000,4262000000,JPM,Quarterly,income
2011-12-31,USD,89660000000,110838000000,21178000000,21178000000,26749000000,29037000000,0.0,62911000000,,,,13604000000.0,,,,5105000000.0,26749000000,7773000000,,18976000000.0,,26749000000.0,31854000000,18197000000,JPM,Annual,income
2011-12-31,USD,19287000000,24394000000,5107000000,5107000000,4747000000,2632000000,0.0,14540000000,,,,2923000000.0,,,,1288000000.0,4747000000,1019000000,,3728000000.0,,4747000000.0,6035000000,3728000000,JPM,Quarterly,income
2012-03-31,USD,25326000000,29087000000,3761000000,3761000000,6981000000,8613000000,0.0,18345000000,,,,3035000000.0,,,,1232000000.0,6981000000,2057000000,,4924000000.0,,6981000000.0,8213000000,4924000000,JPM,Quarterly,income
2012-06-30,USD,21966000000,25133000000,3167000000,3167000000,7000000000,7427000000,0.0,14966000000,,,,2953000000.0,,,,1217000000.0,7000000000,2040000000,,4960000000.0,,7000000000.0,8217000000,4960000000,JPM,Quarterly,income
2012-09-30,USD,23357000000,27799000000,4442000000,4442000000,7986000000,7503000000,0.0,15371000000,,,,2653000000.0,,,,1294000000.0,7986000000,2278000000,,5708000000.0,,7986000000.0,9280000000,5708000000,JPM,Quarterly,income
2012-12-31,USD,93646000000,108074000000,14428000000,14428000000,28917000000,30585000000,0.0,64729000000,,,,11043000000.0,,,,5147000000.0,28917000000,7633000000,,36550000000.0,,28917000000.0,34064000000,20530000000,JPM,Annual,income
2012-12-31,USD,22997000000,26165000000,3168000000,3168000000,6950000000,3177000000,0.0,16047000000,,,,2512000000.0,,,,1404000000.0,6950000000,1258000000,,20958000000.0,,6950000000.0,8354000000,5692000000,JPM,Quarterly,income
2013-03-31,USD,24505000000,27554000000,3049000000,3049000000,9082000000,8414000000,0.0,15423000000,,,,2432000000.0,,13427000000.0,,974000000.0,9082000000,2553000000,,11635000000.0,,9082000000.0,10056000000,6529000000,JPM,Quarterly,income
2013-06-30,USD,25164000000,27579000000,2415000000,2415000000,9298000000,8019000000,0.0,15866000000,,,,2368000000.0,,13145000000.0,,1435000000.0,9298000000,2802000000,,12100000000.0,,9298000000.0,10733000000,6496000000,JPM,Quarterly,income
2013-09-30,USD,23660000000,25408000000,1748000000,1748000000,34000000,7325000000,0.0,23626000000,,,,2291000000.0,,13162000000.0,,1651000000.0,34000000,414000000,,448000000.0,,34000000.0,1685000000,-380000000,JPM,Quarterly,income
2013-12-31,USD,97142000000,106717000000,9575000000,9575000000,26675000000,30810000000,0.0,70467000000,,,,9350000000.0,,,,5306000000.0,26675000000,8789000000,,33905000000.0,,26675000000.0,31981000000,17886000000,JPM,Annual,income
2013-12-31,USD,23052000000,25511000000,2459000000,2459000000,7500000000,7052000000,0.0,15552000000,,,,2355000000.0,,,,1246000000.0,7500000000,2222000000,,9722000000.0,,7500000000.0,8746000000,5278000000,JPM,Quarterly,income
2014-03-31,USD,22365000000,25341000000,2976000000,2976000000,7729000000,7859000000,0.0,14636000000,,,,2126000000.0,,,,1208000000.0,7729000000,2460000000,,5274000000.0,,7729000000.0,8937000000,5269000000,JPM,Quarterly,income
2014-06-30,USD,23986000000,26741000000,2755000000,2755000000,8555000000,7610000000,0.0,15431000000,,,,2063000000.0,,,,1218000000.0,8555000000,2575000000,,5985000000.0,,8555000000.0,9773000000,5980000000,JPM,Quarterly,income
2014-09-30,USD,23712000000,26288000000,2576000000,2576000000,7914000000,7831000000,0.0,15798000000,,,,1819000000.0,,,,1147000000.0,7914000000,2349000000,,5572000000.0,,7914000000.0,9061000000,5565000000,JPM,Quarterly,income
2014-12-31,USD,91973000000,103009000000,11036000000,11036000000,30699000000,30160000000,0.0,61274000000,,,,7897000000.0,,,,4759000000.0,30699000000,8954000000,,21762000000.0,,30699000000.0,35458000000,21745000000,JPM,Annual,income
2014-12-31,USD,21672000000,24401000000,2729000000,2729000000,6263000000,6860000000,0.0,15409000000,,,,1889000000.0,,,,1186000000.0,6263000000,1332000000,,4931000000.0,,6263000000.0,7449000000,4931000000,JPM,Quarterly,income
2015-03-31,USD,23107000000,25954000000,2847000000,2847000000,8224000000,8043000000,0.0,14883000000,,,,1888000000.0,,,,1181000000.0,8224000000,2310000000,,5914000000.0,,8224000000.0,9405000000,5914000000,JPM,Quarterly,income
2015-06-30,USD,22877000000,25642000000,2765000000,2765000000,8377000000,7694000000,0.0,14500000000,,,,1830000000.0,,,,1238000000.0,8377000000,2087000000,,6290000000.0,,8377000000.0,9615000000,6290000000,JPM,Quarterly,income
2015-09-30,USD,22098000000,24595000000,2497000000,2497000000,6730000000,7320000000,0.0,15368000000,,,,1815000000.0,,,,1248000000.0,6730000000,-74000000,,6804000000.0,,6730000000.0,7978000000,6804000000,JPM,Quarterly,income
2015-12-31,USD,89716000000,101006000000,11290000000,11290000000,30702000000,29750000000,0.0,59014000000,,43510000000.0,50973000000.0,7463000000.0,,,,4940000000.0,30702000000,6260000000,,24442000000.0,,30702000000.0,35642000000,24442000000,JPM,Annual,income
2015-12-31,USD,21120000000,24301000000,3181000000,3181000000,7371000000,6693000000,0.0,13749000000,,,,1930000000.0,,,,1273000000.0,7371000000,1937000000,,5434000000.0,,7371000000.0,8644000000,5434000000,JPM,Quarterly,income
2016-03-31,USD,21415000000,25411000000,3996000000,3996000000,7578000000,7660000000,0.0,13837000000,,,,2172000000.0,,,,1289000000.0,7578000000,2058000000,,5520000000.0,,7578000000.0,8867000000,5520000000,JPM,Quarterly,income
2016-06-30,USD,22978000000,26846000000,3868000000,3868000000,9340000000,7778000000,0.0,13638000000,,,,2466000000.0,,,,1336000000.0,9340000000,3140000000,,6200000000.0,,9340000000.0,10676000000,6200000000,JPM,Quarterly,income
2016-09-30,USD,23402000000,27140000000,3738000000,3738000000,8939000000,7669000000,0.0,14463000000,,,,2467000000.0,,,,1407000000.0,8939000000,2653000000,,6286000000.0,,8939000000.0,10346000000,6286000000,JPM,Quarterly,income
2016-12-31,USD,91208000000,106387000000,15179000000,15179000000,34536000000,30203000000,0.0,56672000000,,46083000000.0,55901000000.0,9818000000.0,,,,5478000000.0,34536000000,9803000000,,24733000000.0,,34536000000.0,40014000000,24733000000,JPM,Annual,income
2016-12-31,USD,22512000000,26089000000,3577000000,3577000000,8679000000,6872000000,0.0,13833000000,,,,2713000000.0,,,,1446000000.0,8679000000,1952000000,,6727000000.0,,8679000000.0,10125000000,6727000000,JPM,Quarterly,income
2017-03-31,USD,23624000000,27917000000,4293000000,4293000000,8341000000,8256000000,0.0,15283000000,,,,2978000000.0,,,,1464000000.0,8341000000,1893000000,,6448000000.0,,8341000000.0,9805000000,6448000000,JPM,Quarterly,income
2017-06-30,USD,23871000000,28528000000,4657000000,4657000000,9749000000,7757000000,0.0,14122000000,,,,3442000000.0,,,,1504000000.0,9749000000,2720000000,,7029000000.0,,9749000000.0,11253000000,7029000000,JPM,Quarterly,income
2017-09-30,USD,24126000000,29467000000,5341000000,5341000000,9556000000,7697000000,0.0,14570000000,,,,3889000000.0,,,,1579000000.0,9556000000,2824000000,,6732000000.0,,9556000000.0,11135000000,6732000000,JPM,Quarterly,income
2017-12-31,USD,95415000000,114579000000,19164000000,19164000000,35900000000,31208000000,0.0,59515000000,,50097000000.0,64372000000.0,13874000000.0,,,,6179000000.0,35900000000,11459000000,,24441000000.0,,35900000000.0,42079000000,24441000000,JPM,Annual,income
2017-12-31,USD,22845000000,28119000000,5274000000,5274000000,8254000000,7456000000,0.0,14591000000,,,,3966000000.0,,,,1632000000.0,8254000000,4022000000,,4232000000.0,,8254000000.0,9886000000,4232000000,JPM,Quarterly,income
2018-03-31,USD,26742000000,32290000000,5548000000,5548000000,10662000000,8862000000,0.0,16080000000,,,,4383000000.0,,,,1797000000.0,10662000000,1950000000,,8712000000.0,,10662000000.0,12459000000,8712000000,JPM,Quarterly,income
2018-06-30,USD,26543000000,32834000000,6291000000,6291000000,10572000000,8338000000,0.0,15971000000,,,,5081000000.0,,,,1927000000.0,10572000000,2256000000,,8316000000.0,,10572000000.0,12499000000,8316000000,JPM,Quarterly,income
2018-09-30,USD,26312000000,32791000000,6479000000,6479000000,10689000000,8108000000,0.0,15623000000,,,,5531000000.0,,,,1992000000.0,10689000000,2309000000,,8380000000.0,,10689000000.0,12681000000,8380000000,JPM,Quarterly,income
2018-12-31,USD,103912000000,129824000000,25912000000,25912000000,40764000000,33117000000,,63148000000,,55059000000.0,77442000000.0,21041000000.0,,,,7791000000.0,40764000000,8290000000,,32474000000.0,,40764000000.0,48555000000,32474000000,JPM,Annual,income
2018-12-31,USD,24561000000,32793000000,8232000000,8232000000,8841000000,7809000000,0.0,15720000000,,,,6684000000.0,,,,2075000000.0,8841000000,1775000000,,7066000000.0,,8841000000.0,10916000000,7066000000,JPM,Quarterly,income
2019-03-31,USD,27628000000,36059000000,8431000000,8431000000,11233000000,8937000000,,16395000000,,14453000000.0,21894000000.0,6936000000.0,,,,2038000000.0,11233000000,2054000000,,9179000000.0,,11233000000.0,13271000000,9179000000,JPM,Quarterly,income
2019-06-30,USD,27598000000,35952000000,8354000000,8354000000,11342000000,8547000000,,16256000000,,14398000000.0,21603000000.0,7205000000.0,,,,2046000000.0,11342000000,1690000000,,9652000000.0,,11342000000.0,13388000000,9652000000,JPM,Quarterly,income
2019-09-30,USD,27777000000,36184000000,8407000000,8407000000,11405000000,8583000000,,16372000000,,14228000000.0,21121000000.0,6893000000.0,,,,2145000000.0,11405000000,2325000000,,9080000000.0,,11405000000.0,13550000000,9080000000,JPM,Quarterly,income
2019-12-31,USD,110135000000,142515000000,32380000000,32380000000,44866000000,34155000000,,65269000000,,57245000000.0,84040000000.0,26795000000.0,,,,8368000000.0,44866000000,8435000000,,36431000000.0,,44866000000.0,53234000000,36431000000,JPM,Annual,income
2019-12-31,USD,26904000000,34092000000,7188000000,7188000000,10565000000,8088000000,,16339000000,,14166000000.0,19927000000.0,5761000000.0,,,,2139000000.0,10565000000,2045000000,,8520000000.0,,10565000000.0,12704000000,8520000000,JPM,Quarterly,income
2020-03-31,USD,20001000000,32999000000,12998000000,12998000000,3210000000,8895000000,,16791000000,,14439000000.0,19161000000.0,4722000000.0,,,,2197000000.0,3210000000,345000000,,2865000000.0,,3210000000.0,5407000000,2865000000,JPM,Quarterly,income
2020-06-30,USD,22602000000,35330000000,12728000000,12728000000,5660000000,9509000000,,16942000000,,13853000000.0,16112000000.0,2259000000.0,,,,2149000000.0,5660000000,973000000,,4687000000.0,,5660000000.0,7809000000,4687000000,JPM,Quarterly,income
2020-09-30,USD,28644000000,30845000000,2201000000,2201000000,11769000000,8630000000,,16875000000,,13013000000.0,14700000000.0,1687000000.0,,,,2141000000.0,11769000000,2326000000,,9443000000.0,,11769000000.0,13910000000,9443000000,JPM,Quarterly,income
2020-12-31,USD,102471000000,129843000000,27372000000,27372000000,35815000000,34988000000,,66656000000,,54563000000.0,64523000000.0,9960000000.0,,,,8614000000.0,35815000000,6684000000,,29131000000.0,,35815000000.0,44429000000,29131000000,JPM,Annual,income
2020-12-31,USD,31113000000,30558000000,-555000000,-555000000,15065000000,7954000000,,16048000000,,13258000000.0,14550000000.0,1292000000.0,,,,2127000000.0,15065000000,2929000000,,12136000000.0,,15065000000.0,17192000000,12136000000,JPM,Quarterly,income
2021-03-31,USD,36422000000,33632000000,-2790000000,-2790000000,17697000000,10601000000,,18725000000,,12889000000.0,14271000000.0,1382000000.0,,,,2070000000.0,17697000000,3397000000,,14300000000.0,,17697000000.0,19767000000,14300000000,JPM,Quarterly,income
2021-06-30,USD,32764000000,31839000000,-925000000,-925000000,15097000000,9814000000,,17667000000,,12741000000.0,14094000000.0,1353000000.0,,,,2003000000.0,15097000000,3149000000,,11948000000.0,,15097000000.0,17100000000,11948000000,JPM,Quarterly,income
2021-09-30,USD,31174000000,31061000000,-113000000,-113000000,14111000000,9087000000,,17063000000,,13080000000.0,14480000000.0,1400000000.0,,,,1928000000.0,14111000000,2424000000,,11687000000.0,,14111000000.0,16039000000,11687000000,JPM,Quarterly,income
2021-12-31,USD,130905000000,127238000000,-3667000000,-3667000000,59562000000,38567000000,,71343000000,,52311000000.0,57864000000.0,5553000000.0,,,,7932000000.0,59562000000,11228000000,,48334000000.0,,59562000000.0,67494000000,48334000000,JPM,Annual,income
2021-12-31,USD,30545000000,30706000000,161000000,161000000,12657000000,9065000000,,17888000000,,13601000000.0,15019000000.0,1418000000.0,,,,1931000000.0,12657000000,2258000000,,10399000000.0,,12657000000.0,14588000000,10399000000,JPM,Quarterly,income
2022-03-31,USD,29254000000,32342000000,3088000000,3088000000,10063000000,10787000000,,19191000000,,13872000000.0,15496000000.0,1624000000.0,,,,1820000000.0,10063000000,1781000000,,8282000000.0,,10063000000.0,11883000000,8282000000,JPM,Quarterly,income
2022-06-30,USD,29614000000,34227000000,4613000000,4613000000,10865000000,10301000000,,18749000000,,15128000000.0,18646000000.0,3518000000.0,,,,1789000000.0,10865000000,2216000000,,8649000000.0,,10865000000.0,12654000000,8649000000,JPM,Quarterly,income
2022-09-30,USD,31179000000,40795000000,9616000000,9616000000,12001000000,10539000000,,19178000000,,17518000000.0,25611000000.0,8093000000.0,,,,1771000000.0,12001000000,2264000000,,9737000000.0,,12001000000.0,13772000000,9737000000,JPM,Quarterly,income
2022-12-31,USD,121392000000,153824000000,32432000000,32432000000,46166000000,41636000000,,75226000000,,66710000000.0,92807000000.0,26097000000.0,,,,7051000000.0,46166000000,8490000000,,37676000000.0,,46166000000.0,53217000000,37676000000,JPM,Annual,income
2022-12-31,USD,32259000000,34547000000,15115000000,15115000000,11155000000,4908000000,,-19022000000,,20192000000.0,33054000000.0,12862000000.0,,,,1671000000.0,13237000000,2229000000,,11008000000.0,,11155000000.0,12826000000,11008000000,JPM,Quarterly,income
2023-03-31,USD,36074000000,54641000000,18567000000,18567000000,15967000000,11993000000,,20107000000,,20711000000.0,37004000000.0,16293000000.0,,,,1649000000.0,15967000000,3345000000,,12622000000.0,,15967000000.0,17616000000,12622000000,JPM,Quarterly,income
2023-06-30,USD,35696000000,58447000000,22751000000,22751000000,17586000000,11216000000,,18110000000,,21779000000.0,41644000000.0,19865000000.0,,,,507000000.0,17586000000,3114000000,,14472000000.0,,17586000000.0,18093000000,14472000000,JPM,Quarterly,income
2023-09-30,USD,38390000000,61591000000,23201000000,23201000000,16733000000,11726000000,,21657000000,,22726000000.0,44556000000.0,21830000000.0,,,,2019000000.0,16733000000,3582000000,,13151000000.0,,16733000000.0,18752000000,13151000000,JPM,Quarterly,income
2023-12-31,USD,145670000000,236273000000,90603000000,90603000000,61612000000,46465000000,,84058000000,,89267000000.0,170588000000.0,81321000000.0,,,,7512000000.0,61612000000,12060000000,,49552000000.0,,61612000000.0,69124000000,49552000000,JPM,Annual,income
2023-12-31,USD,35849000000,61933000000,26084000000,26084000000,11326000000,11847000000,,24523000000,,24051000000.0,47384000000.0,23333000000.0,,,,3337000000.0,11326000000,2019000000,,9307000000.0,,11326000000.0,14663000000,9307000000,JPM,Quarterly,income
2024-03-31,USD,40050000000,66264000000,26214000000,26214000000,17293000000,13366000000,,22757000000,,23082000000.0,47438000000.0,24356000000.0,,,,2004000000.0,17293000000,3874000000,,13419000000.0,,17293000000.0,19297000000,13419000000,JPM,Quarterly,income
2024-06-30,USD,39039000000,67835000000,28796000000,28796000000,23435000000,12953000000,,15604000000,,22746000000.0,48513000000.0,25767000000.0,,,,2002000000.0,23435000000,5286000000,,18149000000.0,,23435000000.0,25437000000,18149000000,JPM,Quarterly,income
2024-09-30,USD,39543000000,69667000000,30124000000,30124000000,16978000000,12817000000,,22565000000,,23405000000.0,50416000000.0,27011000000.0,,,,1967000000.0,16978000000,4080000000,,12898000000.0,,16978000000.0,18945000000,12898000000,JPM,Quarterly,income
2024-12-31,USD,158785000000,270789000000,112004000000,112004000000,75081000000,51357000000,,83704000000,,92583000000.0,193933000000.0,101350000000.0,,,,7938000000.0,75081000000,16610000000,,58471000000.0,,75081000000.0,83019000000,58471000000,JPM,Annual,income
2024-12-31,USD,40137000000,67007000000,26870000000,26870000000,17375000000,12469000000,,22762000000,,23350000000.0,47566000000.0,24216000000.0,,,,1965000000.0,17375000000,3370000000,,14005000000.0,,17375000000.0,19340000000,14005000000,JPM,Quarterly,income
2025-03-31,USD,42005000000,68907000000,26902000000,26902000000,18408000000,14427000000,2578000000.0,23597000000,,23273000000.0,46853000000.0,23580000000.0,,,,2030000000.0,18408000000,3765000000,,14643000000.0,,18408000000.0,20438000000,14643000000,JPM,Quarterly,income
2025-06-30,USD,42023000000,69914000000,27891000000,27891000000,18284000000,13710000000,,23739000000,,23209000000.0,48241000000.0,25032000000.0,,,,2210000000.0,18284000000,3297000000,,14987000000.0,,18284000000.0,20494000000,14987000000,JPM,Quarterly,income
2025-09-30,USD,43024000000,71903000000,28879000000,28879000000,18743000000,13566000000,2839000000.0,24281000000,,23966000000.0,49439000000.0,25473000000.0,,,,2269000000.0,18743000000,4350000000,,14393000000.0,,18743000000.0,21012000000,14393000000,JPM,Quarterly,income
2025-12-31,USD,167607000000,279745000000,112138000000,112138000000,72595000000,54487000000,,95012000000,,95443000000.0,193341000000.0,97898000000.0,,,,8821000000.0,72595000000,15547000000,,57048000000.0,,72595000000.0,81416000000,57048000000,JPM,Annual,income
2025-12-31,USD,41143000000,69609000000,28466000000,28466000000,17160000000,13118000000,,23983000000,,24995000000.0,48808000000.0,23813000000.0,,,,2312000000.0,17160000000,4135000000,,13025000000.0,,17160000000.0,19472000000,13025000000,JPM,Quarterly,income
2026-03-31,USD,47329000000,73661000000,26332000000,26332000000,20479000000,19807000000,,26850000000,,25366000000.0,49191000000.0,23825000000.0,,,,2364000000.0,20479000000,3985000000,,16494000000.0,,20479000000.0,22843000000,16494000000,JPM,Quarterly,income
2026-06-30,USD,54832000000,82460000000,27628000000,27628000000,27516000000,19748000000,,27316000000,,25511000000.0,50624000000.0,25113000000.0,,,,,27516000000,6361000000,,21155000000.0,,,27516000000,21155000000,JPM,Quarterly,income
2006-06-30,USD,9674000000,11804000000,2130000000,2130000000,3881000000,1110000000,1861000000.0,5793000000,,,,0.0,,,,261000000.0,4258000000,1430000000,,0.0,,3881000000.0,4142000000,2828000000,MSFT,Quarterly,income
2006-09-30,USD,9115000000,10811000000,1696000000,1696000000,4474000000,664000000,1786000000.0,4641000000,,,,0.0,,,,249000000.0,5041000000,1563000000,,0.0,,4474000000.0,4723000000,3478000000,MSFT,Quarterly,income
2006-12-31,USD,8922000000,12542000000,3620000000,3620000000,3472000000,814000000,1637000000.0,5450000000,,,,0.0,,,,365000000.0,3805000000,1179000000,,0.0,,3472000000.0,3837000000,2626000000,MSFT,Quarterly,income
2007-03-31,USD,12258000000,14398000000,2140000000,2140000000,6589000000,983000000,1750000000.0,5669000000,,,,0.0,,,,445000000.0,6971000000,2045000000,,0.0,,6589000000.0,7034000000,4926000000,MSFT,Quarterly,income
2007-06-30,USD,40429000000,51122000000,10693000000,10693000000,18438000000,3329000000,7121000000.0,21991000000,,,,0.0,,,,1440000000.0,20101000000,6036000000,,,,18438000000.0,19878000000,14065000000,MSFT,Annual,income
2007-06-30,USD,10134000000,13371000000,3237000000,3237000000,3989000000,782000000,1948000000.0,6145000000,,,,0.0,,,,381000000.0,4284000000,1249000000,,0.0,,3989000000.0,4370000000,3035000000,MSFT,Quarterly,income
2007-09-30,USD,11087000000,13762000000,2675000000,2675000000,5918000000,718000000,1837000000.0,5169000000,,,,0.0,,,,435000000.0,6216000000,1927000000,,0.0,,5918000000.0,6353000000,4289000000,MSFT,Quarterly,income
2007-12-31,USD,12824000000,16367000000,3543000000,3543000000,6481000000,1066000000,1885000000.0,6343000000,,,,0.0,,,,481000000.0,6820000000,2113000000,,0.0,,6481000000.0,6962000000,4707000000,MSFT,Quarterly,income
2008-03-31,USD,11940000000,14454000000,2514000000,2514000000,4409000000,2341000000,2035000000.0,7531000000,,,,0.0,,,,532000000.0,4810000000,422000000,,0.0,,4409000000.0,4941000000,4388000000,MSFT,Quarterly,income
2008-06-30,USD,48822000000,60420000000,11598000000,11598000000,22271000000,5127000000,8164000000.0,26551000000,,,,106000000.0,,,,2056000000.0,23814000000,6133000000,,,,23920000000.0,25976000000,17681000000,MSFT,Annual,income
2008-06-30,USD,12971000000,15837000000,2866000000,2866000000,5684000000,781000000,2407000000.0,7287000000,,,,106000000.0,,,,608000000.0,5968000000,1671000000,,0.0,,5684000000.0,6292000000,4297000000,MSFT,Quarterly,income
2008-09-30,USD,12213000000,15061000000,2848000000,2848000000,5999000000,887000000,2283000000.0,6214000000,,,,0.0,,,,585000000.0,5991000000,1618000000,,0.0,,5999000000.0,6584000000,4373000000,MSFT,Quarterly,income
2008-12-31,USD,12722000000,16629000000,3907000000,3907000000,5939000000,831000000,2290000000.0,6783000000,,,,0.0,,,,632000000.0,5638000000,1464000000,,0.0,,5939000000.0,6571000000,4174000000,MSFT,Quarterly,income
2009-03-31,USD,10834000000,13648000000,2814000000,2814000000,4438000000,1203000000,2212000000.0,6396000000,,,,0.0,,,,664000000.0,4050000000,1073000000,,0.0,,4438000000.0,5102000000,2977000000,MSFT,Quarterly,income
2009-06-30,USD,46282000000,58437000000,12155000000,12155000000,20363000000,4030000000,9010000000.0,25919000000,,,,38000000.0,,,,2562000000.0,19821000000,5252000000,,,,19859000000.0,22421000000,14569000000,MSFT,Annual,income
2009-06-30,USD,10513000000,13099000000,2586000000,2586000000,3987000000,1399000000,2225000000.0,6526000000,,,,38000000.0,,,,681000000.0,4142000000,1097000000,,0.0,,3987000000.0,4668000000,3045000000,MSFT,Quarterly,income
2009-09-30,USD,10078000000,12920000000,2842000000,2842000000,4482000000,741000000,2065000000.0,5596000000,,,,38000000.0,,283000000.0,,646000000.0,4765000000,1191000000,,3574000000.0,,4803000000.0,5449000000,3574000000,MSFT,Quarterly,income
2009-12-31,USD,15394000000,19022000000,3628000000,3628000000,8513000000,1183000000,2079000000.0,6881000000,,,,38000000.0,,370000000.0,,615000000.0,8883000000,2221000000,,6662000000.0,,8921000000.0,9536000000,6662000000,MSFT,Quarterly,income
2010-03-31,USD,11748000000,14503000000,2755000000,2755000000,5173000000,1152000000,2220000000.0,6575000000,,,,38000000.0,,168000000.0,,694000000.0,5341000000,1335000000,,4006000000.0,,5379000000.0,6073000000,4006000000,MSFT,Quarterly,income
2010-06-30,USD,50089000000,62484000000,12395000000,12395000000,24098000000,4063000000,8714000000.0,25991000000,,,,151000000.0,,915000000.0,,2673000000.0,25013000000,6253000000,,18760000000.0,,25164000000.0,27837000000,18760000000,MSFT,Annual,income
2010-06-30,USD,12869000000,16039000000,3170000000,3170000000,5930000000,928000000,2350000000.0,6880000000,,,,641000000.0,,94000000.0,,718000000.0,6024000000,1506000000,,4518000000.0,,6996000000.0,7714000000,4518000000,MSFT,Quarterly,income
2010-09-30,USD,13056000000,16195000000,3139000000,3139000000,7116000000,938000000,2196000000.0,5940000000,,,,45000000.0,,114000000.0,,694000000.0,7230000000,1820000000,,5410000000.0,,7275000000.0,7969000000,5410000000,MSFT,Quarterly,income
2010-12-31,USD,15120000000,19953000000,4833000000,4833000000,8165000000,945000000,2185000000.0,6955000000,,,,72000000.0,,332000000.0,,663000000.0,8497000000,1863000000,,6634000000.0,,8569000000.0,9232000000,6634000000,MSFT,Quarterly,income
2011-03-31,USD,12531000000,16428000000,3897000000,3897000000,5709000000,1160000000,2269000000.0,6822000000,,,,84000000.0,,316000000.0,,720000000.0,6025000000,793000000,,5232000000.0,,5709000000.0,6429000000,5232000000,MSFT,Quarterly,income
2011-06-30,USD,54366000000,69943000000,15577000000,15577000000,27161000000,4222000000,9043000000.0,27205000000,,,,295000000.0,,910000000.0,,2766000000.0,28071000000,4921000000,,23150000000.0,,28366000000.0,31132000000,23150000000,MSFT,Annual,income
2011-06-30,USD,13659000000,17367000000,3708000000,3708000000,6171000000,1179000000,2393000000.0,7488000000,,,,94000000.0,,148000000.0,,689000000.0,6319000000,445000000,,5874000000.0,,6413000000.0,7102000000,5874000000,MSFT,Quarterly,income
2011-09-30,USD,13595000000,17372000000,3777000000,3777000000,7203000000,1163000000,2329000000.0,6392000000,,,,94000000.0,,103000000.0,,726000000.0,7306000000,1568000000,,5738000000.0,,7400000000.0,8126000000,5738000000,MSFT,Quarterly,income
2011-12-31,USD,15247000000,20885000000,5638000000,5638000000,7994000000,1120000000,2371000000.0,7253000000,,,,95000000.0,,245000000.0,,678000000.0,8239000000,1615000000,,6624000000.0,,8334000000.0,9012000000,6624000000,MSFT,Quarterly,income
2012-03-31,USD,13455000000,17407000000,3952000000,3952000000,6374000000,1150000000,2517000000.0,7081000000,,,,95000000.0,,-11000000.0,,766000000.0,6363000000,1255000000,,5108000000.0,,6458000000.0,7224000000,5108000000,MSFT,Quarterly,income
2012-06-30,USD,56193000000,73723000000,17530000000,17530000000,21763000000,4569000000,9811000000.0,28237000000,,,,380000000.0,,504000000.0,,2967000000.0,22267000000,5289000000,,16978000000.0,,22647000000.0,25614000000,16978000000,MSFT,Annual,income
2012-06-30,USD,13896000000,18059000000,4163000000,4163000000,192000000,1136000000,2594000000.0,7511000000,,,,96000000.0,,167000000.0,,797000000.0,359000000,851000000,,-492000000.0,,1076000000.0,1873000000,-492000000,MSFT,Quarterly,income
2012-09-30,USD,11840000000,16008000000,4168000000,4168000000,5308000000,1127000000,2460000000.0,6532000000,,,,95000000.0,,226000000.0,,710000000.0,5534000000,1068000000,,4466000000.0,,5629000000.0,6339000000,4466000000,MSFT,Quarterly,income
2012-12-31,USD,15764000000,21456000000,5692000000,5692000000,7771000000,1156000000,2528000000.0,7993000000,,,,105000000.0,,-1000000.0,,1009000000.0,7770000000,1393000000,,6377000000.0,,7875000000.0,8884000000,6377000000,MSFT,Quarterly,income
2013-03-31,USD,15702000000,20489000000,4787000000,4787000000,7612000000,1656000000,2640000000.0,8090000000,,,,109000000.0,,-9000000.0,,1053000000.0,7603000000,1548000000,,6055000000.0,,7712000000.0,8765000000,6055000000,MSFT,Quarterly,income
2013-06-30,USD,57464000000,77849000000,20385000000,20385000000,26764000000,5013000000,10411000000.0,30700000000,,,,429000000.0,,288000000.0,,3755000000.0,27052000000,5189000000,,21863000000.0,,27481000000.0,31236000000,21863000000,MSFT,Annual,income
2013-06-30,USD,14294000000,19896000000,5602000000,5602000000,6073000000,1210000000,2783000000.0,8221000000,,,,120000000.0,,72000000.0,,983000000.0,6145000000,1180000000,,4965000000.0,,6265000000.0,7248000000,4965000000,MSFT,Quarterly,income
2013-09-30,USD,13384000000,18529000000,5145000000,5145000000,6334000000,979000000,2767000000.0,7050000000,,,,118000000.0,,74000000.0,,954000000.0,6408000000,1164000000,,5244000000.0,,6526000000.0,7480000000,5244000000,MSFT,Quarterly,income
2013-12-31,USD,16197000000,24519000000,8322000000,8322000000,7969000000,1197000000,2748000000.0,8228000000,,,,135000000.0,,-91000000.0,,1261000000.0,7878000000,1320000000,,6558000000.0,,8013000000.0,9274000000,6558000000,MSFT,Quarterly,income
2014-03-31,USD,14425000000,20403000000,5978000000,5978000000,6974000000,1166000000,2743000000.0,7451000000,,,,175000000.0,,-17000000.0,,1255000000.0,6957000000,1297000000,,5660000000.0,,7132000000.0,8387000000,5660000000,MSFT,Quarterly,income
2014-06-30,USD,59755000000,86833000000,27078000000,27078000000,27759000000,4677000000,11381000000.0,31869000000,,,,597000000.0,,61000000.0,,5212000000.0,27820000000,5746000000,,22074000000.0,,28417000000.0,33629000000,22074000000,MSFT,Annual,income
2014-06-30,USD,15787000000,23382000000,7595000000,7595000000,6482000000,1373000000,3123000000.0,9305000000,,,,169000000.0,,95000000.0,,1742000000.0,6577000000,1965000000,,4612000000.0,,6746000000.0,8488000000,4612000000,MSFT,Quarterly,income
2014-09-30,USD,14928000000,23201000000,8273000000,8273000000,5844000000,1151000000,3065000000.0,7944000000,,,,161000000.0,,52000000.0,,1428000000.0,5896000000,1356000000,,4540000000.0,,6057000000.0,7485000000,4540000000,MSFT,Quarterly,income
2014-12-31,USD,16334000000,26470000000,10136000000,10136000000,7776000000,1097000000,2903000000.0,8558000000,,,,162000000.0,,74000000.0,,1521000000.0,7850000000,1987000000,,5863000000.0,,8012000000.0,9533000000,5863000000,MSFT,Quarterly,income
2015-03-31,USD,14568000000,21729000000,7161000000,7161000000,6594000000,1091000000,2984000000.0,7784000000,,,,211000000.0,,-77000000.0,,1515000000.0,6517000000,1532000000,,4985000000.0,,6728000000.0,8243000000,4985000000,MSFT,Quarterly,income
2015-06-30,USD,60542000000,93580000000,33038000000,33038000000,18161000000,4611000000,12046000000.0,42381000000,,,,781000000.0,,346000000.0,,5957000000.0,18507000000,6314000000,,12193000000.0,,19288000000.0,25245000000,12193000000,MSFT,Annual,income
2015-06-30,USD,14712000000,22180000000,7468000000,7468000000,-2053000000,1272000000,3094000000.0,8327000000,,,,247000000.0,,297000000.0,,1493000000.0,-1756000000,1439000000,,-3195000000.0,,-1509000000.0,-16000000,-3195000000,MSFT,Quarterly,income
2015-09-30,USD,13172000000,20379000000,7207000000,7207000000,5793000000,1084000000,2962000000.0,7379000000,,,,249000000.0,,-280000000.0,,1461000000.0,5513000000,611000000,,4620000000.0,,5762000000.0,7223000000,4902000000,MSFT,Quarterly,income
2015-12-31,USD,13924000000,23796000000,9872000000,9872000000,6026000000,1038000000,2900000000.0,7898000000,,,,309000000.0,,-171000000.0,,1544000000.0,5855000000,837000000,,4998000000.0,,6164000000.0,7708000000,5018000000,MSFT,Quarterly,income
2016-03-31,USD,12809000000,20531000000,7722000000,7722000000,5283000000,1140000000,2980000000.0,7526000000,,,,340000000.0,,-247000000.0,,1707000000.0,5036000000,1280000000,,3756000000.0,,5376000000.0,7083000000,3756000000,MSFT,Quarterly,income
2016-06-30,USD,58374000000,91154000000,32780000000,32780000000,26078000000,4563000000,11988000000.0,32296000000,,-1243000000.0,78000000.0,1243000000.0,,-431000000.0,,6622000000.0,25639000000,5100000000,,16798000000.0,,26882000000.0,33504000000,20539000000,MSFT,Annual,income
2016-06-30,USD,12635000000,20614000000,7979000000,7979000000,3080000000,1301000000,3146000000.0,8445000000,,,,345000000.0,,267000000.0,,1910000000.0,3347000000,225000000,,3424000000.0,,3692000000.0,5602000000,3122000000,MSFT,Quarterly,income
2016-09-30,USD,14084000000,21928000000,7844000000,7844000000,6715000000,1045000000,3106000000.0,7369000000,,,,437000000.0,,100000000.0,,1816000000.0,6827000000,1160000000,,4690000000.0,,7264000000.0,9080000000,5667000000,MSFT,Quarterly,income
2016-12-31,USD,15925000000,25826000000,9901000000,9901000000,7905000000,879000000,3062000000.0,8020000000,,,,521000000.0,,186000000.0,,2166000000.0,8022000000,1755000000,,5200000000.0,,8543000000.0,10709000000,6267000000,MSFT,Quarterly,income
2017-03-31,USD,15152000000,23212000000,8060000000,8060000000,6723000000,1202000000,3355000000.0,8429000000,,,,609000000.0,,322000000.0,,2453000000.0,7094000000,1608000000,,4801000000.0,,7703000000.0,10156000000,5486000000,MSFT,Quarterly,income
2017-06-30,USD,62310000000,96571000000,34261000000,34261000000,29025000000,4481000000,13037000000.0,32979000000,,-2222000000.0,1182000000.0,2222000000.0,,823000000.0,,8778000000.0,29901000000,4412000000,,21204000000.0,,32123000000.0,40901000000,25489000000,MSFT,Annual,income
2017-06-30,USD,17149000000,25605000000,8456000000,8456000000,7682000000,1355000000,3514000000.0,9161000000,,,,655000000.0,,215000000.0,,2343000000.0,7958000000,-111000000,,6513000000.0,,8613000000.0,10956000000,8069000000,MSFT,Quarterly,income
2017-09-30,USD,16260000000,24538000000,8278000000,8278000000,7708000000,1166000000,3574000000.0,8552000000,,,,672000000.0,,276000000.0,,2499000000.0,7984000000,1408000000,,6576000000.0,,8656000000.0,11155000000,6576000000,MSFT,Quarterly,income
2017-12-31,USD,17854000000,28918000000,11064000000,11064000000,8679000000,1109000000,3504000000.0,9175000000,,,,698000000.0,,490000000.0,,2536000000.0,9169000000,15471000000,,-6302000000.0,,9867000000.0,12403000000,-6302000000,MSFT,Quarterly,income
2018-03-31,USD,17550000000,26819000000,9269000000,9269000000,8292000000,1208000000,3715000000.0,9258000000,,,,691000000.0,,349000000.0,,2710000000.0,8641000000,1217000000,,7424000000.0,,9332000000.0,12042000000,7424000000,MSFT,Quarterly,income
2018-06-30,USD,72007000000,110360000000,38353000000,38353000000,35058000000,4754000000,14726000000.0,36949000000,,-2733000000.0,1522000000.0,2733000000.0,,1416000000.0,,10261000000.0,36474000000,19903000000,,16571000000.0,,39207000000.0,49468000000,16571000000,MSFT,Annual,income
2018-06-30,USD,20343000000,30085000000,9742000000,9742000000,10379000000,1271000000,3933000000.0,9964000000,,,,672000000.0,,301000000.0,,2516000000.0,10680000000,1807000000,,8873000000.0,,11352000000.0,13868000000,8873000000,MSFT,Quarterly,income
2018-09-30,USD,19179000000,29084000000,9905000000,9905000000,9955000000,1149000000,3977000000.0,9224000000,,,,674000000.0,,266000000.0,,2837000000.0,10221000000,1397000000,,8824000000.0,,10895000000.0,13732000000,8824000000,MSFT,Quarterly,income
2018-12-31,USD,20048000000,32471000000,12423000000,12423000000,10258000000,1132000000,4070000000.0,9790000000,,,,672000000.0,,127000000.0,,2995000000.0,10385000000,1965000000,,8420000000.0,,11057000000.0,14052000000,8420000000,MSFT,Quarterly,income
2019-03-31,USD,20401000000,30571000000,10170000000,10170000000,10341000000,1179000000,4316000000.0,10060000000,,-671000000.0,,671000000.0,,145000000.0,,2926000000.0,10486000000,1677000000,,8809000000.0,,11157000000.0,14083000000,8809000000,MSFT,Quarterly,income
2019-06-30,USD,82933000000,125843000000,42910000000,42910000000,42959000000,4885000000,16876000000.0,39974000000,,-2686000000.0,812000000.0,2686000000.0,,729000000.0,,11682000000.0,43688000000,4448000000,,39240000000.0,,46374000000.0,58056000000,39240000000,MSFT,Annual,income
2019-06-30,USD,23305000000,33717000000,10412000000,10412000000,12405000000,1425000000,4513000000.0,10900000000,,-669000000.0,321000000.0,669000000.0,,191000000.0,,2924000000.0,12596000000,-591000000,,13187000000.0,,13265000000.0,16189000000,13187000000,MSFT,Quarterly,income
2019-09-30,USD,22649000000,33055000000,10406000000,10406000000,12686000000,1061000000,4565000000.0,9963000000,,-637000000.0,139000000.0,637000000.0,,,,2971000000.0,12686000000,2008000000,,10678000000.0,,13323000000.0,16294000000,10678000000,MSFT,Quarterly,income
2019-12-31,USD,24548000000,36906000000,12358000000,12358000000,13891000000,1121000000,4603000000.0,10657000000,,-654000000.0,281000000.0,654000000.0,,194000000.0,,3203000000.0,14085000000,2436000000,,11649000000.0,,14739000000.0,17942000000,11649000000,MSFT,Quarterly,income
2020-03-31,USD,24046000000,35021000000,10975000000,10975000000,12975000000,1273000000,4887000000.0,11071000000,,-614000000.0,153000000.0,614000000.0,,-132000000.0,,3118000000.0,12843000000,2091000000,,10752000000.0,,13457000000.0,16575000000,10752000000,MSFT,Quarterly,income
2020-06-30,USD,96937000000,143015000000,46078000000,46078000000,52959000000,5111000000,19269000000.0,43978000000,,-2591000000.0,2680000000.0,2591000000.0,,77000000.0,,12796000000.0,53036000000,8755000000,,44281000000.0,,55627000000.0,68423000000,44281000000,MSFT,Annual,income
2020-06-30,USD,25694000000,38033000000,12339000000,12339000000,13407000000,1656000000,5214000000.0,12287000000,,-686000000.0,,686000000.0,,15000000.0,,3504000000.0,13422000000,2220000000,,11202000000.0,,14108000000.0,17612000000,11202000000,MSFT,Quarterly,income
2020-09-30,USD,26152000000,37154000000,11002000000,11002000000,15876000000,1119000000,4926000000.0,10276000000,,-589000000.0,,589000000.0,,248000000.0,,2645000000.0,16124000000,2231000000,,13893000000.0,,16713000000.0,19358000000,13893000000,MSFT,Quarterly,income
2020-12-31,USD,28882000000,43076000000,14194000000,14194000000,17897000000,1139000000,4899000000.0,10985000000,,-26000000.0,545000000.0,571000000.0,,440000000.0,,2761000000.0,18337000000,2874000000,,15463000000.0,,18908000000.0,21669000000,15463000000,MSFT,Quarterly,income
2021-03-31,USD,28661000000,41706000000,13045000000,13045000000,17048000000,1327000000,5204000000.0,11613000000,,-114000000.0,519000000.0,633000000.0,,188000000.0,,2936000000.0,17236000000,1779000000,,15457000000.0,,17869000000.0,20805000000,15457000000,MSFT,Quarterly,income
2021-06-30,USD,115856000000,168088000000,52232000000,52232000000,69916000000,5107000000,20716000000.0,45940000000,,-215000000.0,2131000000.0,2346000000.0,,1186000000.0,,11686000000.0,71102000000,9831000000,,61271000000.0,,73448000000.0,85134000000,61271000000,MSFT,Annual,income
2021-06-30,USD,32161000000,46152000000,13991000000,13991000000,19095000000,1522000000,5687000000.0,13066000000,,-56000000.0,497000000.0,553000000.0,,310000000.0,,3344000000.0,19405000000,2947000000,,16458000000.0,,19958000000.0,23302000000,16458000000,MSFT,Quarterly,income
2021-09-30,USD,31671000000,45317000000,13646000000,13646000000,20238000000,1287000000,5599000000.0,11433000000,,-19000000.0,520000000.0,539000000.0,,286000000.0,,3212000000.0,20524000000,19000000,,20505000000.0,,21063000000.0,24275000000,20505000000,MSFT,Quarterly,income
2021-12-31,USD,34768000000,51728000000,16960000000,16960000000,22247000000,1384000000,5758000000.0,12521000000,,-22000000.0,503000000.0,525000000.0,,268000000.0,,3496000000.0,22515000000,3750000000,,18765000000.0,,23040000000.0,26536000000,18765000000,MSFT,Quarterly,income
2022-03-31,USD,33745000000,49360000000,15615000000,15615000000,20364000000,1480000000,6306000000.0,13381000000,,16000000.0,519000000.0,503000000.0,,-174000000.0,,3773000000.0,20190000000,3462000000,,16728000000.0,,20693000000.0,24466000000,16728000000,MSFT,Quarterly,income
2022-06-30,USD,135620000000,198270000000,62650000000,62650000000,83383000000,5900000000,24512000000.0,52237000000,,31000000.0,2094000000.0,2063000000.0,,333000000.0,,14460000000.0,83716000000,10978000000,,72738000000.0,,85779000000.0,100239000000,72738000000,MSFT,Annual,income
2022-06-30,USD,35436000000,51865000000,16429000000,16429000000,20534000000,1749000000,6849000000.0,14902000000,,56000000.0,552000000.0,496000000.0,,-47000000.0,,3979000000.0,20487000000,3747000000,,16740000000.0,,20983000000.0,24962000000,16740000000,MSFT,Quarterly,income
2022-09-30,USD,34670000000,50122000000,15452000000,15452000000,21518000000,1398000000,6628000000.0,13152000000,,141000000.0,641000000.0,500000000.0,,54000000.0,,3400000000.0,21572000000,4016000000,,17556000000.0,,21518000000.0,24918000000,17556000000,MSFT,Quarterly,income
2022-12-31,USD,35259000000,52747000000,17488000000,17488000000,20399000000,2337000000,6844000000.0,14860000000,,210000000.0,700000000.0,490000000.0,,-60000000.0,,3648000000.0,20339000000,3914000000,,16425000000.0,,20399000000.0,24047000000,16425000000,MSFT,Quarterly,income
2023-03-31,USD,36729000000,52857000000,16128000000,16128000000,22352000000,1643000000,6984000000.0,14377000000,,252000000.0,748000000.0,496000000.0,,321000000.0,,3549000000.0,22673000000,4374000000,,18299000000.0,,23169000000.0,26718000000,18299000000,MSFT,Quarterly,income
2023-06-30,USD,146052000000,211915000000,65863000000,65863000000,88523000000,7575000000,27195000000.0,57529000000,,1026000000.0,1041000000.0,1968000000.0,,,,13861000000.0,89311000000,16950000000,,72361000000.0,,91279000000.0,105140000000,72361000000,MSFT,Annual,income
2023-06-30,USD,39394000000,56189000000,16795000000,16795000000,24254000000,2197000000,6739000000.0,15140000000,,423000000.0,905000000.0,482000000.0,,,,3874000000.0,24727000000,4646000000,,20081000000.0,,24254000000.0,28128000000,20081000000,MSFT,Quarterly,income
2023-09-30,USD,40215000000,56517000000,16302000000,16302000000,26895000000,1474000000,6659000000.0,13320000000,,641000000.0,1166000000.0,525000000.0,,,,3921000000.0,27284000000,4993000000,,22291000000.0,,27809000000.0,31730000000,22291000000,MSFT,Quarterly,income
2023-12-31,USD,42397000000,62020000000,19623000000,19623000000,27032000000,1977000000,7142000000.0,15365000000,,-175000000.0,734000000.0,909000000.0,,,,5959000000.0,26526000000,4656000000,,21870000000.0,,27435000000.0,33394000000,21870000000,MSFT,Quarterly,income
2024-03-31,USD,43353000000,61858000000,18505000000,18505000000,27581000000,1912000000,7653000000.0,15772000000,,-181000000.0,619000000.0,800000000.0,,,,6027000000.0,26727000000,4788000000,,21939000000.0,,27527000000.0,33554000000,21939000000,MSFT,Quarterly,income
2024-06-30,USD,171008000000,245122000000,74114000000,74114000000,109433000000,7609000000,29510000000.0,61575000000,,222000000.0,3157000000.0,2935000000.0,,,,22287000000.0,107787000000,19651000000,,88136000000.0,,110722000000.0,133009000000,88136000000,MSFT,Annual,income
2024-06-30,USD,45043000000,64727000000,19684000000,19684000000,27925000000,2246000000,8056000000.0,17118000000,,-63000000.0,638000000.0,701000000.0,,,,6380000000.0,27250000000,5214000000,,22036000000.0,,27951000000.0,34331000000,22036000000,MSFT,Quarterly,income
2024-09-30,USD,45486000000,65585000000,20099000000,20099000000,30552000000,1673000000,7544000000.0,14934000000,,99000000.0,681000000.0,582000000.0,,,,7383000000.0,30269000000,5602000000,,24667000000.0,,30851000000.0,38234000000,24667000000,MSFT,Quarterly,income
2024-12-31,USD,47833000000,69632000000,21799000000,21799000000,31653000000,1823000000,7917000000.0,16180000000,,6000000.0,600000000.0,594000000.0,,,,6827000000.0,29365000000,5257000000,,24108000000.0,,29959000000.0,36786000000,24108000000,MSFT,Quarterly,income
2025-03-31,USD,48147000000,70066000000,21919000000,21919000000,32000000000,1737000000,8198000000.0,16147000000,,3000000.0,597000000.0,594000000.0,,,,8740000000.0,31377000000,5553000000,,25824000000.0,,31971000000.0,40711000000,25824000000,MSFT,Quarterly,income
2025-06-30,USD,193893000000,281724000000,87831000000,87831000000,128528000000,7223000000,32488000000.0,65365000000,,262000000.0,767000000.0,2385000000.0,,,,34153000000.0,123627000000,21795000000,,101832000000.0,,126012000000.0,160165000000,101832000000,MSFT,Annual,income
2025-06-30,USD,52427000000,76441000000,24014000000,24014000000,34323000000,1990000000,8829000000.0,18104000000,,154000000.0,202000000.0,615000000.0,,,,11203000000.0,32616000000,5383000000,,27233000000.0,,33231000000.0,44434000000,27233000000,MSFT,Quarterly,income
2025-09-30,USD,53630000000,77673000000,24043000000,24043000000,37961000000,1806000000,8146000000.0,15669000000,,278000000.0,976000000.0,698000000.0,,,,13061000000.0,34301000000,6554000000,,27747000000.0,,34999000000.0,48060000000,27747000000,MSFT,Quarterly,income
2025-12-31,USD,55295000000,81273000000,25978000000,25978000000,38275000000,1932000000,8504000000.0,17020000000,,104000000.0,840000000.0,736000000.0,,,,9198000000.0,48246000000,9788000000,,38458000000.0,,48982000000.0,58180000000,38458000000,MSFT,Quarterly,income
2026-03-31,USD,56058000000,82886000000,26828000000,26828000000,38398000000,1931000000,8915000000.0,17660000000,,-48000000.0,730000000.0,778000000.0,,,,10167000000.0,39340000000,7562000000,,31778000000.0,,40118000000.0,50285000000,31778000000,MSFT,Quarterly,income
2026-06-30,USD,225465000000,331839000000,106374000000,106374000000,155237000000,7956000000,35562000000.0,70228000000,,250000000.0,3301000000.0,3051000000.0,,,,38534000000.0,165934000000,32185000000,,133749000000.0,,168985000000.0,207519000000,133749000000,MSFT,Annual,income
2026-06-30,USD,60482000000,90007000000,29525000000,29525000000,40603000000,2287000000,9997000000.0,19879000000,,-84000000.0,755000000.0,839000000.0,,,,6108000000.0,44047000000,8281000000,,35766000000.0,,44886000000.0,50994000000,35766000000,MSFT,Quarterly,income
